# Blender 5.1.1
# www.blender.org
mtllib wp_zubr_.mtl
o Hull
v 0.020038 0.052140 0.274649
v 0.084334 0.017976 -0.273834
v 0.000000 0.011521 -0.273834
v 0.000000 0.068127 -0.286500
v 0.000000 0.052140 0.274649
v 0.084334 0.017976 0.133960
v 0.000000 0.068127 0.069000
v 0.000000 0.011521 0.133960
v 0.000000 0.053442 0.259077
v 0.000000 0.062213 -0.285006
v 0.079926 0.068127 -0.286500
v 0.081587 0.067023 -0.286351
v 0.079924 0.068127 0.069000
v 0.081590 0.067142 0.069613
v 0.056645 0.051992 0.266412
v 0.058801 0.053522 0.258825
v 0.055321 0.053022 0.264774
v 0.083862 0.062551 -0.285092
v 0.084334 0.061593 -0.284850
v 0.083768 0.062213 -0.285006
v 0.084334 0.062792 0.075911
v 0.083830 0.063699 0.074736
v 0.057937 0.047579 0.273217
v 0.058116 0.048492 0.271762
v 0.083892 0.019990 0.149772
v 0.079655 0.024893 0.188340
v 0.082426 0.022449 0.169094
v 0.000000 0.058894 0.188393
v 0.000000 0.061884 0.149756
v 0.000000 0.060389 0.169074
v 0.076920 0.057961 0.188372
v 0.080807 0.060909 0.149756
v 0.079590 0.059403 0.169099
v 0.079124 0.061884 0.149756
v 0.075227 0.058894 0.188387
v 0.077903 0.060387 0.169103
v 0.083052 0.057606 0.149760
v 0.079159 0.054444 0.188345
v 0.081828 0.056028 0.169092
v 0.079656 0.053602 0.188337
v 0.083554 0.056774 0.149761
v 0.082327 0.055191 0.169090
v 0.000000 0.053705 0.255377
v 0.000000 0.055176 0.236374
v 0.068616 0.030992 0.236400
v 0.063340 0.035085 0.255176
v 0.065984 0.055176 0.236377
v 0.060633 0.053777 0.255373
v 0.062699 0.052529 0.255341
v 0.067686 0.054147 0.236385
v 0.065127 0.047826 0.255182
v 0.070406 0.049614 0.236402
v 0.069917 0.050470 0.236398
v 0.064648 0.048706 0.255213
v 0.025575 0.013535 0.149774
v 0.025047 0.017292 0.169070
v 0.026009 0.011521 0.133960
v 0.023207 0.029528 0.236399
v 0.024520 0.020442 0.188343
v 0.022326 0.035085 0.255177
v 0.026009 0.011521 -0.273834
v 0.021072 0.040910 0.273726
v 0.000000 0.013535 0.149774
v 0.000000 0.029528 0.236399
v 0.000000 0.020442 0.188343
v 0.000000 0.017292 0.169070
v 0.020038 0.045376 0.281696
v 0.021072 0.041173 0.270865
v 0.022326 0.035348 0.252315
v 0.023207 0.029791 0.233538
v 0.000000 0.045376 0.281696
v 0.000000 0.041173 0.270865
v 0.000000 0.035348 0.252315
v 0.000000 0.029791 0.233538
v 0.020038 0.045654 0.283795
v 0.020051 0.045135 0.283630
v 0.057264 0.046254 0.275296
v 0.054016 0.045323 0.275931
v 0.055507 0.045326 0.275349
v 0.000000 0.045198 0.283635
v 0.000000 0.045654 0.283796
v 0.063422 0.033801 0.254882
v 0.061578 0.053944 0.253099
v 0.063222 0.052699 0.253353
v 0.000000 0.053880 0.253112
v 0.066494 0.048288 0.250322
v 0.065429 0.048967 0.252424
v 0.022340 0.033778 0.254882
v 0.022340 0.035261 0.252021
v 0.000000 0.035261 0.252021
v 0.063562 0.055176 0.236377
v 0.043214 0.055176 0.236376
v 0.043172 0.057023 0.212533
v 0.063350 0.057020 0.212576
v -0.020038 0.052140 0.274649
v -0.084334 0.017976 -0.273834
v -0.084334 0.017976 0.133960
v -0.079926 0.068127 -0.286500
v -0.081587 0.067023 -0.286351
v -0.079924 0.068127 0.069000
v -0.081590 0.067142 0.069613
v -0.056645 0.051992 0.266412
v -0.058801 0.053522 0.258825
v -0.055321 0.053022 0.264774
v -0.083862 0.062551 -0.285092
v -0.084334 0.061593 -0.284850
v -0.083768 0.062213 -0.285006
v -0.084334 0.062792 0.075911
v -0.083830 0.063699 0.074736
v -0.057937 0.047579 0.273217
v -0.058116 0.048492 0.271762
v -0.083892 0.019990 0.149772
v -0.079655 0.024893 0.188340
v -0.082426 0.022449 0.169094
v -0.076920 0.057961 0.188372
v -0.080807 0.060909 0.149756
v -0.079590 0.059403 0.169099
v -0.079124 0.061884 0.149756
v -0.075227 0.058894 0.188387
v -0.077903 0.060387 0.169103
v -0.083052 0.057606 0.149760
v -0.079159 0.054444 0.188345
v -0.081828 0.056028 0.169092
v -0.079656 0.053602 0.188337
v -0.083554 0.056774 0.149761
v -0.082327 0.055191 0.169090
v -0.068616 0.030992 0.236400
v -0.063340 0.035085 0.255176
v -0.065984 0.055176 0.236377
v -0.060633 0.053777 0.255373
v -0.062699 0.052529 0.255341
v -0.067686 0.054147 0.236385
v -0.065127 0.047826 0.255182
v -0.070406 0.049614 0.236402
v -0.069917 0.050470 0.236398
v -0.064648 0.048706 0.255213
v -0.025575 0.013535 0.149774
v -0.025047 0.017292 0.169070
v -0.026009 0.011521 0.133960
v -0.023207 0.029528 0.236399
v -0.024520 0.020442 0.188343
v -0.022326 0.035085 0.255177
v -0.026009 0.011521 -0.273834
v -0.021072 0.040910 0.273726
v -0.020038 0.045376 0.281696
v -0.021072 0.041173 0.270865
v -0.022326 0.035348 0.252315
v -0.023207 0.029791 0.233538
v -0.020038 0.045654 0.283795
v -0.020051 0.045135 0.283630
v -0.057264 0.046254 0.275296
v -0.054016 0.045323 0.275931
v -0.055507 0.045326 0.275349
v -0.063422 0.033801 0.254882
v -0.061578 0.053944 0.253099
v -0.063222 0.052699 0.253353
v -0.066494 0.048288 0.250322
v -0.065429 0.048967 0.252424
v -0.022340 0.033778 0.254882
v -0.022340 0.035261 0.252021
v -0.063562 0.055176 0.236377
v -0.043214 0.055176 0.236376
v -0.043172 0.057023 0.212533
v -0.063350 0.057020 0.212576
vn 0.0551 -0.9985 -0.0000
vn -0.0000 -0.9980 0.0633
vn -0.0000 -1.0000 -0.0000
vn 0.5012 0.8648 0.0284
vn 0.7277 0.6858 -0.0001
vn 0.5535 0.8329 -0.0000
vn -0.0000 1.0000 -0.0000
vn -0.0000 0.9993 0.0384
vn -0.0012 0.9971 0.0764
vn -0.0004 0.9965 0.0836
vn -0.0001 0.9962 0.0869
vn 0.0275 -0.2519 -0.9673
vn 0.0086 -0.2368 -0.9715
vn 0.0035 -0.2502 -0.9682
vn 0.8389 0.5436 0.0267
vn 0.9654 0.2606 -0.0008
vn 0.8936 0.4489 -0.0007
vn 1.0000 -0.0000 -0.0000
vn 0.9596 0.2804 0.0225
vn 0.9998 0.0098 0.0145
vn -0.0000 -0.2449 -0.9696
vn -0.0008 -0.2401 -0.9707
vn 0.6801 0.7326 0.0274
vn 0.0836 -0.9862 0.1432
vn 0.0423 -0.9835 0.1759
vn 0.0972 -0.9851 0.1421
vn 0.0503 -0.9864 0.1567
vn 0.1091 -0.9854 0.1310
vn 0.4996 0.8621 0.0852
vn 0.6843 0.7184 0.1248
vn 0.6807 0.7280 0.0817
vn 0.5003 0.8580 0.1163
vn 0.6775 0.7161 0.1679
vn -0.0000 0.9970 0.0772
vn -0.0000 0.9970 0.0771
vn 0.8475 0.4989 0.1811
vn 0.8397 0.5277 0.1280
vn 0.8389 0.5136 0.1802
vn 0.8539 0.5151 0.0743
vn 0.8399 0.5377 0.0742
vn 0.9838 0.0011 0.1791
vn 0.9950 0.0021 0.0995
vn 0.9847 -0.0105 0.1739
vn 0.9946 0.0053 0.1039
vn 0.9992 0.0097 0.0400
vn 0.9988 0.0092 0.0487
vn -0.0000 0.9993 0.0386
vn 0.0243 -0.9843 0.1746
vn 0.0133 -0.9811 0.1931
vn 0.0466 -0.9858 0.1616
vn 0.7331 0.6338 0.2467
vn 0.5101 0.8397 0.1862
vn 0.5503 0.8032 0.2280
vn -0.0005 0.9973 0.0736
vn -0.0000 0.9972 0.0747
vn -0.0000 0.9970 0.0769
vn 0.8495 0.4497 0.2760
vn 0.8412 0.4466 0.3050
vn 0.8438 0.4581 0.2795
vn 0.9561 -0.1127 0.2704
vn 0.9694 -0.0816 0.2317
vn 0.9714 -0.0934 0.2183
vn 0.6921 0.6883 0.2173
vn -0.0000 0.9973 0.0741
vn -0.0011 0.9973 0.0730
vn -0.0000 0.9970 0.0773
vn 0.4788 0.8654 0.1481
vn 0.8319 0.4500 0.3248
vn 0.5912 0.7491 0.2989
vn 0.8196 0.4667 0.3323
vn 0.8361 0.4930 0.2405
vn 0.8424 0.4820 0.2410
vn 0.0340 -0.9851 0.1685
vn 0.1098 -0.9919 0.0642
vn 0.0553 -0.9964 0.0638
vn -0.0000 -0.9873 0.1588
vn -0.9937 -0.1115 -0.0102
vn -0.9855 -0.1688 -0.0155
vn -0.9976 -0.0643 -0.0238
vn -0.0000 0.9958 0.0915
vn -0.9995 -0.0303 -0.0130
vn -0.9976 -0.0625 -0.0314
vn -0.0000 -0.9848 0.1736
vn -0.0000 -0.9843 0.1762
vn -0.0000 -0.9323 0.3618
vn -0.0000 -0.9437 0.3309
vn -0.0000 -0.9442 0.3293
vn -0.0000 -0.9565 0.2917
vn -0.0000 -0.9566 0.2914
vn -0.0000 -0.9589 0.2837
vn -0.0000 -0.9589 0.2838
vn 0.4711 0.8283 0.3034
vn 0.7070 0.6224 0.3357
vn -0.0000 -0.2301 -0.9732
vn 0.0056 -0.2212 -0.9752
vn 0.2725 -0.3359 0.9016
vn 0.2337 -0.1625 0.9586
vn 0.3074 -0.5365 0.7859
vn 0.1034 -0.2990 0.9486
vn 0.1105 -0.2998 0.9476
vn -0.0000 -0.3310 0.9436
vn 0.0955 -0.9120 0.3989
vn 0.1012 -0.9308 0.3513
vn 0.1119 -0.9456 0.3055
vn -0.0000 -0.9956 -0.0935
vn -0.0030 -0.9926 -0.1217
vn -0.0031 -0.9923 -0.1237
vn -0.9814 -0.1910 -0.0175
vn -0.9806 -0.1950 -0.0179
vn 0.0943 0.8427 0.5301
vn 0.0848 0.8447 0.5285
vn 0.1317 0.8165 0.5621
vn -0.0000 0.8157 0.5785
vn 0.9332 -0.1474 0.3277
vn 0.6199 -0.7631 0.1827
vn 0.6804 -0.6929 0.2387
vn 0.0682 -0.9306 0.3597
vn 0.0487 -0.9207 0.3873
vn -0.9930 -0.1176 -0.0120
vn -0.9927 -0.1201 -0.0110
vn 0.9019 -0.0779 0.4250
vn 0.4965 0.8143 0.3008
vn 0.0001 -0.2238 0.9746
vn -0.0000 -0.2203 0.9754
vn -0.0551 -0.9985 -0.0000
vn -0.7277 0.6858 -0.0001
vn -0.5012 0.8648 0.0284
vn -0.5535 0.8329 -0.0000
vn 0.0008 0.9964 0.0842
vn -0.0001 0.9970 0.0772
vn 0.0013 0.9971 0.0764
vn -0.0275 -0.2519 -0.9674
vn -0.0035 -0.2502 -0.9682
vn -0.0086 -0.2368 -0.9715
vn -0.9654 0.2606 -0.0008
vn -0.8389 0.5436 0.0267
vn -0.8936 0.4489 -0.0007
vn -1.0000 -0.0000 -0.0000
vn -0.9596 0.2804 0.0225
vn 0.0008 -0.2401 -0.9707
vn -0.6801 0.7326 0.0274
vn -0.0836 -0.9862 0.1432
vn -0.0423 -0.9835 0.1759
vn -0.0340 -0.9851 0.1685
vn -0.0972 -0.9851 0.1421
vn -0.0503 -0.9864 0.1567
vn -0.6843 0.7184 0.1248
vn -0.4996 0.8621 0.0852
vn -0.6807 0.7280 0.0817
vn -0.6775 0.7161 0.1679
vn -0.5003 0.8580 0.1163
vn -0.8397 0.5277 0.1280
vn -0.8475 0.4989 0.1811
vn -0.8389 0.5136 0.1802
vn -0.8539 0.5151 0.0743
vn -0.8520 0.5076 0.1281
vn -0.9950 0.0021 0.0995
vn -0.9838 0.0011 0.1791
vn -0.9847 -0.0105 0.1739
vn -0.9992 0.0097 0.0400
vn -0.9946 0.0053 0.1039
vn -0.8399 0.5377 0.0742
vn -0.9998 0.0098 0.0145
vn -0.0243 -0.9843 0.1746
vn -0.0133 -0.9811 0.1931
vn -0.0005 -0.9746 0.2241
vn -0.5101 0.8397 0.1862
vn -0.7331 0.6338 0.2467
vn -0.5503 0.8032 0.2280
vn 0.0005 0.9973 0.0736
vn -0.8412 0.4466 0.3050
vn -0.8495 0.4497 0.2760
vn -0.8438 0.4581 0.2795
vn -0.9561 -0.1127 0.2704
vn -0.9694 -0.0816 0.2317
vn -0.9372 -0.0928 0.3363
vn -0.6921 0.6883 0.2173
vn 0.0011 0.9973 0.0730
vn -0.4788 0.8654 0.1481
vn -0.8319 0.4500 0.3248
vn -0.5922 0.7529 0.2871
vn -0.7062 0.6227 0.3371
vn -0.8361 0.4930 0.2405
vn -0.8424 0.4820 0.2410
vn -0.8196 0.4667 0.3323
vn -0.0466 -0.9858 0.1616
vn -0.1098 -0.9919 0.0642
vn -0.0553 -0.9964 0.0638
vn -0.1091 -0.9854 0.1310
vn 0.9937 -0.1115 -0.0102
vn 0.9855 -0.1688 -0.0155
vn 0.9814 -0.1910 -0.0175
vn 0.9995 -0.0303 -0.0130
vn 0.9976 -0.0643 -0.0238
vn -0.3952 0.8801 0.2631
vn -0.5233 0.7695 0.3660
vn -0.0056 -0.2212 -0.9752
vn -0.2725 -0.3359 0.9016
vn -0.3074 -0.5365 0.7859
vn -0.2337 -0.1625 0.9586
vn -0.1034 -0.2990 0.9486
vn -0.1105 -0.2998 0.9476
vn -0.0000 -0.3315 0.9435
vn -0.0955 -0.9120 0.3989
vn -0.0854 -0.8966 0.4344
vn -0.1012 -0.9308 0.3513
vn 0.0030 -0.9926 -0.1217
vn 0.0031 -0.9923 -0.1237
vn 0.9806 -0.1950 -0.0179
vn -0.1058 0.8350 0.5399
vn -0.1186 0.8169 0.5645
vn -0.1116 0.8557 0.5052
vn -0.8016 -0.5854 0.1218
vn -0.7554 -0.6232 0.2023
vn -0.9327 -0.1475 0.3290
vn -0.0081 -0.8953 0.4453
vn -0.0658 -0.9311 0.3588
vn 0.9930 -0.1176 -0.0120
vn 0.9976 -0.0625 -0.0314
vn -0.9019 -0.0779 0.4250
vn -0.4965 0.8143 0.3008
vn -0.0001 -0.2238 0.9746
vn -0.0000 -0.2202 0.9755
vn -0.0018 0.9966 0.0828
vn -0.0000 -0.1341 -0.9910
vn 0.8520 0.5076 0.1281
vn 0.0005 -0.9746 0.2241
vn -0.0000 0.9971 0.0756
vn -0.0000 0.4323 0.9017
vn 0.9372 -0.0928 0.3363
vn 0.8558 0.3841 0.3465
vn 0.1100 -0.9939 -0.0000
vn -0.0000 -0.9826 0.1858
vn 0.3496 0.8942 0.2797
vn -0.0000 -0.2152 -0.9766
vn 0.0271 -0.2448 -0.9692
vn -0.0000 -0.9958 -0.0915
vn 0.1075 0.8280 0.5504
vn -0.0427 0.8486 0.5273
vn -0.0395 0.8312 0.5546
vn 0.1401 0.8077 0.5727
vn 0.9226 0.1109 0.3694
vn -0.0000 -0.8917 0.4527
vn 0.0018 0.9966 0.0828
vn -0.9988 0.0092 0.0487
vn -0.9714 -0.0934 0.2183
vn -0.8558 0.3841 0.3465
vn -0.1100 -0.9939 -0.0000
vn -0.0271 -0.2448 -0.9692
vn -0.0313 0.8409 0.5402
vn 0.0427 0.8486 0.5273
vn -0.1181 0.8100 0.5744
vn -0.1082 0.8786 0.4651
vn -0.4214 -0.8203 -0.3866
vn -0.1979 -0.8409 0.5037
vn 0.9927 -0.1201 -0.0110
vt 0.282389 0.215038
vt 0.289968 0.056223
vt 0.292508 0.214876
vt 0.238905 0.084096
vt 0.239583 0.220062
vt 0.238816 0.220116
vt 0.207434 0.220122
vt 0.245828 0.016500
vt 0.228548 0.002618
vt 0.235443 0.005568
vt 0.240364 0.222374
vt 0.240549 0.222762
vt 0.240327 0.222511
vt 0.241206 0.082016
vt 0.241919 0.219493
vt 0.241512 0.219582
vt 0.259034 0.215196
vt 0.241601 0.081581
vt 0.257969 0.060990
vt 0.239472 0.220548
vt 0.239636 0.083886
vt 0.255703 0.041784
vt 0.277357 0.043876
vt 0.256445 0.048563
vt 0.278784 0.051461
vt 0.257271 0.055343
vt 0.241826 0.054951
vt 0.243326 0.048151
vt 0.242525 0.055024
vt 0.242645 0.048039
vt 0.244002 0.041365
vt 0.243347 0.041217
vt 0.214879 0.041364
vt 0.216759 0.034188
vt 0.213159 0.048596
vt 0.245764 0.041600
vt 0.244739 0.048292
vt 0.245429 0.041556
vt 0.244301 0.055139
vt 0.243954 0.055118
vt 0.245078 0.048325
vt 0.208042 0.081038
vt 0.253445 0.019078
vt 0.269171 0.017072
vt 0.254152 0.025250
vt 0.246567 0.018866
vt 0.245220 0.024588
vt 0.245859 0.018751
vt 0.244444 0.024306
vt 0.222934 0.015979
vt 0.247963 0.019422
vt 0.248411 0.018526
vt 0.248208 0.020190
vt 0.247645 0.025062
vt 0.245876 0.024769
vt 0.225718 0.009243
vt 0.245874 0.017879
vt 0.235032 0.029934
vt 0.241894 0.032061
vt 0.248087 0.018448
vt 0.246434 0.013694
vt 0.248252 0.012070
vt 0.247309 0.025007
vt 0.275588 0.036359
vt 0.279655 0.057576
vt 0.288962 0.049645
vt 0.196996 0.257179
vt 0.196958 0.250179
vt 0.197595 0.258269
vt 0.200162 0.265867
vt 0.202509 0.267621
vt 0.202260 0.267880
vt 0.196429 0.257582
vt 0.197607 0.258389
vt 0.285236 0.033550
vt 0.287311 0.041545
vt 0.197195 0.245417
vt 0.206314 0.249822
vt 0.206003 0.259233
vt 0.205989 0.259349
vt 0.246652 0.018168
vt 0.207435 0.222517
vt 0.217642 0.242889
vt 0.247429 0.265197
vt 0.247779 0.263898
vt 0.247817 0.264523
vt 0.247474 0.250782
vt 0.247678 0.250786
vt 0.247180 0.243247
vt 0.258055 0.000178
vt 0.260195 0.003520
vt 0.249779 0.009918
vt 0.205613 0.243247
vt 0.196872 0.244627
vt 0.196429 0.249083
vt 0.245917 0.265824
vt 0.242580 0.265383
vt 0.242580 0.243611
vt 0.246991 0.243259
vt 0.248850 0.010649
vt 0.249534 0.010466
vt 0.264172 0.009462
vt 0.200900 0.266159
vt 0.253117 0.018851
vt 0.225397 0.010005
vt 0.264478 0.009771
vt 0.124548 0.056222
vt 0.132123 0.215037
vt 0.122004 0.214875
vt 0.174930 0.220063
vt 0.175610 0.084096
vt 0.175696 0.220117
vt 0.207078 0.220123
vt 0.179073 0.005568
vt 0.188268 0.007996
vt 0.168689 0.016500
vt 0.174148 0.222374
vt 0.174185 0.222511
vt 0.173963 0.222763
vt 0.172593 0.219493
vt 0.173309 0.082017
vt 0.173000 0.219583
vt 0.155478 0.215196
vt 0.172914 0.081581
vt 0.175040 0.220549
vt 0.174879 0.083886
vt 0.158813 0.041784
vt 0.137159 0.043876
vt 0.138928 0.036358
vt 0.158070 0.048563
vt 0.135732 0.051461
vt 0.171190 0.048151
vt 0.172690 0.054952
vt 0.171991 0.055024
vt 0.170514 0.041365
vt 0.171870 0.048040
vt 0.199637 0.041365
vt 0.171169 0.041217
vt 0.197757 0.034188
vt 0.201357 0.048597
vt 0.169777 0.048293
vt 0.168752 0.041601
vt 0.169087 0.041557
vt 0.170214 0.055140
vt 0.169437 0.048325
vt 0.170562 0.055118
vt 0.156546 0.060991
vt 0.206473 0.081039
vt 0.161072 0.019078
vt 0.145346 0.017072
vt 0.150038 0.009771
vt 0.169296 0.024588
vt 0.167949 0.018866
vt 0.168658 0.018752
vt 0.191582 0.015980
vt 0.170072 0.024306
vt 0.166105 0.018526
vt 0.166554 0.019422
vt 0.166308 0.020190
vt 0.160364 0.025250
vt 0.168640 0.024770
vt 0.188799 0.009244
vt 0.168642 0.017879
vt 0.179484 0.029934
vt 0.166429 0.018448
vt 0.168082 0.013694
vt 0.167864 0.018168
vt 0.167207 0.025007
vt 0.166871 0.025062
vt 0.166264 0.012070
vt 0.134860 0.057576
vt 0.157244 0.055343
vt 0.195506 0.257179
vt 0.195543 0.250179
vt 0.196072 0.249083
vt 0.189992 0.267621
vt 0.192339 0.265867
vt 0.190242 0.267880
vt 0.196072 0.257582
vt 0.194906 0.258269
vt 0.129279 0.033549
vt 0.127204 0.041544
vt 0.125554 0.049645
vt 0.186187 0.249822
vt 0.195306 0.245417
vt 0.186499 0.259233
vt 0.186512 0.259349
vt 0.194895 0.258389
vt 0.168852 0.014081
vt 0.196870 0.242890
vt 0.207077 0.222518
vt 0.241834 0.243874
vt 0.242223 0.244548
vt 0.242185 0.245173
vt 0.241879 0.258289
vt 0.242084 0.258285
vt 0.241586 0.265824
vt 0.241397 0.265812
vt 0.156462 0.000178
vt 0.164737 0.009918
vt 0.154321 0.003520
vt 0.186889 0.243247
vt 0.195629 0.244627
vt 0.237699 0.257717
vt 0.237810 0.243332
vt 0.236985 0.265460
vt 0.164982 0.010466
vt 0.165898 0.011529
vt 0.161399 0.018851
vt 0.150345 0.009462
vt 0.191601 0.266159
vt 0.189119 0.010005
vt 0.245665 0.014081
vt 0.226248 0.007995
vt 0.237828 0.021849
vt 0.248618 0.011529
vt 0.278505 0.013878
vt 0.205751 0.244147
vt 0.207434 0.242889
vt 0.240544 0.240430
vt 0.246550 0.265631
vt 0.243404 0.265739
vt 0.243294 0.251354
vt 0.185968 0.002619
vt 0.176688 0.021849
vt 0.172622 0.032062
vt 0.136012 0.013878
vt 0.186751 0.244147
vt 0.207077 0.242890
vt 0.173967 0.240430
vt 0.240323 0.243247
vt 0.240956 0.243440
vt 0.236985 0.243688
vt 0.165666 0.010649
s 1
f 61/1/1 8/2/2 3/3/3
f 13/4/4 12/5/5 11/6/6
f 4/7/7 13/4/8 11/6/7
f 16/8/9 5/9/10 1/10/11
f 18/11/12 19/12/13 20/13/14
f 22/14/15 19/15/16 18/16/17
f 2/17/18 21/18/19 6/19/20
f 4/7/21 12/20/22 20/13/14
f 18/16/17 14/21/23 22/14/15
f 26/22/24 56/23/25 27/24/26
f 27/24/26 55/25/27 25/26/28
f 34/27/29 33/28/30 32/29/31
f 36/30/32 31/31/33 33/28/30
f 35/32/34 30/33/34 28/34/34
f 36/30/34 29/35/35 30/33/34
f 40/36/36 39/37/37 38/38/38
f 39/37/37 41/39/39 37/40/40
f 26/22/41 42/41/42 40/36/43
f 27/24/44 41/39/45 42/41/42
f 38/38/38 33/28/30 31/31/33
f 33/28/30 37/40/40 32/29/31
f 6/19/20 41/39/45 25/26/46
f 7/42/47 34/27/35 13/4/8
f 34/27/29 14/21/23 13/4/4
f 22/14/15 32/29/31 37/40/40
f 37/40/40 21/18/19 22/14/15
f 82/43/48 58/44/49 45/45/50
f 84/46/51 47/47/52 83/48/53
f 83/48/54 91/49/55 44/50/56
f 87/51/57 51/52/58 86/53/59
f 86/53/60 45/45/61 52/54/62
f 87/51/57 50/55/63 84/46/51
f 43/56/64 16/8/9 48/57/65
f 35/32/34 93/58/66 94/59/66
f 40/36/43 45/45/61 26/22/41
f 35/32/67 50/55/63 31/31/33
f 54/60/68 15/61/69 24/62/70
f 31/31/33 53/63/71 38/38/38
f 38/38/38 52/54/72 40/36/36
f 24/62/70 51/52/58 54/60/68
f 59/64/73 45/45/50 58/44/49
f 61/1/1 6/19/74 57/65/75
f 57/65/75 25/26/28 55/25/27
f 8/2/2 55/25/27 63/66/76
f 60/67/77 68/68/78 69/69/79
f 58/70/80 74/71/80 64/72/80
f 88/73/81 69/69/79 89/74/82
f 58/44/49 65/75/83 59/64/73
f 59/64/73 66/76/84 56/23/25
f 56/23/25 63/66/76 55/25/27
f 67/77/85 72/78/86 68/68/87
f 68/68/87 73/79/88 69/69/89
f 69/69/89 90/80/90 89/74/91
f 16/8/92 15/61/69 49/81/93
f 10/82/94 19/12/13 61/83/95
f 77/84/96 78/85/97 79/86/98
f 78/85/97 75/87/99 76/88/100
f 75/87/99 80/89/101 76/88/100
f 76/90/102 62/91/103 78/92/104
f 80/93/105 67/77/106 76/94/107
f 62/95/108 67/77/109 68/68/78
f 24/96/110 17/97/111 75/87/112
f 75/87/113 5/98/113 81/99/113
f 51/52/114 77/100/115 79/101/116
f 60/102/117 79/101/118 78/92/104
f 89/74/91 74/71/91 70/103/91
f 58/70/119 89/74/82 70/103/120
f 54/60/68 84/46/51 49/81/93
f 46/104/121 86/53/60 51/52/114
f 53/63/71 86/53/59 52/54/72
f 48/57/65 85/105/35 43/56/64
f 49/81/93 83/48/53 48/57/122
f 46/104/123 88/106/124 82/43/123
f 8/107/2 143/108/125 3/109/3
f 99/110/126 100/111/127 98/112/128
f 100/111/8 4/113/7 98/112/7
f 95/114/129 9/115/130 103/116/131
f 105/117/132 107/118/133 106/119/134
f 106/120/135 109/121/136 105/122/137
f 96/123/138 108/124/139 106/120/135
f 107/118/133 99/125/140 4/113/21
f 105/122/137 101/126/141 99/110/126
f 113/127/142 138/128/143 141/129/144
f 114/130/145 137/131/146 138/128/143
f 117/132/147 118/133/148 116/134/149
f 115/135/150 120/136/151 117/132/147
f 30/137/34 119/138/34 28/139/34
f 29/140/35 120/136/34 30/137/34
f 123/141/152 124/142/153 122/143/154
f 123/141/152 125/144/155 126/145/156
f 126/145/157 113/127/158 124/142/159
f 125/144/160 114/130/161 126/145/157
f 117/132/147 122/143/154 115/135/150
f 117/132/147 121/146/162 123/141/152
f 97/147/163 125/144/160 108/124/139
f 118/133/35 7/148/47 100/111/8
f 101/126/141 118/133/148 100/111/127
f 109/121/136 116/134/149 101/126/141
f 108/124/139 121/146/162 109/121/136
f 154/149/164 140/150/165 159/151/166
f 129/152/167 156/153/168 155/154/169
f 44/155/56 161/156/55 155/154/170
f 133/157/171 158/158/172 157/159/173
f 157/159/174 127/160/175 154/149/176
f 132/161/177 158/158/172 156/153/168
f 103/116/131 43/162/64 130/163/178
f 119/138/34 163/164/66 44/155/56
f 127/160/175 124/142/159 113/127/158
f 119/138/179 132/161/177 129/152/167
f 136/165/180 102/166/181 131/167/182
f 135/168/183 115/135/150 122/143/154
f 122/143/154 134/169/184 135/168/183
f 133/157/171 111/170/185 136/165/180
f 127/160/186 141/129/144 140/150/165
f 97/147/187 143/108/125 139/171/188
f 112/172/189 139/171/188 137/131/146
f 8/107/2 137/131/146 139/171/188
f 142/173/190 146/174/191 144/175/192
f 74/176/80 140/177/80 64/178/80
f 159/179/193 147/180/194 142/173/190
f 65/181/83 140/150/165 141/129/144
f 66/182/84 141/129/144 138/128/143
f 138/128/143 63/183/76 66/182/84
f 72/184/86 145/185/85 146/174/87
f 73/186/88 146/174/87 147/180/89
f 90/187/90 147/180/89 160/188/91
f 131/167/182 104/189/195 103/116/196
f 143/190/197 106/119/134 10/191/94
f 151/192/198 153/193/199 152/194/200
f 149/195/201 152/194/200 150/196/202
f 149/195/201 80/197/101 81/198/203
f 150/199/204 152/200/205 144/201/206
f 145/185/207 80/202/105 150/203/208
f 144/175/192 145/185/209 150/203/209
f 151/192/210 95/204/211 102/205/212
f 149/195/113 5/206/113 95/204/113
f 153/207/213 110/208/214 133/157/215
f 152/200/205 128/209/216 142/210/217
f 74/176/91 160/188/91 148/211/91
f 140/177/218 160/188/219 159/179/193
f 156/153/168 136/165/180 131/167/182
f 157/159/174 128/209/220 133/157/215
f 157/159/173 135/168/183 134/169/184
f 85/212/35 130/163/178 43/162/64
f 155/154/169 131/167/182 130/163/221
f 128/209/222 159/151/124 142/210/223
f 61/1/1 57/65/75 8/2/2
f 13/4/4 14/21/23 12/5/5
f 4/7/7 7/42/47 13/4/8
f 1/10/11 17/213/224 16/8/9
f 16/8/9 9/214/130 5/9/10
f 22/14/15 21/18/19 19/15/16
f 2/17/18 19/15/16 21/18/19
f 20/13/14 10/82/94 4/7/21
f 4/7/21 11/6/225 12/20/22
f 12/20/22 18/11/12 20/13/14
f 18/16/17 12/5/5 14/21/23
f 26/22/24 59/64/73 56/23/25
f 27/24/26 56/23/25 55/25/27
f 34/27/29 36/30/32 33/28/30
f 36/30/32 35/32/67 31/31/33
f 35/32/34 36/30/34 30/33/34
f 36/30/34 34/27/35 29/35/35
f 40/36/36 42/41/226 39/37/37
f 39/37/37 42/41/226 41/39/39
f 26/22/41 27/24/44 42/41/42
f 27/24/44 25/26/46 41/39/45
f 38/38/38 39/37/37 33/28/30
f 33/28/30 39/37/37 37/40/40
f 6/19/20 21/18/19 41/39/45
f 7/42/47 29/35/35 34/27/35
f 34/27/29 32/29/31 14/21/23
f 22/14/15 14/21/23 32/29/31
f 37/40/40 41/39/39 21/18/19
f 82/43/48 88/106/227 58/44/49
f 84/46/51 50/55/63 47/47/52
f 44/50/56 85/105/35 83/48/54
f 83/48/54 47/47/228 91/49/55
f 91/49/55 92/215/229 44/50/56
f 87/51/57 54/60/68 51/52/58
f 86/53/60 82/43/230 45/45/61
f 87/51/57 53/63/71 50/55/63
f 43/56/64 9/214/130 16/8/9
f 35/32/34 28/34/34 44/50/56
f 44/50/56 92/215/229 93/58/66
f 94/59/66 91/49/55 47/47/228
f 35/32/34 44/50/56 93/58/66
f 94/59/66 47/47/228 35/32/34
f 40/36/43 52/54/62 45/45/61
f 35/32/67 47/47/52 50/55/63
f 54/60/68 49/81/93 15/61/69
f 31/31/33 50/55/63 53/63/71
f 38/38/38 53/63/71 52/54/72
f 24/62/70 23/216/231 51/52/58
f 59/64/73 26/22/24 45/45/50
f 61/1/1 2/17/232 6/19/74
f 57/65/75 6/19/74 25/26/28
f 8/2/2 57/65/75 55/25/27
f 60/67/77 62/95/108 68/68/78
f 58/70/80 70/103/80 74/71/80
f 88/73/81 60/67/77 69/69/79
f 58/44/49 64/217/233 65/75/83
f 59/64/73 65/75/83 66/76/84
f 56/23/25 66/76/84 63/66/76
f 67/77/85 71/218/85 72/78/86
f 68/68/87 72/78/86 73/79/88
f 69/69/89 73/79/88 90/80/90
f 49/81/93 48/57/122 16/8/92
f 16/8/92 17/213/234 15/61/69
f 61/83/95 3/219/235 10/82/94
f 10/82/94 20/13/14 19/12/13
f 19/12/13 2/220/236 61/83/95
f 78/85/97 77/84/96 75/87/99
f 75/87/99 81/99/203 80/89/101
f 80/93/105 71/218/237 67/77/106
f 62/95/108 76/94/109 67/77/109
f 77/84/238 23/221/239 24/96/110
f 24/96/110 15/222/240 17/97/111
f 17/97/111 1/223/241 75/87/112
f 75/87/112 77/84/238 24/96/110
f 75/87/113 1/223/113 5/98/113
f 79/101/116 46/104/121 51/52/114
f 51/52/114 23/216/242 77/100/115
f 78/92/104 62/91/103 60/102/117
f 60/102/117 46/104/243 79/101/118
f 89/74/91 90/80/90 74/71/91
f 58/70/119 88/73/81 89/74/82
f 54/60/68 87/51/57 84/46/51
f 46/104/121 82/43/230 86/53/60
f 53/63/71 87/51/57 86/53/59
f 48/57/65 83/48/54 85/105/35
f 49/81/93 84/46/51 83/48/53
f 46/104/123 60/102/223 88/106/124
f 8/107/2 139/171/188 143/108/125
f 99/110/126 101/126/141 100/111/127
f 100/111/8 7/148/47 4/113/7
f 103/116/131 104/189/244 95/114/129
f 95/114/129 5/224/10 9/115/130
f 106/120/135 108/124/139 109/121/136
f 96/123/138 97/147/163 108/124/139
f 4/113/21 10/191/94 107/118/133
f 107/118/133 105/117/132 99/125/140
f 99/125/140 98/112/225 4/113/21
f 105/122/137 109/121/136 101/126/141
f 113/127/142 114/130/145 138/128/143
f 114/130/145 112/172/189 137/131/146
f 117/132/147 120/136/151 118/133/148
f 115/135/150 119/138/179 120/136/151
f 30/137/34 120/136/34 119/138/34
f 29/140/35 118/133/35 120/136/34
f 123/141/152 126/145/156 124/142/153
f 123/141/152 121/146/162 125/144/155
f 126/145/157 114/130/161 113/127/158
f 125/144/160 112/172/245 114/130/161
f 117/132/147 123/141/152 122/143/154
f 117/132/147 116/134/149 121/146/162
f 97/147/163 112/172/245 125/144/160
f 118/133/35 29/140/35 7/148/47
f 101/126/141 116/134/149 118/133/148
f 109/121/136 121/146/162 116/134/149
f 108/124/139 125/144/155 121/146/162
f 154/149/164 127/160/186 140/150/165
f 129/152/167 132/161/177 156/153/168
f 155/154/170 85/212/35 44/155/56
f 44/155/56 162/225/229 161/156/55
f 161/156/55 129/152/228 155/154/170
f 133/157/171 136/165/180 158/158/172
f 157/159/174 134/169/246 127/160/175
f 132/161/177 135/168/183 158/158/172
f 103/116/131 9/115/130 43/162/64
f 119/138/34 129/152/228 161/156/55
f 119/138/34 161/156/55 164/226/66
f 44/155/56 28/139/34 119/138/34
f 163/164/66 162/225/229 44/155/56
f 119/138/34 164/226/66 163/164/66
f 127/160/175 134/169/246 124/142/159
f 119/138/179 115/135/150 132/161/177
f 136/165/180 111/170/185 102/166/181
f 135/168/183 132/161/177 115/135/150
f 122/143/154 124/142/153 134/169/184
f 133/157/171 110/208/247 111/170/185
f 127/160/186 113/127/142 141/129/144
f 97/147/187 96/123/248 143/108/125
f 112/172/189 97/147/187 139/171/188
f 8/107/2 63/183/76 137/131/146
f 142/173/190 147/180/194 146/174/191
f 74/176/80 148/211/80 140/177/80
f 159/179/193 160/188/219 147/180/194
f 65/181/83 64/227/233 140/150/165
f 66/182/84 65/181/83 141/129/144
f 138/128/143 137/131/146 63/183/76
f 72/184/86 71/228/85 145/185/85
f 73/186/88 72/184/86 146/174/87
f 90/187/90 73/186/88 147/180/89
f 103/116/196 130/163/221 131/167/182
f 131/167/182 102/166/181 104/189/195
f 10/191/94 3/229/235 143/190/197
f 143/190/197 96/230/249 106/119/134
f 106/119/134 107/118/133 10/191/94
f 149/195/201 151/192/198 152/194/200
f 149/195/201 150/196/202 80/197/101
f 145/185/207 71/228/237 80/202/105
f 144/175/192 146/174/191 145/185/209
f 111/231/250 110/232/251 151/192/210
f 151/192/210 149/195/252 95/204/211
f 95/204/211 104/233/253 102/205/212
f 102/205/212 111/231/250 151/192/210
f 149/195/113 81/198/113 5/206/113
f 133/157/215 128/209/220 153/207/213
f 153/207/213 151/234/254 110/208/214
f 142/210/217 144/201/206 152/200/205
f 152/200/205 153/207/255 128/209/216
f 74/176/91 90/187/90 160/188/91
f 140/177/218 148/211/256 160/188/219
f 156/153/168 158/158/172 136/165/180
f 157/159/174 154/149/176 128/209/220
f 157/159/173 158/158/172 135/168/183
f 85/212/35 155/154/170 130/163/178
f 155/154/169 156/153/168 131/167/182
f 128/209/222 154/149/222 159/151/124
o Hull_2
v 0.075156 0.028281 0.212254
v 0.075156 0.041403 0.212254
v 0.084242 0.017979 -0.266614
v 0.084242 0.041403 -0.258219
v 0.067488 0.034637 0.241168
v 0.075253 0.041403 0.212254
v 0.083883 0.018357 0.141967
v 0.083883 0.041403 0.141967
v 0.109906 0.020822 0.141967
v 0.098947 0.041403 0.141967
v 0.082949 0.020707 0.161012
v 0.078904 0.025111 0.192316
v 0.081313 0.022820 0.176849
v 0.086284 0.041403 0.192117
v 0.096535 0.041403 0.161047
v 0.092692 0.041403 0.176801
v 0.078953 0.041403 0.192226
v 0.082947 0.041403 0.161029
v 0.081327 0.041403 0.176827
v 0.107501 0.023170 0.160991
v 0.097057 0.027599 0.192455
v 0.103598 0.025291 0.176884
v 0.103254 0.017979 -0.266614
v 0.109906 0.017985 -0.260147
v 0.106580 0.017979 -0.265747
v 0.109015 0.017982 -0.263380
v 0.098947 0.041403 -0.251754
v 0.092295 0.041403 -0.258219
v 0.098056 0.041403 -0.254986
v 0.095621 0.041403 -0.257353
v -0.075156 0.028281 0.212254
v -0.075156 0.041403 0.212254
v -0.084242 0.017979 -0.266614
v -0.084242 0.041403 -0.258219
v -0.067488 0.034637 0.241168
v -0.075253 0.041403 0.212254
v -0.083883 0.018357 0.141967
v -0.083883 0.041403 0.141967
v -0.109906 0.020822 0.141967
v -0.098947 0.041403 0.141967
v -0.082949 0.020707 0.161012
v -0.078904 0.025111 0.192316
v -0.081313 0.022820 0.176849
v -0.086284 0.041403 0.192117
v -0.096535 0.041403 0.161047
v -0.092692 0.041403 0.176801
v -0.078953 0.041403 0.192226
v -0.082947 0.041403 0.161029
v -0.081327 0.041403 0.176827
v -0.107501 0.023170 0.160991
v -0.097057 0.027599 0.192455
v -0.103598 0.025291 0.176884
v -0.103254 0.017979 -0.266614
v -0.109906 0.017985 -0.260147
v -0.106580 0.017979 -0.265747
v -0.109015 0.017982 -0.263380
v -0.098947 0.041403 -0.251754
v -0.092295 0.041403 -0.258219
v -0.098056 0.041403 -0.254986
v -0.095621 0.041403 -0.257353
vn -0.0000 1.0000 -0.0000
vn 0.1306 -0.9733 0.1887
vn 0.1156 -0.9802 0.1608
vn 0.1046 -0.9805 0.1665
vn 0.1021 -0.9852 0.1376
vn 0.0971 -0.9851 0.1418
vn 0.7537 0.5759 0.3168
vn 0.7907 0.5604 0.2465
vn 0.7312 0.5795 0.3599
vn 0.8211 0.5340 0.2017
vn 0.8401 0.5235 0.1423
vn 0.0943 -0.9932 0.0683
vn 0.1923 -0.9501 0.2455
vn 0.1324 -0.9759 0.1732
vn 0.8752 0.4819 0.0421
vn 0.8608 0.4981 0.1047
vn 0.8829 0.4688 0.0251
vn 0.7060 0.6174 0.3470
vn 0.7022 0.6279 0.3355
vn 0.8769 0.4601 -0.1389
vn 0.7480 0.5045 -0.4311
vn 0.8863 0.4520 -0.1010
vn 0.4524 0.4808 -0.7511
vn 0.4045 0.4703 -0.7843
vn 0.1428 0.3924 -0.9086
vn 0.0891 0.3727 -0.9237
vn 0.0009 -1.0000 0.0032
vn -0.0050 -1.0000 0.0064
vn 0.0936 -0.9933 0.0673
vn -0.0000 0.3374 -0.9414
vn -0.1306 -0.9733 0.1887
vn -0.1156 -0.9802 0.1608
vn -0.1324 -0.9759 0.1732
vn -0.1046 -0.9805 0.1665
vn -0.1021 -0.9852 0.1376
vn -0.7907 0.5604 0.2465
vn -0.7537 0.5759 0.3168
vn -0.7312 0.5795 0.3599
vn -0.8401 0.5235 0.1423
vn -0.8211 0.5340 0.2017
vn -0.0938 -0.9932 0.0690
vn -0.0971 -0.9851 0.1418
vn -0.0941 -0.9932 0.0681
vn -0.1923 -0.9501 0.2455
vn -0.8608 0.4981 0.1047
vn -0.8752 0.4819 0.0421
vn -0.8829 0.4688 0.0251
vn -0.7060 0.6174 0.3470
vn -0.7480 0.5045 -0.4311
vn -0.8769 0.4601 -0.1389
vn -0.8863 0.4520 -0.1010
vn -0.4524 0.4808 -0.7511
vn -0.7384 0.5055 -0.4464
vn -0.4045 0.4703 -0.7843
vn -0.1428 0.3924 -0.9086
vn -0.0021 -1.0000 0.0011
vn -0.0000 -1.0000 0.0009
vn -0.0891 0.3727 -0.9237
vn 0.2077 -0.9424 0.2623
vn 0.7384 0.5055 -0.4464
vn -0.0222 -0.9997 0.0071
vn -0.2077 -0.9424 0.2623
vn -0.7022 0.6279 0.3355
vt 0.311255 0.018794
vt 0.308905 0.023989
vt 0.308681 0.018429
vt 0.312906 0.024374
vt 0.309045 0.029677
vt 0.346465 0.163400
vt 0.340572 0.157912
vt 0.348531 0.157711
vt 0.340915 0.152220
vt 0.349673 0.151964
vt 0.317487 0.018362
vt 0.319800 0.024052
vt 0.313855 0.029963
vt 0.340968 0.145398
vt 0.338954 0.170717
vt 0.339959 0.163496
vt 0.308367 0.011145
vt 0.314434 0.036682
vt 0.321396 0.029768
vt 0.322692 0.036584
vt 0.307957 0.000178
vt 0.309072 0.036520
vt 0.319773 0.183566
vt 0.312779 0.177572
vt 0.313199 0.176387
vt 0.318029 0.185321
vt 0.311921 0.178301
vt 0.316857 0.185810
vt 0.310772 0.178593
vt 0.343574 0.000178
vt 0.345652 0.001266
vt 0.350246 0.145128
vt 0.309712 0.187641
vt 0.322359 0.179448
vt 0.306652 0.023989
vt 0.304302 0.018794
vt 0.306876 0.018429
vt 0.306512 0.029677
vt 0.302651 0.024374
vt 0.326830 0.163400
vt 0.332722 0.157912
vt 0.333335 0.163496
vt 0.324763 0.157711
vt 0.332380 0.152220
vt 0.298070 0.018362
vt 0.301702 0.029963
vt 0.295757 0.024052
vt 0.332326 0.145398
vt 0.323622 0.151964
vt 0.323049 0.145128
vt 0.334341 0.170717
vt 0.307190 0.011145
vt 0.294160 0.029768
vt 0.301123 0.036682
vt 0.292865 0.036584
vt 0.306484 0.036520
vt 0.302778 0.177572
vt 0.295783 0.183566
vt 0.302358 0.176386
vt 0.297528 0.185321
vt 0.296529 0.184558
vt 0.303636 0.178301
vt 0.298700 0.185810
vt 0.327293 0.002404
vt 0.328532 0.000451
vt 0.305844 0.187641
vt 0.304785 0.178593
vt 0.307600 0.178637
vt 0.293198 0.179448
vt 0.336826 0.181366
vt 0.308333 0.011140
vt 0.319028 0.184558
vt 0.336826 0.000377
vt 0.344763 0.000451
vt 0.346002 0.002404
vt 0.307957 0.178637
vt 0.336469 0.181366
vt 0.307224 0.011140
vt 0.307600 0.000178
vt 0.329721 0.000178
vt 0.336469 0.000377
vt 0.327643 0.001266
s 1
f 178/235/257 183/236/257 181/237/257
f 180/238/257 182/239/257 183/236/257
f 185/240/258 177/241/259 186/242/260
f 186/242/260 175/243/261 184/244/262
f 185/245/263 180/238/264 178/235/265
f 186/246/266 179/247/267 180/238/264
f 171/248/268 184/244/262 175/243/261
f 185/240/258 165/249/269 176/250/270
f 181/237/257 170/251/257 178/235/257
f 174/252/271 184/253/272 173/254/273
f 185/245/263 170/251/274 169/255/275
f 172/256/257 179/247/257 174/252/257
f 188/257/276 193/258/277 191/259/278
f 193/258/277 189/260/279 194/261/280
f 194/261/280 187/262/281 192/263/282
f 187/264/283 190/265/284 173/266/285
f 167/267/286 192/263/282 187/262/281
f 191/259/278 173/254/273 188/268/276
f 193/258/257 192/263/257 172/256/257
f 213/269/257 208/270/257 211/271/257
f 212/272/257 210/273/257 213/269/257
f 215/274/287 207/275/288 206/276/289
f 216/277/290 205/278/291 207/275/288
f 210/273/292 215/279/293 208/270/294
f 209/280/295 216/281/296 210/273/292
f 201/282/297 214/283/298 203/284/299
f 195/285/300 215/274/287 206/276/289
f 200/286/257 211/271/257 208/270/257
f 214/287/301 204/288/302 203/289/303
f 215/279/293 200/286/304 208/270/294
f 209/280/257 202/290/257 204/288/257
f 223/291/305 218/292/306 221/293/307
f 223/291/305 219/294/308 220/295/309
f 224/296/310 217/297/311 219/294/308
f 201/282/297 218/298/312 219/299/313
f 197/300/286 222/301/314 198/302/286
f 203/289/303 221/293/307 218/303/306
f 204/288/257 198/302/257 224/296/257
f 178/235/257 180/238/257 183/236/257
f 180/238/257 179/247/257 182/239/257
f 185/240/258 176/250/270 177/241/259
f 186/242/260 177/241/259 175/243/261
f 185/245/263 186/246/266 180/238/264
f 186/246/266 184/253/272 179/247/267
f 171/248/268 173/266/285 184/244/262
f 185/240/258 169/304/315 165/249/269
f 181/237/257 166/305/257 170/251/257
f 174/252/271 179/247/267 184/253/272
f 185/245/263 178/235/265 170/251/274
f 172/256/257 182/239/257 179/247/257
f 188/257/276 190/306/316 193/258/277
f 193/258/277 190/306/316 189/260/279
f 194/261/280 189/260/279 187/262/281
f 171/248/268 167/307/313 187/264/283
f 187/264/283 189/308/313 190/265/284
f 190/265/284 188/309/317 173/266/285
f 173/266/285 171/248/268 187/264/283
f 167/267/286 168/310/286 192/263/282
f 191/259/278 174/252/271 173/254/273
f 174/252/257 191/259/257 193/258/257
f 193/258/257 194/261/257 192/263/257
f 192/263/257 168/310/257 172/256/257
f 172/256/257 174/252/257 193/258/257
f 213/269/257 210/273/257 208/270/257
f 212/272/257 209/280/257 210/273/257
f 215/274/287 216/277/290 207/275/288
f 216/277/290 214/283/298 205/278/291
f 210/273/292 216/281/296 215/279/293
f 209/280/295 214/287/301 216/281/296
f 201/282/297 205/278/291 214/283/298
f 195/285/300 199/311/318 215/274/287
f 200/286/257 196/312/257 211/271/257
f 214/287/301 209/280/295 204/288/302
f 215/279/293 199/313/319 200/286/304
f 209/280/257 212/272/257 202/290/257
f 223/291/305 220/295/309 218/292/306
f 223/291/305 224/296/310 219/294/308
f 224/296/310 222/301/314 217/297/311
f 217/314/313 197/315/313 201/282/297
f 201/282/297 203/284/299 218/298/312
f 218/298/312 220/316/313 219/299/313
f 219/299/313 217/314/313 201/282/297
f 197/300/286 217/297/311 222/301/314
f 203/289/303 204/288/302 221/293/307
f 223/291/257 221/293/257 204/288/257
f 204/288/257 202/290/257 198/302/257
f 198/302/257 222/301/257 224/296/257
f 224/296/257 223/291/257 204/288/257
o CIWS_Base
v 0.067735 0.062662 0.086533
v 0.067735 0.072866 0.086533
v 0.075911 0.062662 0.105167
v 0.075911 0.072866 0.105167
v 0.075911 0.062662 0.116731
v 0.075911 0.072866 0.116731
v 0.072636 0.062662 0.121632
v 0.072636 0.072866 0.121632
v 0.067735 0.062662 0.124908
v 0.067735 0.072866 0.124908
v 0.061953 0.062662 0.126058
v 0.061953 0.072866 0.126058
v 0.056171 0.062662 0.124908
v 0.056171 0.072866 0.124908
v 0.051270 0.062662 0.121632
v 0.051270 0.072866 0.121632
v 0.047994 0.062662 0.116731
v 0.047994 0.072866 0.116731
v 0.046844 0.062662 0.110949
v 0.046844 0.072866 0.110949
v 0.047994 0.062662 0.105167
v 0.047994 0.072866 0.105167
v 0.056171 0.062662 0.086533
v 0.056171 0.072866 0.086533
v -0.067735 0.062662 0.086533
v -0.067735 0.072866 0.086533
v -0.075911 0.062662 0.105167
v -0.075911 0.072866 0.105167
v -0.075911 0.062662 0.116731
v -0.075911 0.072866 0.116731
v -0.072636 0.062662 0.121632
v -0.072636 0.072866 0.121632
v -0.067735 0.062662 0.124908
v -0.067735 0.072866 0.124908
v -0.061953 0.062662 0.126058
v -0.061953 0.072866 0.126058
v -0.056171 0.062662 0.124908
v -0.056171 0.072866 0.124908
v -0.051270 0.062662 0.121632
v -0.051270 0.072866 0.121632
v -0.047994 0.062662 0.116731
v -0.047994 0.072866 0.116731
v -0.046844 0.062662 0.110949
v -0.046844 0.072866 0.110949
v -0.047994 0.062662 0.105167
v -0.047994 0.072866 0.105167
v -0.056171 0.062662 0.086533
v -0.056171 0.072866 0.086533
v 0.061953 0.072757 0.099334
v 0.066398 0.072757 0.100218
v 0.070166 0.072757 0.102736
v 0.072684 0.072757 0.106504
v 0.073568 0.072757 0.110949
v 0.072684 0.072757 0.115394
v 0.070166 0.072757 0.119162
v 0.066398 0.072757 0.121680
v 0.061953 0.072757 0.122564
v 0.057508 0.072757 0.121680
v 0.053740 0.072757 0.119162
v 0.051222 0.072757 0.115394
v 0.050338 0.072757 0.110949
v 0.051222 0.072757 0.106504
v 0.053740 0.072757 0.102736
v 0.057508 0.072757 0.100218
v 0.061953 0.079362 0.102694
v 0.065112 0.079362 0.103322
v 0.067790 0.079362 0.105112
v 0.069580 0.079362 0.107790
v 0.070208 0.079362 0.110949
v 0.069580 0.079362 0.114108
v 0.067790 0.079362 0.116786
v 0.065112 0.079362 0.118576
v 0.061953 0.079362 0.119204
v 0.058794 0.079362 0.118576
v 0.056116 0.079362 0.116786
v 0.054326 0.079362 0.114108
v 0.053698 0.079362 0.110949
v 0.054326 0.079362 0.107790
v 0.056116 0.079362 0.105112
v 0.058794 0.079362 0.103322
v 0.065605 0.079362 0.102133
v 0.061953 0.079362 0.101406
v 0.068701 0.079362 0.104201
v 0.070769 0.079362 0.107297
v 0.071496 0.079362 0.110949
v 0.070769 0.079362 0.114601
v 0.068701 0.079362 0.117697
v 0.065605 0.079362 0.119765
v 0.061953 0.079362 0.120492
v 0.058301 0.079362 0.119765
v 0.055205 0.079362 0.117697
v 0.053137 0.079362 0.114601
v 0.052410 0.079362 0.110949
v 0.053137 0.079362 0.107297
v 0.055205 0.079362 0.104201
v 0.058301 0.079362 0.102133
v 0.065605 0.080313 0.102133
v 0.061953 0.080313 0.101406
v 0.068701 0.080313 0.104201
v 0.070769 0.080313 0.107297
v 0.071496 0.080313 0.110949
v 0.070769 0.080313 0.114601
v 0.068701 0.080313 0.117697
v 0.065605 0.080313 0.119765
v 0.061953 0.080313 0.120492
v 0.058301 0.080313 0.119765
v 0.055205 0.080313 0.117697
v 0.053137 0.080313 0.114601
v 0.052410 0.080313 0.110949
v 0.053137 0.080313 0.107297
v 0.055205 0.080313 0.104201
v 0.058301 0.080313 0.102133
v -0.061953 0.072757 0.099334
v -0.066398 0.072757 0.100218
v -0.070166 0.072757 0.102736
v -0.072684 0.072757 0.106504
v -0.073568 0.072757 0.110949
v -0.072684 0.072757 0.115394
v -0.070166 0.072757 0.119162
v -0.066398 0.072757 0.121680
v -0.061953 0.072757 0.122564
v -0.057508 0.072757 0.121680
v -0.053740 0.072757 0.119162
v -0.051222 0.072757 0.115394
v -0.050338 0.072757 0.110949
v -0.051222 0.072757 0.106504
v -0.053740 0.072757 0.102736
v -0.057508 0.072757 0.100218
v -0.061953 0.079362 0.102694
v -0.065112 0.079362 0.103322
v -0.067790 0.079362 0.105112
v -0.069580 0.079362 0.107790
v -0.070208 0.079362 0.110949
v -0.069580 0.079362 0.114108
v -0.067790 0.079362 0.116786
v -0.065112 0.079362 0.118576
v -0.061953 0.079362 0.119204
v -0.058794 0.079362 0.118576
v -0.056116 0.079362 0.116786
v -0.054326 0.079362 0.114108
v -0.053698 0.079362 0.110949
v -0.054326 0.079362 0.107790
v -0.056116 0.079362 0.105112
v -0.058794 0.079362 0.103322
v -0.065605 0.079362 0.102133
v -0.061953 0.079362 0.101406
v -0.068701 0.079362 0.104201
v -0.070769 0.079362 0.107297
v -0.071496 0.079362 0.110949
v -0.070769 0.079362 0.114601
v -0.068701 0.079362 0.117697
v -0.065605 0.079362 0.119765
v -0.061953 0.079362 0.120492
v -0.058301 0.079362 0.119765
v -0.055205 0.079362 0.117697
v -0.053137 0.079362 0.114601
v -0.052410 0.079362 0.110949
v -0.053137 0.079362 0.107297
v -0.055205 0.079362 0.104201
v -0.058301 0.079362 0.102133
v -0.065605 0.080313 0.102133
v -0.061953 0.080313 0.101406
v -0.068701 0.080313 0.104201
v -0.070769 0.080313 0.107297
v -0.071496 0.080313 0.110949
v -0.070769 0.080313 0.114601
v -0.068701 0.080313 0.117697
v -0.065605 0.080313 0.119765
v -0.061953 0.080313 0.120492
v -0.058301 0.080313 0.119765
v -0.055205 0.080313 0.117697
v -0.053137 0.080313 0.114601
v -0.052410 0.080313 0.110949
v -0.053137 0.080313 0.107297
v -0.055205 0.080313 0.104201
v -0.058301 0.080313 0.102133
v 0.073352 0.072757 0.110485
v 0.069992 0.079362 0.110485
v 0.074299 0.072757 0.110485
v 0.070939 0.079362 0.110485
v 0.073352 0.072757 0.111485
v 0.069992 0.079362 0.111485
v 0.074299 0.072757 0.111485
v 0.070939 0.079362 0.111485
v 0.070902 0.072757 0.103874
v 0.068184 0.079362 0.105849
v 0.071668 0.072757 0.103317
v 0.068950 0.079362 0.105292
v 0.071490 0.072757 0.104683
v 0.068772 0.079362 0.106658
v 0.072256 0.072757 0.104126
v 0.069538 0.079362 0.106101
v 0.065034 0.072757 0.099965
v 0.063996 0.079362 0.103160
v 0.065327 0.072757 0.099064
v 0.064289 0.079362 0.102260
v 0.065986 0.072757 0.100274
v 0.064947 0.079362 0.103469
v 0.066278 0.072757 0.099373
v 0.065240 0.079362 0.102569
v 0.057990 0.072757 0.100251
v 0.059028 0.079362 0.103447
v 0.057697 0.072757 0.099351
v 0.058735 0.079362 0.102546
v 0.058941 0.072757 0.099942
v 0.059979 0.079362 0.103138
v 0.058648 0.072757 0.099042
v 0.059686 0.079362 0.102237
v 0.052459 0.072757 0.104624
v 0.055177 0.079362 0.106599
v 0.051693 0.072757 0.104067
v 0.054411 0.079362 0.106042
v 0.053046 0.072757 0.103815
v 0.055765 0.079362 0.105790
v 0.052280 0.072757 0.103258
v 0.054999 0.079362 0.105233
v 0.050554 0.072757 0.111413
v 0.053914 0.079362 0.111413
v 0.049607 0.072757 0.111413
v 0.052967 0.079362 0.111413
v 0.050554 0.072757 0.110413
v 0.053914 0.079362 0.110413
v 0.049607 0.072757 0.110413
v 0.052967 0.079362 0.110413
v 0.053004 0.072757 0.118024
v 0.055722 0.079362 0.116049
v 0.052237 0.072757 0.118581
v 0.054956 0.079362 0.116606
v 0.052416 0.072757 0.117215
v 0.055134 0.079362 0.115240
v 0.051650 0.072757 0.117772
v 0.054368 0.079362 0.115797
v 0.058871 0.072757 0.121933
v 0.059910 0.079362 0.118738
v 0.058579 0.072757 0.122834
v 0.059617 0.079362 0.119638
v 0.057920 0.072757 0.121624
v 0.058959 0.079362 0.118429
v 0.057628 0.072757 0.122525
v 0.058666 0.079362 0.119329
v 0.065916 0.072757 0.121647
v 0.064878 0.079362 0.118451
v 0.066209 0.072757 0.122547
v 0.065171 0.079362 0.119352
v 0.064965 0.072757 0.121956
v 0.063927 0.079362 0.118760
v 0.065258 0.072757 0.122856
v 0.064219 0.079362 0.119661
v 0.071447 0.072757 0.117274
v 0.068729 0.079362 0.115299
v 0.072213 0.072757 0.117831
v 0.069495 0.079362 0.115856
v 0.070859 0.072757 0.118083
v 0.068141 0.079362 0.116108
v 0.071626 0.072757 0.118640
v 0.068907 0.079362 0.116665
v -0.073352 0.072757 0.110485
v -0.069992 0.079362 0.110485
v -0.074299 0.072757 0.110485
v -0.070939 0.079362 0.110485
v -0.073352 0.072757 0.111485
v -0.069992 0.079362 0.111485
v -0.074299 0.072757 0.111485
v -0.070939 0.079362 0.111485
v -0.070902 0.072757 0.103874
v -0.068184 0.079362 0.105849
v -0.071668 0.072757 0.103317
v -0.068950 0.079362 0.105292
v -0.071490 0.072757 0.104683
v -0.068772 0.079362 0.106658
v -0.072256 0.072757 0.104126
v -0.069538 0.079362 0.106101
v -0.065034 0.072757 0.099965
v -0.063996 0.079362 0.103160
v -0.065327 0.072757 0.099064
v -0.064289 0.079362 0.102260
v -0.065986 0.072757 0.100274
v -0.064947 0.079362 0.103469
v -0.066278 0.072757 0.099373
v -0.065240 0.079362 0.102569
v -0.057990 0.072757 0.100251
v -0.059028 0.079362 0.103447
v -0.057697 0.072757 0.099351
v -0.058735 0.079362 0.102546
v -0.058941 0.072757 0.099942
v -0.059979 0.079362 0.103138
v -0.058648 0.072757 0.099042
v -0.059686 0.079362 0.102237
v -0.052459 0.072757 0.104624
v -0.055177 0.079362 0.106599
v -0.051693 0.072757 0.104067
v -0.054411 0.079362 0.106042
v -0.053046 0.072757 0.103815
v -0.055765 0.079362 0.105790
v -0.052280 0.072757 0.103258
v -0.054999 0.079362 0.105233
v -0.050554 0.072757 0.111413
v -0.053914 0.079362 0.111413
v -0.049607 0.072757 0.111413
v -0.052967 0.079362 0.111413
v -0.050554 0.072757 0.110413
v -0.053914 0.079362 0.110413
v -0.049607 0.072757 0.110413
v -0.052967 0.079362 0.110413
v -0.053004 0.072757 0.118024
v -0.055722 0.079362 0.116049
v -0.052237 0.072757 0.118581
v -0.054956 0.079362 0.116606
v -0.052416 0.072757 0.117215
v -0.055134 0.079362 0.115240
v -0.051650 0.072757 0.117772
v -0.054368 0.079362 0.115797
v -0.058871 0.072757 0.121933
v -0.059910 0.079362 0.118738
v -0.058579 0.072757 0.122834
v -0.059617 0.079362 0.119638
v -0.057920 0.072757 0.121624
v -0.058959 0.079362 0.118429
v -0.057628 0.072757 0.122525
v -0.058666 0.079362 0.119329
v -0.065916 0.072757 0.121647
v -0.064878 0.079362 0.118451
v -0.066209 0.072757 0.122547
v -0.065171 0.079362 0.119352
v -0.064965 0.072757 0.121956
v -0.063927 0.079362 0.118760
v -0.065258 0.072757 0.122856
v -0.064219 0.079362 0.119661
v -0.071447 0.072757 0.117274
v -0.068729 0.079362 0.115299
v -0.072213 0.072757 0.117831
v -0.069495 0.079362 0.115856
v -0.070859 0.072757 0.118083
v -0.068141 0.079362 0.116108
v -0.071626 0.072757 0.118640
v -0.068907 0.079362 0.116665
vn 0.8315 -0.0000 0.5556
vn 0.7071 -0.0000 0.7071
vn 0.3827 -0.0000 0.9239
vn -0.0000 -0.0000 1.0000
vn -0.3827 -0.0000 0.9239
vn -0.7071 -0.0000 0.7071
vn -0.9239 -0.0000 0.3827
vn -1.0000 -0.0000 -0.0000
vn -0.9808 -0.0000 -0.1951
vn 0.9157 -0.0000 -0.4018
vn -0.9157 -0.0000 -0.4018
vn 1.0000 -0.0000 -0.0000
vn -0.0000 -0.0000 -1.0000
vn -0.0000 1.0000 -0.0000
vn -0.8315 -0.0000 0.5556
vn 0.9239 -0.0000 0.3827
vn 0.9808 -0.0000 -0.1951
vn 0.3411 0.4534 -0.8235
vn 0.6303 0.4534 -0.6302
vn 0.6302 0.4534 -0.6302
vn 0.8235 0.4534 -0.3411
vn 0.8913 0.4534 -0.0000
vn 0.8235 0.4534 0.3411
vn 0.6302 0.4534 0.6303
vn 0.6302 0.4534 0.6302
vn 0.3411 0.4534 0.8235
vn -0.0000 0.4534 0.8913
vn -0.3411 0.4534 0.8235
vn -0.6302 0.4534 0.6302
vn -0.8235 0.4534 0.3411
vn -0.8913 0.4534 -0.0000
vn -0.8235 0.4534 -0.3411
vn -0.6302 0.4534 -0.6302
vn -0.6303 0.4534 -0.6302
vn -0.3411 0.4534 -0.8235
vn -0.0000 0.4534 -0.8913
vn -0.0000 -1.0000 -0.0000
vn -0.9239 -0.0000 -0.3827
vn -0.7071 -0.0000 -0.7071
vn -0.3827 -0.0000 -0.9239
vn 0.3827 -0.0000 -0.9239
vn 0.7071 -0.0000 -0.7071
vn 0.9239 -0.0000 -0.3827
vn 0.6302 0.4534 -0.6303
vn -0.5878 -0.0000 -0.8090
vn 0.5878 -0.0000 0.8090
vn 0.7211 0.4534 -0.5239
vn -0.9511 -0.0000 -0.3090
vn 0.9511 -0.0000 0.3090
vn 0.2754 0.4534 -0.8477
vn -0.9511 -0.0000 0.3090
vn 0.9511 -0.0000 -0.3090
vn -0.2754 0.4534 -0.8477
vn -0.5878 -0.0000 0.8090
vn 0.5878 -0.0000 -0.8090
vn -0.7211 0.4534 -0.5239
vn -0.7211 0.4534 0.5239
vn -0.2754 0.4534 0.8477
vn 0.2754 0.4534 0.8477
vn 0.7211 0.4534 0.5239
vn 0.9510 -0.0000 -0.3090
vn -0.9510 -0.0000 -0.3090
vn -0.9510 -0.0000 -0.3091
vt 0.021735 0.251675
vt 0.018074 0.253790
vt 0.018074 0.251675
vt 0.021735 0.253790
vt 0.018074 0.255905
vt 0.021735 0.255905
vt 0.018074 0.258020
vt 0.021735 0.258020
vt 0.018074 0.260135
vt 0.021735 0.260135
vt 0.018074 0.262250
vt 0.021735 0.262250
vt 0.018074 0.264365
vt 0.021735 0.264365
vt 0.018074 0.266479
vt 0.021735 0.266479
vt 0.018074 0.268594
vt 0.048654 0.266276
vt 0.044993 0.258975
vt 0.048654 0.258975
vt 0.048654 0.254827
vt 0.044993 0.247526
vt 0.048654 0.247526
vt 0.021735 0.247526
vt 0.018074 0.247526
vt 0.044993 0.254827
vt 0.077142 0.255021
vt 0.080076 0.247939
vt 0.087158 0.250872
vt 0.266364 0.249511
vt 0.262703 0.247396
vt 0.266364 0.247396
vt 0.266364 0.251626
vt 0.262703 0.249511
vt 0.266364 0.253741
vt 0.262703 0.251626
vt 0.266364 0.255856
vt 0.262703 0.253741
vt 0.266364 0.257971
vt 0.262703 0.255856
vt 0.266364 0.260086
vt 0.262703 0.257971
vt 0.266364 0.262201
vt 0.262703 0.260086
vt 0.266364 0.264315
vt 0.262703 0.262201
vt 0.044636 0.258975
vt 0.040975 0.266276
vt 0.040975 0.258975
vt 0.044636 0.247526
vt 0.040975 0.254827
vt 0.040975 0.247526
vt 0.262703 0.243247
vt 0.266364 0.243247
vt 0.044636 0.254827
vt 0.095010 0.261294
vt 0.087927 0.258360
vt 0.095010 0.247526
vt 0.257478 0.251263
vt 0.260237 0.249583
vt 0.260408 0.251068
vt 0.257433 0.249926
vt 0.260010 0.248182
vt 0.257345 0.248628
vt 0.259739 0.246854
vt 0.257212 0.247386
vt 0.259428 0.245593
vt 0.257043 0.246207
vt 0.259074 0.244394
vt 0.256853 0.245098
vt 0.258659 0.243247
vt 0.256205 0.263527
vt 0.258676 0.263338
vt 0.258143 0.264575
vt 0.256474 0.262551
vt 0.259039 0.262175
vt 0.257001 0.260452
vt 0.259374 0.261014
vt 0.259668 0.259796
vt 0.257356 0.258106
vt 0.259936 0.258539
vt 0.257438 0.256826
vt 0.260178 0.257187
vt 0.257484 0.255479
vt 0.260375 0.255737
vt 0.257528 0.254074
vt 0.260495 0.254175
vt 0.260495 0.252601
vt 0.257536 0.252645
vt 0.256984 0.251264
vt 0.256621 0.246257
vt 0.256172 0.245185
vt 0.256462 0.245145
vt 0.257010 0.252634
vt 0.256396 0.261428
vt 0.256751 0.261517
vt 0.256950 0.249935
vt 0.256606 0.260383
vt 0.256879 0.248652
vt 0.257228 0.259325
vt 0.256793 0.259277
vt 0.256768 0.247426
vt 0.256900 0.258084
vt 0.256955 0.256820
vt 0.256974 0.255482
vt 0.256340 0.244041
vt 0.256701 0.244069
vt 0.256972 0.254067
vt 0.256092 0.262438
vt 0.250896 0.256232
vt 0.250035 0.251114
vt 0.255153 0.250254
vt 0.256614 0.255484
vt 0.256041 0.244074
vt 0.256601 0.254066
vt 0.255806 0.263500
vt 0.255829 0.262366
vt 0.256632 0.251272
vt 0.256643 0.252635
vt 0.256125 0.261363
vt 0.256609 0.249949
vt 0.256326 0.260336
vt 0.256553 0.248677
vt 0.256493 0.259243
vt 0.256456 0.247460
vt 0.256580 0.258067
vt 0.256324 0.246299
vt 0.256616 0.256815
vt 0.235482 0.258663
vt 0.232695 0.257015
vt 0.235593 0.257187
vt 0.235303 0.260117
vt 0.232662 0.258354
vt 0.232283 0.261024
vt 0.232468 0.259695
vt 0.234723 0.263043
vt 0.235067 0.261587
vt 0.234307 0.264415
vt 0.232030 0.262332
vt 0.231590 0.264751
vt 0.231784 0.263582
vt 0.233780 0.244550
vt 0.231163 0.244378
vt 0.233201 0.243247
vt 0.231721 0.246532
vt 0.231474 0.245410
vt 0.234555 0.247044
vt 0.234195 0.245782
vt 0.232238 0.248919
vt 0.232032 0.247672
vt 0.234896 0.248343
vt 0.232400 0.250230
vt 0.235208 0.249742
vt 0.232556 0.251593
vt 0.235588 0.252809
vt 0.235456 0.251259
vt 0.235630 0.254290
vt 0.232667 0.252970
vt 0.235630 0.255727
vt 0.232732 0.254311
vt 0.232246 0.256988
vt 0.232829 0.255671
vt 0.231010 0.263467
vt 0.231553 0.262257
vt 0.231340 0.263520
vt 0.232280 0.254337
vt 0.231343 0.246622
vt 0.232011 0.259631
vt 0.231590 0.247747
vt 0.231769 0.248970
vt 0.231904 0.250271
vt 0.232170 0.253021
vt 0.231177 0.264776
vt 0.230784 0.244400
vt 0.225368 0.254431
vt 0.229272 0.251753
vt 0.231950 0.255657
vt 0.231819 0.253051
vt 0.232019 0.251645
vt 0.230836 0.264732
vt 0.231934 0.254351
vt 0.230767 0.245587
vt 0.231050 0.245519
vt 0.231902 0.256964
vt 0.232295 0.255664
vt 0.231051 0.246688
vt 0.231796 0.258273
vt 0.232139 0.258307
vt 0.231283 0.247799
vt 0.231666 0.259579
vt 0.231439 0.249006
vt 0.231427 0.260877
vt 0.231769 0.260939
vt 0.231554 0.250300
vt 0.231216 0.262198
vt 0.231660 0.251676
vt 0.274099 0.270625
vt 0.273796 0.273129
vt 0.273796 0.270471
vt 0.273134 0.270625
vt 0.273437 0.273129
vt 0.273134 0.273283
vt 0.273437 0.270471
vt 0.263207 0.271835
vt 0.262904 0.274340
vt 0.262904 0.271681
vt 0.262243 0.271835
vt 0.262545 0.274340
vt 0.262243 0.274494
vt 0.262545 0.271681
vt 0.267729 0.271708
vt 0.267426 0.274212
vt 0.267426 0.271554
vt 0.266765 0.271708
vt 0.267068 0.274212
vt 0.266765 0.274366
vt 0.267068 0.271554
vt 0.274306 0.267410
vt 0.274003 0.269915
vt 0.274003 0.267256
vt 0.273342 0.267410
vt 0.273645 0.269915
vt 0.273342 0.270069
vt 0.273645 0.267256
vt 0.265043 0.271630
vt 0.264740 0.274135
vt 0.264740 0.271476
vt 0.264078 0.271630
vt 0.264381 0.274135
vt 0.264078 0.274289
vt 0.264381 0.271476
vt 0.063878 0.271727
vt 0.063575 0.274231
vt 0.063575 0.271573
vt 0.062914 0.271727
vt 0.063217 0.274231
vt 0.062914 0.274385
vt 0.063217 0.271573
vt 0.274306 0.263925
vt 0.274003 0.266430
vt 0.274003 0.263771
vt 0.273342 0.263925
vt 0.273645 0.266430
vt 0.273342 0.266584
vt 0.273645 0.263771
vt 0.266364 0.271630
vt 0.266061 0.274135
vt 0.266061 0.271476
vt 0.265399 0.271630
vt 0.265702 0.274135
vt 0.265399 0.274289
vt 0.265702 0.271476
vt 0.274289 0.246571
vt 0.273986 0.249075
vt 0.273986 0.246417
vt 0.273325 0.246571
vt 0.273627 0.249075
vt 0.273325 0.249229
vt 0.273627 0.246417
vt 0.255829 0.271853
vt 0.255526 0.274357
vt 0.255526 0.271699
vt 0.254865 0.271853
vt 0.255168 0.274357
vt 0.254865 0.274511
vt 0.255168 0.271699
vt 0.256186 0.271853
vt 0.256489 0.274357
vt 0.256186 0.274511
vt 0.257150 0.271853
vt 0.256848 0.274357
vt 0.256848 0.271698
vt 0.256489 0.271699
vt 0.258121 0.271857
vt 0.258424 0.274362
vt 0.258121 0.274516
vt 0.259086 0.271857
vt 0.258783 0.274362
vt 0.258783 0.271703
vt 0.258424 0.271703
vt 0.273325 0.243401
vt 0.273627 0.245906
vt 0.273325 0.246060
vt 0.274289 0.243401
vt 0.273986 0.245906
vt 0.273986 0.243247
vt 0.273627 0.243247
vt 0.273330 0.260649
vt 0.273633 0.263153
vt 0.273330 0.263307
vt 0.274294 0.260649
vt 0.273992 0.263153
vt 0.273992 0.260495
vt 0.273633 0.260495
vt 0.067768 0.271123
vt 0.068071 0.273628
vt 0.067768 0.273782
vt 0.068733 0.271123
vt 0.068430 0.273628
vt 0.068430 0.270969
vt 0.068071 0.270969
vt 0.253500 0.271853
vt 0.253802 0.274357
vt 0.253500 0.274511
vt 0.254464 0.271853
vt 0.254161 0.274357
vt 0.254161 0.271699
vt 0.253802 0.271699
vt 0.066376 0.271296
vt 0.066679 0.273801
vt 0.066376 0.273955
vt 0.067341 0.271296
vt 0.067038 0.273801
vt 0.067038 0.271142
vt 0.066679 0.271142
vt 0.064620 0.271482
vt 0.064923 0.273987
vt 0.064620 0.274141
vt 0.065585 0.271482
vt 0.065282 0.273987
vt 0.065282 0.271328
vt 0.064923 0.271328
vt 0.273330 0.257160
vt 0.273633 0.259664
vt 0.273330 0.259818
vt 0.274294 0.257160
vt 0.273992 0.259664
vt 0.273992 0.257006
vt 0.273633 0.257006
vt 0.069212 0.270930
vt 0.069515 0.273434
vt 0.069212 0.273588
vt 0.070177 0.270930
vt 0.069874 0.273434
vt 0.069874 0.270776
vt 0.069515 0.270776
vt 0.021735 0.268594
vt 0.044993 0.266276
vt 0.087158 0.255021
vt 0.084225 0.261706
vt 0.080076 0.261706
vt 0.076730 0.252947
vt 0.077142 0.250872
vt 0.078317 0.249114
vt 0.082150 0.247526
vt 0.084225 0.247939
vt 0.085983 0.249114
vt 0.262703 0.264315
vt 0.044636 0.266276
vt 0.097943 0.254211
vt 0.097943 0.258360
vt 0.096768 0.260119
vt 0.092935 0.261706
vt 0.090861 0.261294
vt 0.089103 0.260119
vt 0.087515 0.256286
vt 0.087927 0.254211
vt 0.090861 0.247526
vt 0.256135 0.251296
vt 0.256014 0.255372
vt 0.254971 0.256354
vt 0.253633 0.256862
vt 0.252202 0.256819
vt 0.249914 0.255190
vt 0.249406 0.253851
vt 0.249448 0.252420
vt 0.251078 0.250133
vt 0.252416 0.249624
vt 0.253847 0.249667
vt 0.255535 0.263425
vt 0.233815 0.265721
vt 0.231464 0.256870
vt 0.230552 0.257804
vt 0.229352 0.258319
vt 0.228046 0.258335
vt 0.226833 0.257849
vt 0.225898 0.256937
vt 0.225384 0.255737
vt 0.225853 0.253218
vt 0.226765 0.252283
vt 0.227966 0.251769
vt 0.230485 0.252238
vt 0.231419 0.253150
vt 0.230498 0.244469
vt 0.274099 0.273283
vt 0.263207 0.274494
vt 0.267729 0.274366
vt 0.274306 0.270069
vt 0.265043 0.274289
vt 0.063878 0.274385
vt 0.274306 0.266584
vt 0.266364 0.274289
vt 0.274289 0.249229
vt 0.255829 0.274511
vt 0.257150 0.274511
vt 0.259086 0.274516
vt 0.274289 0.246060
vt 0.274294 0.263307
vt 0.068733 0.273782
vt 0.254464 0.274511
vt 0.067341 0.273955
vt 0.065585 0.274141
vt 0.274294 0.259818
vt 0.070177 0.273588
s 1
f 230/317/320 231/318/321 229/319/320
f 232/320/321 233/321/322 231/318/321
f 234/322/322 235/323/323 233/321/322
f 236/324/323 237/325/324 235/323/323
f 238/326/324 239/327/325 237/325/324
f 240/328/325 241/329/326 239/327/325
f 242/330/326 243/331/327 241/329/326
f 244/332/327 245/333/328 243/331/327
f 228/334/329 225/335/329 226/336/329
f 248/337/330 245/338/330 246/339/330
f 228/340/331 229/319/331 227/341/331
f 247/342/332 226/336/332 225/335/332
f 246/343/333 238/344/333 230/345/333
f 255/346/325 254/347/334 253/348/334
f 257/349/324 256/350/325 255/346/325
f 259/351/323 258/352/324 257/349/324
f 261/353/322 260/354/323 259/351/323
f 263/355/321 262/356/322 261/353/322
f 265/357/335 264/358/321 263/355/321
f 267/359/331 266/360/335 265/357/335
f 269/361/336 268/362/331 267/359/331
f 249/363/330 252/364/330 250/365/330
f 269/366/329 272/367/329 270/368/329
f 253/348/327 252/369/327 251/370/327
f 250/365/332 271/371/332 249/363/332
f 258/372/333 266/373/333 250/374/333
f 290/375/337 275/376/338 274/377/337
f 291/378/339 276/379/340 275/376/338
f 292/380/340 277/381/341 276/379/340
f 293/382/341 278/383/342 277/381/341
f 294/384/342 279/385/343 278/383/342
f 295/386/344 280/387/345 279/385/343
f 296/388/345 281/389/346 280/390/345
f 297/391/346 282/392/347 281/389/346
f 282/392/347 299/393/348 283/394/348
f 299/393/348 284/395/349 283/394/348
f 284/395/349 301/396/350 285/397/350
f 285/397/350 302/398/351 286/399/351
f 286/399/351 303/400/352 287/401/353
f 287/401/353 304/402/354 288/403/354
f 304/402/354 273/404/355 288/403/354
f 289/405/356 305/406/356 290/375/356
f 289/405/355 274/377/337 273/404/355
f 310/407/335 327/408/321 311/409/321
f 304/402/356 306/410/356 289/405/356
f 297/391/356 314/411/356 298/412/356
f 290/375/356 307/413/356 291/378/356
f 299/393/356 314/411/356 315/414/356
f 291/378/356 308/415/356 292/380/356
f 300/416/356 315/414/356 316/417/356
f 292/380/356 309/418/356 293/382/356
f 301/396/356 316/417/356 317/419/356
f 293/382/356 310/407/356 294/384/356
f 302/398/356 317/419/356 318/420/356
f 294/384/356 311/409/356 295/386/356
f 303/400/356 318/420/356 319/421/356
f 295/386/356 312/422/356 296/423/356
f 304/402/356 319/421/356 320/424/356
f 296/388/356 313/425/356 297/391/356
f 331/426/333 327/427/333 323/428/333
f 318/420/357 335/429/358 319/421/358
f 311/409/321 328/430/322 312/422/322
f 319/421/358 336/431/359 320/424/359
f 312/432/322 329/433/323 313/425/323
f 306/410/332 321/434/360 305/406/360
f 320/424/359 322/435/332 306/410/332
f 313/425/323 330/436/324 314/411/324
f 305/406/360 323/437/361 307/413/361
f 314/411/324 331/438/325 315/414/325
f 307/413/361 324/439/362 308/415/362
f 315/414/325 332/440/326 316/417/326
f 308/415/362 325/441/331 309/418/331
f 316/417/326 333/442/327 317/419/327
f 309/418/331 326/443/335 310/407/335
f 317/419/327 334/444/357 318/420/357
f 339/445/353 354/446/354 338/447/354
f 340/448/351 355/449/352 339/445/353
f 340/448/351 357/450/350 356/451/351
f 342/452/349 357/450/350 341/453/350
f 343/454/348 358/455/349 342/452/349
f 343/454/348 360/456/347 359/457/348
f 345/458/346 360/459/347 344/460/347
f 345/458/346 362/461/345 361/462/346
f 347/463/344 362/461/345 346/464/345
f 347/463/344 364/465/342 363/466/344
f 348/467/342 365/468/341 364/465/342
f 349/469/341 366/470/340 365/468/341
f 351/471/363 366/470/340 350/472/340
f 352/473/337 367/474/339 351/471/363
f 337/475/355 368/476/337 352/473/337
f 369/477/356 353/478/356 354/446/356
f 338/447/354 353/478/355 337/475/355
f 391/479/325 374/480/326 375/481/325
f 353/478/356 384/482/356 368/476/356
f 378/483/356 361/462/356 362/461/356
f 355/449/356 369/477/356 354/446/356
f 363/466/356 378/483/356 362/461/356
f 372/484/356 355/449/356 356/451/356
f 364/465/356 379/485/356 363/466/356
f 357/450/356 372/484/356 356/451/356
f 365/468/356 380/486/356 364/465/356
f 374/480/356 357/450/356 358/455/356
f 366/470/356 381/487/356 365/468/356
f 375/481/356 358/455/356 359/457/356
f 383/488/356 366/470/356 367/474/356
f 376/489/356 359/457/356 360/456/356
f 384/482/356 367/474/356 368/476/356
f 361/462/356 376/490/356 360/459/356
f 393/491/333 397/492/333 386/493/333
f 399/494/361 382/495/362 383/488/361
f 392/496/324 375/481/325 376/489/324
f 400/497/360 383/488/361 384/482/360
f 393/498/323 376/490/324 377/499/323
f 385/500/359 370/501/332 369/477/359
f 386/493/332 384/482/360 370/501/332
f 394/502/322 377/499/323 378/483/322
f 387/503/358 369/477/359 371/504/358
f 395/505/321 378/483/322 379/485/321
f 388/506/357 371/504/358 372/484/357
f 396/507/335 379/485/321 380/486/335
f 389/508/327 372/484/357 373/509/327
f 397/510/331 380/486/335 381/487/331
f 390/511/326 373/509/327 374/480/326
f 398/512/362 381/487/331 382/495/362
f 401/513/332 404/514/332 403/515/332
f 405/516/323 408/517/323 406/518/323
f 404/514/341 407/519/341 403/515/341
f 409/520/364 412/521/364 411/522/364
f 413/523/365 416/524/365 414/525/365
f 412/521/366 415/526/366 411/522/366
f 417/527/367 420/528/367 419/529/367
f 421/530/368 424/531/368 422/532/368
f 420/528/369 423/533/369 419/529/369
f 425/534/370 428/535/370 427/536/370
f 429/537/371 432/538/371 430/539/371
f 427/536/372 432/538/372 431/540/372
f 433/541/373 436/542/373 435/543/373
f 437/544/374 440/545/374 438/546/374
f 436/542/375 439/547/375 435/543/375
f 441/548/323 444/549/323 443/550/323
f 445/551/332 448/552/332 446/553/332
f 444/549/350 447/554/350 443/550/350
f 449/555/365 452/556/365 451/557/365
f 453/558/364 456/559/364 454/560/364
f 452/556/376 455/561/376 451/557/376
f 457/562/368 460/563/368 459/564/368
f 461/565/367 464/566/367 462/567/367
f 460/563/377 463/568/377 459/564/377
f 465/569/371 468/570/371 467/571/371
f 469/572/370 472/573/370 470/574/370
f 468/570/378 471/575/378 467/571/378
f 473/576/374 476/577/374 475/578/374
f 477/579/373 480/580/373 478/581/373
f 476/577/379 479/582/379 475/578/379
f 481/583/332 484/584/332 482/585/332
f 485/586/323 488/587/323 487/588/323
f 487/588/350 484/584/350 483/589/350
f 489/590/374 492/591/374 490/592/374
f 493/593/373 496/594/373 495/595/373
f 495/595/375 492/591/375 491/596/375
f 497/597/371 500/598/371 498/599/380
f 501/600/370 504/601/370 503/602/370
f 503/602/372 500/598/372 499/603/372
f 505/604/368 508/605/368 506/606/368
f 509/607/381 512/608/367 511/609/381
f 511/609/369 508/605/369 507/610/369
f 513/611/365 516/612/365 514/613/365
f 517/614/364 520/615/364 519/616/364
f 519/616/366 516/612/366 515/617/366
f 521/618/323 524/619/323 522/620/323
f 525/621/332 528/622/332 527/623/332
f 527/623/341 524/619/341 523/624/341
f 529/625/373 532/626/373 530/627/373
f 533/628/374 536/629/374 535/630/374
f 535/630/379 532/626/379 531/631/379
f 537/632/370 540/633/370 538/634/370
f 541/635/371 544/636/371 543/637/371
f 543/637/378 540/633/378 539/638/378
f 545/639/367 548/640/382 546/641/382
f 549/642/368 552/643/368 551/644/368
f 547/645/377 552/643/377 548/640/377
f 553/646/364 556/647/364 554/648/364
f 557/649/365 560/650/365 559/651/365
f 555/652/376 560/650/376 556/647/376
f 230/317/320 232/320/321 231/318/321
f 232/320/321 234/322/322 233/321/322
f 234/322/322 236/324/323 235/323/323
f 236/324/323 238/326/324 237/325/324
f 238/326/324 240/328/325 239/327/325
f 240/328/325 242/330/326 241/329/326
f 242/330/326 244/332/327 243/331/327
f 244/332/327 246/653/328 245/333/328
f 228/334/329 227/654/329 225/335/329
f 248/337/330 247/342/330 245/338/330
f 228/340/331 230/317/331 229/319/331
f 247/342/332 248/337/332 226/336/332
f 230/345/333 228/655/333 226/656/333
f 226/656/333 248/657/333 246/343/333
f 246/343/333 244/658/333 242/659/333
f 242/659/333 240/660/333 238/344/333
f 238/344/333 236/661/333 234/662/333
f 234/662/333 232/663/333 230/345/333
f 230/345/333 226/656/333 246/343/333
f 246/343/333 242/659/333 238/344/333
f 238/344/333 234/662/333 230/345/333
f 255/346/325 256/350/325 254/347/334
f 257/349/324 258/352/324 256/350/325
f 259/351/323 260/354/323 258/352/324
f 261/353/322 262/356/322 260/354/323
f 263/355/321 264/358/321 262/356/322
f 265/357/335 266/360/335 264/358/321
f 267/359/331 268/362/331 266/360/335
f 269/361/336 270/664/336 268/362/331
f 249/363/330 251/665/330 252/364/330
f 269/366/329 271/371/329 272/367/329
f 253/348/327 254/347/327 252/369/327
f 250/365/332 272/367/332 271/371/332
f 250/374/333 252/666/333 254/667/333
f 254/667/333 256/668/333 258/372/333
f 258/372/333 260/669/333 262/670/333
f 262/670/333 264/671/333 266/373/333
f 266/373/333 268/672/333 270/673/333
f 270/673/333 272/674/333 250/374/333
f 250/374/333 254/667/333 258/372/333
f 258/372/333 262/670/333 266/373/333
f 266/373/333 270/673/333 250/374/333
f 290/375/337 291/378/339 275/376/338
f 291/378/339 292/380/340 276/379/340
f 292/380/340 293/382/341 277/381/341
f 293/382/341 294/384/342 278/383/342
f 294/384/342 295/386/344 279/385/343
f 295/386/344 296/423/345 280/387/345
f 296/388/345 297/391/346 281/389/346
f 297/391/346 298/412/347 282/392/347
f 282/392/347 298/412/347 299/393/348
f 299/393/348 300/416/349 284/395/349
f 284/395/349 300/416/349 301/396/350
f 285/397/350 301/396/350 302/398/351
f 286/399/351 302/398/351 303/400/352
f 287/401/353 303/400/352 304/402/354
f 304/402/354 289/405/355 273/404/355
f 289/405/356 306/410/356 305/406/356
f 289/405/355 290/375/337 274/377/337
f 310/407/335 326/443/335 327/408/321
f 304/402/356 320/424/356 306/410/356
f 297/391/356 313/425/356 314/411/356
f 290/375/356 305/406/356 307/413/356
f 299/393/356 298/412/356 314/411/356
f 291/378/356 307/413/356 308/415/356
f 300/416/356 299/393/356 315/414/356
f 292/380/356 308/415/356 309/418/356
f 301/396/356 300/416/356 316/417/356
f 293/382/356 309/418/356 310/407/356
f 302/398/356 301/396/356 317/419/356
f 294/384/356 310/407/356 311/409/356
f 303/400/356 302/398/356 318/420/356
f 295/386/356 311/409/356 312/422/356
f 304/402/356 303/400/356 319/421/356
f 296/388/356 312/432/356 313/425/356
f 323/428/333 321/675/333 322/435/333
f 322/435/333 336/431/333 335/676/333
f 335/676/333 334/677/333 333/678/333
f 333/678/333 332/679/333 331/426/333
f 331/426/333 330/680/333 329/681/333
f 329/681/333 328/682/333 327/427/333
f 327/427/333 326/683/333 325/684/333
f 325/684/333 324/685/333 323/428/333
f 323/428/333 322/435/333 335/676/333
f 335/676/333 333/678/333 331/426/333
f 331/426/333 329/681/333 327/427/333
f 327/427/333 325/684/333 323/428/333
f 323/428/333 335/676/333 331/426/333
f 318/420/357 334/444/357 335/429/358
f 311/409/321 327/408/321 328/430/322
f 319/421/358 335/429/358 336/431/359
f 312/432/322 328/686/322 329/433/323
f 306/410/332 322/435/332 321/434/360
f 320/424/359 336/431/359 322/435/332
f 313/425/323 329/433/323 330/436/324
f 305/406/360 321/434/360 323/437/361
f 314/411/324 330/436/324 331/438/325
f 307/413/361 323/437/361 324/439/362
f 315/414/325 331/438/325 332/440/326
f 308/415/362 324/439/362 325/441/331
f 316/417/326 332/440/326 333/442/327
f 309/418/331 325/441/331 326/443/335
f 317/419/327 333/442/327 334/444/357
f 339/445/353 355/449/352 354/446/354
f 340/448/351 356/451/351 355/449/352
f 340/448/351 341/453/350 357/450/350
f 342/452/349 358/455/349 357/450/350
f 343/454/348 359/457/348 358/455/349
f 343/454/348 344/687/347 360/456/347
f 345/458/346 361/462/346 360/459/347
f 345/458/346 346/464/345 362/461/345
f 347/463/344 363/466/344 362/461/345
f 347/463/344 348/467/342 364/465/342
f 348/467/342 349/469/341 365/468/341
f 349/469/341 350/472/340 366/470/340
f 351/471/363 367/474/339 366/470/340
f 352/473/337 368/476/337 367/474/339
f 337/475/355 353/478/355 368/476/337
f 369/477/356 370/501/356 353/478/356
f 338/447/354 354/446/354 353/478/355
f 391/479/325 390/511/326 374/480/326
f 353/478/356 370/501/356 384/482/356
f 378/483/356 377/499/356 361/462/356
f 355/449/356 371/504/356 369/477/356
f 363/466/356 379/485/356 378/483/356
f 372/484/356 371/504/356 355/449/356
f 364/465/356 380/486/356 379/485/356
f 357/450/356 373/509/356 372/484/356
f 365/468/356 381/487/356 380/486/356
f 374/480/356 373/509/356 357/450/356
f 366/470/356 382/495/356 381/487/356
f 375/481/356 374/480/356 358/455/356
f 383/488/356 382/495/356 366/470/356
f 376/489/356 375/481/356 359/457/356
f 384/482/356 383/488/356 367/474/356
f 361/462/356 377/499/356 376/490/356
f 386/493/333 385/688/333 387/689/333
f 387/689/333 388/690/333 389/691/333
f 389/691/333 390/692/333 391/693/333
f 391/693/333 392/694/333 393/491/333
f 393/491/333 394/695/333 395/696/333
f 395/696/333 396/697/333 397/492/333
f 397/492/333 398/698/333 399/699/333
f 399/699/333 400/497/333 386/493/333
f 386/493/333 387/689/333 389/691/333
f 389/691/333 391/693/333 393/491/333
f 393/491/333 395/696/333 397/492/333
f 397/492/333 399/699/333 386/493/333
f 386/493/333 389/691/333 393/491/333
f 399/494/361 398/512/362 382/495/362
f 392/496/324 391/479/325 375/481/325
f 400/497/360 399/494/361 383/488/361
f 393/498/323 392/700/324 376/490/324
f 385/500/359 386/493/332 370/501/332
f 386/493/332 400/497/360 384/482/360
f 394/502/322 393/498/323 377/499/323
f 387/503/358 385/500/359 369/477/359
f 395/505/321 394/502/322 378/483/322
f 388/506/357 387/503/358 371/504/358
f 396/507/335 395/505/321 379/485/321
f 389/508/327 388/506/357 372/484/357
f 397/510/331 396/507/335 380/486/335
f 390/511/326 389/508/327 373/509/327
f 398/512/362 397/510/331 381/487/331
f 401/513/332 402/701/332 404/514/332
f 405/516/323 407/519/323 408/517/323
f 404/514/341 408/517/341 407/519/341
f 409/520/364 410/702/364 412/521/364
f 413/523/365 415/526/365 416/524/365
f 412/521/366 416/524/366 415/526/366
f 417/527/367 418/703/367 420/528/367
f 421/530/368 423/533/368 424/531/368
f 420/528/369 424/531/369 423/533/369
f 425/534/370 426/704/370 428/535/370
f 429/537/371 431/540/371 432/538/371
f 427/536/372 428/535/372 432/538/372
f 433/541/373 434/705/373 436/542/373
f 437/544/374 439/547/374 440/545/374
f 436/542/375 440/545/375 439/547/375
f 441/548/323 442/706/323 444/549/323
f 445/551/332 447/554/332 448/552/332
f 444/549/350 448/552/350 447/554/350
f 449/555/365 450/707/365 452/556/365
f 453/558/364 455/561/364 456/559/364
f 452/556/376 456/559/376 455/561/376
f 457/562/368 458/708/368 460/563/368
f 461/565/367 463/568/367 464/566/367
f 460/563/377 464/566/377 463/568/377
f 465/569/371 466/709/371 468/570/371
f 469/572/370 471/575/370 472/573/370
f 468/570/378 472/573/378 471/575/378
f 473/576/374 474/710/374 476/577/374
f 477/579/373 479/582/373 480/580/373
f 476/577/379 480/580/379 479/582/379
f 481/583/332 483/589/332 484/584/332
f 485/586/323 486/711/323 488/587/323
f 487/588/350 488/587/350 484/584/350
f 489/590/374 491/596/374 492/591/374
f 493/593/373 494/712/373 496/594/373
f 495/595/375 496/594/375 492/591/375
f 497/597/371 499/603/371 500/598/371
f 501/600/370 502/713/370 504/601/370
f 503/602/372 504/601/372 500/598/372
f 505/604/368 507/610/368 508/605/368
f 509/607/381 510/714/367 512/608/367
f 511/609/369 512/608/369 508/605/369
f 513/611/365 515/617/365 516/612/365
f 517/614/364 518/715/364 520/615/364
f 519/616/366 520/615/366 516/612/366
f 521/618/323 523/624/323 524/619/323
f 525/621/332 526/716/332 528/622/332
f 527/623/341 528/622/341 524/619/341
f 529/625/373 531/631/373 532/626/373
f 533/628/374 534/717/374 536/629/374
f 535/630/379 536/629/379 532/626/379
f 537/632/370 539/638/370 540/633/370
f 541/635/371 542/718/371 544/636/371
f 543/637/378 544/636/378 540/633/378
f 545/639/367 547/645/367 548/640/382
f 549/642/368 550/719/368 552/643/368
f 547/645/377 551/644/377 552/643/377
f 553/646/364 555/652/364 556/647/364
f 557/649/365 558/720/365 560/650/365
f 555/652/376 559/651/376 560/650/376
o Cushion
v 0.079187 -0.002761 0.223322
v 0.063625 0.034565 0.241911
v 0.118207 -0.003148 -0.244481
v 0.105746 0.018538 -0.248497
v 0.000000 -0.003558 -0.271175
v 0.000000 0.018154 -0.263949
v -0.000000 -0.003939 0.236908
v 0.000000 0.036505 0.245545
v 0.118841 0.009878 -0.260849
v 0.088785 0.021100 0.243683
v 0.000000 0.024342 0.267338
v -0.000000 0.014983 -0.289749
v 0.114024 -0.002644 0.107088
v 0.108850 0.022820 0.093134
v 0.000000 -0.005196 0.096668
v 0.121238 0.018315 0.090576
v 0.099824 0.025981 0.176972
v -0.000000 -0.005196 0.184909
v 0.117637 0.021782 0.182689
v 0.103999 -0.002317 0.185199
v 0.078240 0.029751 0.211088
v 0.000000 -0.005196 0.214465
v 0.106914 0.022026 0.214560
v 0.093031 -0.002475 0.209257
v 0.120085 0.001853 -0.262480
v 0.082160 0.004958 0.240035
v -0.000000 0.005166 0.261264
v 0.000000 0.005017 -0.295133
v 0.124966 0.007098 0.093191
v 0.118843 0.009059 0.183625
v 0.106610 0.008370 0.213057
v 0.117855 -0.003367 -0.112826
v 0.109210 0.020431 -0.135167
v -0.000000 -0.005196 -0.140389
v 0.121249 0.011405 -0.146338
v 0.124227 0.002757 -0.141635
v 0.081257 0.018154 -0.263949
v 0.054799 -0.004343 0.228363
v 0.080681 -0.004068 -0.264498
v 0.043855 0.034910 0.250338
v 0.054149 0.024786 0.263956
v 0.080037 0.013725 -0.287038
v 0.074521 -0.005648 0.107678
v 0.069692 -0.005648 0.186013
v 0.063314 -0.005648 0.210830
v 0.078533 0.004127 -0.291913
v 0.050992 0.005163 0.254892
v 0.080008 -0.005648 -0.119509
v -0.079187 -0.002761 0.223322
v -0.063625 0.034565 0.241911
v -0.118207 -0.003148 -0.244480
v -0.105746 0.018538 -0.248497
v -0.118841 0.009878 -0.260849
v -0.088785 0.021100 0.243683
v -0.114024 -0.002644 0.107088
v -0.108850 0.022820 0.093134
v -0.121238 0.018315 0.090576
v -0.099824 0.025981 0.176972
v -0.117637 0.021782 0.182689
v -0.103999 -0.002317 0.185199
v -0.078240 0.029751 0.211088
v -0.106914 0.022026 0.214560
v -0.093031 -0.002475 0.209256
v -0.120085 0.001853 -0.262480
v -0.082160 0.004958 0.240035
v -0.124966 0.007098 0.093191
v -0.118843 0.009059 0.183625
v -0.106610 0.008370 0.213057
v -0.117855 -0.003367 -0.112826
v -0.109210 0.020431 -0.135167
v -0.121249 0.011405 -0.146338
v -0.124227 0.002757 -0.141635
v -0.081257 0.018154 -0.263949
v -0.054799 -0.004343 0.228363
v -0.080681 -0.004068 -0.264498
v -0.043855 0.034910 0.250338
v -0.054149 0.024786 0.263956
v -0.080037 0.013725 -0.287038
v -0.074521 -0.005648 0.107678
v -0.069692 -0.005648 0.186013
v -0.063314 -0.005648 0.210830
v -0.078533 0.004127 -0.291913
v -0.050992 0.005163 0.254892
v -0.080008 -0.005648 -0.119509
v 0.099321 0.018202 -0.262017
v 0.120365 -0.001294 -0.257032
v 0.119626 -0.003477 -0.200356
v 0.070090 0.032487 0.228092
v 0.079734 -0.000278 0.230913
v 0.070916 -0.003845 0.224406
v 0.043327 -0.003802 -0.269273
v 0.024139 0.035815 0.247609
v 0.000000 -0.005039 0.225581
v 0.000000 -0.000915 0.249750
v 0.000000 -0.000030 -0.290521
v 0.113528 0.014188 -0.255475
v 0.079498 0.028269 0.242834
v -0.000000 0.031345 0.258729
v 0.000000 0.017242 -0.278607
v 0.028633 0.024808 0.267021
v 0.099230 0.021146 0.229396
v 0.105371 0.011678 -0.279419
v 0.109522 -0.002418 0.162461
v 0.109571 0.021554 -0.017753
v 0.000000 -0.005196 -0.017556
v 0.121042 0.014780 -0.025631
v 0.122046 0.001526 0.100025
v 0.040100 -0.005459 0.100853
v 0.115662 0.021240 0.091700
v 0.106120 0.024344 0.152382
v 0.000000 -0.005196 0.158739
v 0.120292 0.020599 0.154980
v 0.098819 -0.002306 0.199028
v 0.113199 0.002547 0.184272
v 0.037963 -0.005459 0.185378
v 0.110044 0.024724 0.180329
v 0.089321 0.027643 0.194270
v -0.000000 -0.005196 0.201394
v 0.113079 0.022283 0.199874
v 0.085716 -0.002794 0.216960
v 0.100908 0.002085 0.210900
v 0.034642 -0.005459 0.213192
v 0.095187 0.026513 0.213231
v 0.120204 0.005687 -0.263278
v 0.087514 0.012723 0.243779
v 0.000000 0.014619 0.267890
v 0.000000 0.010528 -0.294825
v 0.124497 0.013205 0.090408
v 0.120529 0.016088 0.183456
v 0.109799 0.015550 0.214453
v 0.113972 0.009153 0.199558
v 0.122770 0.008452 0.156632
v 0.124752 0.004882 -0.021313
v 0.105012 0.002906 -0.283303
v 0.095409 0.006548 0.227251
v 0.027387 0.005242 0.259384
v 0.116270 -0.003013 0.003505
v 0.108218 0.019350 -0.211154
v 0.000000 -0.004991 -0.224994
v 0.122251 0.009683 -0.222542
v 0.124517 0.001718 -0.220514
v 0.123253 -0.000735 -0.126546
v 0.116038 0.015926 -0.141492
v 0.043444 -0.005459 -0.133070
v 0.123709 0.006914 -0.147720
v 0.045785 0.018154 -0.263949
v 0.029914 -0.004165 0.233956
v 0.106591 -0.003802 -0.256805
v 0.056139 0.034931 0.249148
v 0.074109 0.022941 0.255820
v 0.043195 0.014762 -0.289466
v 0.098886 -0.004917 0.110077
v 0.090764 -0.004876 0.185913
v 0.081817 -0.004896 0.209274
v 0.041988 0.004826 -0.294751
v 0.068335 0.004750 0.248892
v 0.104422 -0.005007 -0.110900
v 0.081047 -0.005451 -0.210119
v 0.051673 -0.001198 0.241745
v 0.079430 -0.000675 -0.287204
v 0.066872 -0.005648 0.200037
v 0.072040 -0.005648 0.163777
v 0.077495 -0.005648 0.000629
v 0.078979 0.009327 -0.291566
v 0.053108 0.015026 0.262725
v 0.050504 0.031018 0.258882
v 0.059029 -0.005485 0.219003
v 0.080785 0.016452 -0.277074
v -0.099321 0.018202 -0.262017
v -0.120365 -0.001294 -0.257032
v -0.119626 -0.003477 -0.200356
v -0.070090 0.032487 0.228092
v -0.079734 -0.000278 0.230913
v -0.070916 -0.003845 0.224406
v -0.043327 -0.003802 -0.269273
v -0.024139 0.035815 0.247609
v -0.113528 0.014188 -0.255475
v -0.079498 0.028269 0.242834
v -0.028633 0.024808 0.267021
v -0.099230 0.021146 0.229396
v -0.105371 0.011678 -0.279419
v -0.109522 -0.002418 0.162461
v -0.109571 0.021554 -0.017753
v -0.121042 0.014780 -0.025631
v -0.122046 0.001526 0.100025
v -0.040100 -0.005459 0.100853
v -0.115662 0.021240 0.091700
v -0.106120 0.024344 0.152382
v -0.120292 0.020599 0.154980
v -0.098819 -0.002306 0.199028
v -0.113199 0.002547 0.184272
v -0.037963 -0.005459 0.185378
v -0.110044 0.024724 0.180329
v -0.089321 0.027643 0.194270
v -0.113079 0.022283 0.199874
v -0.085716 -0.002794 0.216960
v -0.100908 0.002085 0.210899
v -0.034642 -0.005459 0.213192
v -0.095187 0.026513 0.213231
v -0.120204 0.005687 -0.263278
v -0.087514 0.012723 0.243779
v -0.124497 0.013205 0.090408
v -0.120529 0.016088 0.183456
v -0.109799 0.015550 0.214453
v -0.113972 0.009153 0.199558
v -0.122770 0.008452 0.156632
v -0.124752 0.004882 -0.021313
v -0.105012 0.002906 -0.283303
v -0.095409 0.006548 0.227251
v -0.027387 0.005242 0.259384
v -0.116270 -0.003013 0.003505
v -0.108218 0.019350 -0.211154
v -0.122251 0.009683 -0.222542
v -0.124517 0.001718 -0.220514
v -0.123253 -0.000735 -0.126546
v -0.116038 0.015926 -0.141492
v -0.043444 -0.005459 -0.133070
v -0.123709 0.006914 -0.147720
v -0.045785 0.018154 -0.263949
v -0.029914 -0.004165 0.233956
v -0.106591 -0.003802 -0.256805
v -0.056139 0.034931 0.249148
v -0.074109 0.022941 0.255820
v -0.043195 0.014762 -0.289466
v -0.098886 -0.004917 0.110077
v -0.090764 -0.004876 0.185913
v -0.081817 -0.004896 0.209274
v -0.041988 0.004826 -0.294751
v -0.068335 0.004750 0.248892
v -0.104422 -0.005007 -0.110900
v -0.081047 -0.005451 -0.210119
v -0.051673 -0.001198 0.241745
v -0.079430 -0.000675 -0.287204
v -0.066872 -0.005648 0.200037
v -0.072040 -0.005648 0.163777
v -0.077495 -0.005648 0.000629
v -0.078979 0.009327 -0.291566
v -0.053108 0.015026 0.262725
v -0.050504 0.031018 0.258882
v -0.059029 -0.005485 0.219003
v -0.080785 0.016452 -0.277074
v 0.103085 0.015183 -0.271888
v 0.087870 0.027241 0.228788
v 0.076182 -0.004804 0.216257
v 0.027046 0.031389 0.259513
v 0.028181 0.015002 0.266753
v 0.100051 0.013795 0.229482
v 0.105378 0.007406 -0.282923
v 0.124008 0.009993 -0.026476
v 0.101956 -0.004963 0.006653
v 0.115906 0.018503 -0.022215
v 0.123325 0.015182 0.155495
v 0.095005 -0.004889 0.164315
v 0.114069 0.023303 0.153903
v 0.116330 0.016306 0.200196
v 0.086549 -0.004875 0.199352
v 0.103123 0.025738 0.197652
v 0.107848 0.002583 0.199094
v 0.118388 0.002231 0.159357
v 0.122948 0.000371 -0.008625
v 0.105933 -0.001076 -0.279107
v 0.091009 0.000918 0.221790
v 0.028045 -0.001047 0.247086
v 0.124232 -0.001280 -0.210073
v 0.116392 0.014401 -0.217587
v 0.106282 -0.004878 -0.202031
v 0.124324 0.005412 -0.224342
v 0.043833 -0.005252 -0.220008
v 0.067912 -0.001016 0.236746
v 0.042499 -0.000238 -0.289979
v 0.036568 -0.005459 0.200929
v 0.038932 -0.005459 0.160740
v 0.041896 -0.005459 -0.010960
v 0.042280 0.010311 -0.294461
v 0.072445 0.013688 0.255064
v 0.067685 0.029764 0.253282
v 0.032288 -0.005298 0.223283
v 0.044421 0.017103 -0.278452
v -0.103085 0.015183 -0.271888
v -0.087870 0.027241 0.228788
v -0.076182 -0.004804 0.216257
v -0.027046 0.031389 0.259513
v -0.028181 0.015002 0.266753
v -0.100051 0.013795 0.229482
v -0.105378 0.007406 -0.282923
v -0.124008 0.009993 -0.026476
v -0.101956 -0.004963 0.006653
v -0.115906 0.018503 -0.022215
v -0.123325 0.015182 0.155495
v -0.095005 -0.004889 0.164315
v -0.114069 0.023303 0.153903
v -0.116330 0.016306 0.200196
v -0.086549 -0.004875 0.199352
v -0.103123 0.025738 0.197652
v -0.107848 0.002583 0.199094
v -0.118388 0.002231 0.159357
v -0.122948 0.000371 -0.008625
v -0.105933 -0.001076 -0.279107
v -0.091009 0.000918 0.221790
v -0.028045 -0.001047 0.247086
v -0.124232 -0.001280 -0.210073
v -0.116392 0.014401 -0.217587
v -0.106282 -0.004878 -0.202031
v -0.124324 0.005412 -0.224342
v -0.043833 -0.005252 -0.220008
v -0.067912 -0.001016 0.236746
v -0.042499 -0.000238 -0.289979
v -0.036568 -0.005459 0.200929
v -0.038932 -0.005459 0.160740
v -0.041896 -0.005459 -0.010960
v -0.042280 0.010311 -0.294461
v -0.072445 0.013688 0.255064
v -0.067685 0.029764 0.253282
v -0.032288 -0.005298 0.223283
v -0.044421 0.017103 -0.278452
vn 0.2221 -0.9397 0.2601
vn 0.3418 0.9208 0.1882
vn 0.2943 -0.9547 -0.0437
vn 0.4219 0.9016 -0.0961
vn -0.0000 -0.9944 -0.1061
vn -0.0000 0.9979 -0.0642
vn -0.0000 -0.9858 0.1680
vn -0.0000 0.9312 0.3645
vn 0.7372 0.6364 -0.2270
vn 0.6952 0.3723 0.6150
vn -0.0000 0.4386 0.8987
vn -0.0000 0.8955 -0.4450
vn 0.3243 -0.9457 0.0220
vn 0.2184 0.9757 -0.0191
vn -0.0000 -1.0000 -0.0000
vn 0.6774 0.7354 -0.0163
vn 0.1317 0.9911 -0.0203
vn -0.0000 -1.0000 -0.0001
vn 0.6644 0.7414 0.0945
vn 0.3399 -0.9344 0.1061
vn 0.2176 0.9760 0.0066
vn -0.0000 -1.0000 0.0073
vn 0.6383 0.6882 0.3449
vn 0.3265 -0.9228 0.2043
vn 0.8674 -0.3357 -0.3673
vn 0.4259 -0.7522 0.5029
vn -0.0000 -0.7452 0.6669
vn -0.0000 -0.3340 -0.9426
vn 0.9815 -0.1911 0.0145
vn 0.8778 -0.4352 0.2003
vn 0.7140 -0.5711 0.4051
vn 0.2936 -0.9559 0.0063
vn 0.5368 0.8435 -0.0179
vn -0.0000 -1.0000 -0.0013
vn 0.7737 0.6334 -0.0116
vn 0.9987 -0.0512 0.0040
vn 0.0373 0.9876 -0.1523
vn 0.0517 -0.9808 0.1879
vn 0.0173 -0.9960 -0.0877
vn 0.0225 0.9221 0.3863
vn 0.2494 0.2919 0.9234
vn 0.1447 0.8440 -0.5165
vn 0.0122 -0.9999 0.0006
vn 0.0165 -0.9999 0.0032
vn 0.0207 -0.9996 0.0202
vn 0.1648 -0.3339 -0.9281
vn 0.1507 -0.7727 0.6167
vn 0.0107 -0.9999 -0.0007
vn -0.2221 -0.9397 0.2601
vn -0.3418 0.9208 0.1882
vn -0.2943 -0.9547 -0.0437
vn -0.4219 0.9016 -0.0961
vn -0.7372 0.6364 -0.2270
vn -0.6952 0.3723 0.6150
vn -0.3243 -0.9457 0.0220
vn -0.2184 0.9757 -0.0191
vn -0.6774 0.7354 -0.0163
vn -0.1317 0.9911 -0.0203
vn -0.6644 0.7414 0.0945
vn -0.3399 -0.9344 0.1061
vn -0.2176 0.9760 0.0066
vn -0.6383 0.6882 0.3449
vn -0.3265 -0.9228 0.2043
vn -0.8674 -0.3357 -0.3673
vn -0.4259 -0.7522 0.5029
vn -0.9815 -0.1911 0.0145
vn -0.8778 -0.4352 0.2003
vn -0.7140 -0.5711 0.4051
vn -0.2936 -0.9559 0.0063
vn -0.5368 0.8435 -0.0179
vn -0.7737 0.6334 -0.0116
vn -0.9987 -0.0512 0.0040
vn -0.0373 0.9876 -0.1523
vn -0.0517 -0.9808 0.1879
vn -0.0173 -0.9960 -0.0877
vn -0.0225 0.9221 0.3863
vn -0.2494 0.2919 0.9234
vn -0.1447 0.8440 -0.5165
vn -0.0122 -0.9999 0.0006
vn -0.0165 -0.9999 0.0032
vn -0.0207 -0.9996 0.0202
vn -0.1648 -0.3339 -0.9281
vn -0.1507 -0.7727 0.6167
vn -0.0107 -0.9999 -0.0007
vn 0.2042 0.9537 -0.2208
vn 0.7240 -0.6675 -0.1738
vn 0.2799 -0.9600 0.0016
vn 0.3109 0.9499 0.0326
vn 0.3031 -0.8882 0.3452
vn 0.1167 -0.9693 0.2164
vn 0.0001 -0.9950 -0.0998
vn -0.0080 0.9356 0.3529
vn -0.0000 -0.9983 0.0583
vn -0.0000 -0.9344 0.3561
vn -0.0000 -0.8740 -0.4859
vn 0.4800 0.8682 -0.1259
vn 0.4490 0.8437 0.2941
vn -0.0000 0.8661 0.4998
vn -0.0000 0.9913 -0.1316
vn 0.0576 0.3839 0.9216
vn 0.7211 0.5361 0.4389
vn 0.4601 0.7200 -0.5195
vn 0.3388 -0.9390 0.0598
vn 0.4200 0.9073 -0.0172
vn 0.7281 0.6852 -0.0183
vn 0.7243 -0.6889 0.0291
vn -0.0060 -1.0000 -0.0001
vn 0.3463 0.9379 -0.0201
vn 0.1346 0.9906 -0.0251
vn 0.6742 0.7385 0.0125
vn 0.3420 -0.9274 0.1517
vn 0.6239 -0.7611 0.1776
vn -0.0065 -1.0000 -0.0005
vn 0.2492 0.9684 0.0074
vn 0.1507 0.9886 0.0018
vn 0.6236 0.7495 0.2222
vn 0.2683 -0.9315 0.2456
vn 0.5343 -0.7819 0.3212
vn -0.0063 -1.0000 0.0071
vn 0.2701 0.9579 0.0975
vn 0.9083 0.1707 -0.3820
vn 0.6286 -0.3830 0.6769
vn -0.0000 -0.2790 0.9603
vn -0.0000 0.4379 -0.8990
vn 0.9484 0.3171 -0.0032
vn 0.9752 0.1337 0.1762
vn 0.8785 -0.0201 0.4773
vn 0.8065 -0.4992 0.3168
vn 0.9435 -0.3207 0.0832
vn 0.9935 -0.1142 -0.0010
vn 0.5067 -0.3091 -0.8048
vn 0.5755 -0.6818 0.4516
vn 0.0800 -0.7584 0.6469
vn 0.3080 -0.9514 0.0088
vn 0.5035 0.8636 -0.0267
vn -0.0000 -0.9999 -0.0173
vn 0.7740 0.6322 -0.0346
vn 0.9879 -0.1483 -0.0462
vn 0.7765 -0.6300 0.0065
vn 0.5923 0.8055 -0.0182
vn -0.0053 -1.0000 -0.0013
vn 0.9515 0.3075 -0.0025
vn 0.0086 0.9968 -0.0795
vn 0.0210 -0.9846 0.1737
vn 0.0924 -0.9925 -0.0805
vn 0.1984 0.8981 0.3924
vn 0.5290 0.2799 0.8012
vn 0.0334 0.8879 -0.4588
vn 0.0922 -0.9957 0.0064
vn 0.1190 -0.9923 0.0333
vn 0.1290 -0.9877 0.0878
vn 0.0359 -0.3397 -0.9398
vn 0.2681 -0.7715 0.5769
vn 0.0744 -0.9972 0.0015
vn 0.0115 -0.9999 -0.0127
vn 0.0900 -0.9356 0.3415
vn 0.0858 -0.8739 -0.4785
vn 0.0181 -0.9998 0.0055
vn 0.0143 -0.9999 0.0018
vn 0.0112 -0.9999 0.0004
vn 0.1898 0.3904 -0.9009
vn 0.2211 -0.3878 0.8949
vn 0.1228 0.8049 0.5805
vn 0.0301 -0.9959 0.0849
vn 0.0720 0.9756 -0.2072
vn -0.2042 0.9537 -0.2208
vn -0.7240 -0.6675 -0.1738
vn -0.2799 -0.9600 0.0016
vn -0.3109 0.9499 0.0326
vn -0.3031 -0.8882 0.3452
vn -0.1167 -0.9693 0.2164
vn -0.0001 -0.9950 -0.0998
vn 0.0080 0.9356 0.3529
vn -0.4800 0.8682 -0.1259
vn -0.4490 0.8437 0.2941
vn -0.0576 0.3839 0.9216
vn -0.7211 0.5361 0.4389
vn -0.4601 0.7200 -0.5195
vn -0.3388 -0.9390 0.0598
vn -0.4200 0.9073 -0.0172
vn -0.7281 0.6852 -0.0183
vn -0.7243 -0.6889 0.0291
vn 0.0060 -1.0000 -0.0001
vn -0.3463 0.9379 -0.0201
vn -0.1346 0.9906 -0.0251
vn -0.6742 0.7385 0.0125
vn -0.3420 -0.9274 0.1517
vn -0.6239 -0.7611 0.1776
vn 0.0065 -1.0000 -0.0005
vn -0.2492 0.9684 0.0074
vn -0.1507 0.9886 0.0018
vn -0.6236 0.7495 0.2222
vn -0.2683 -0.9315 0.2456
vn -0.5343 -0.7819 0.3212
vn 0.0063 -1.0000 0.0071
vn -0.2701 0.9579 0.0975
vn -0.9083 0.1707 -0.3820
vn -0.6286 -0.3830 0.6769
vn -0.9484 0.3171 -0.0032
vn -0.9752 0.1337 0.1762
vn -0.8785 -0.0201 0.4773
vn -0.8065 -0.4991 0.3168
vn -0.9435 -0.3207 0.0832
vn -0.9935 -0.1142 -0.0010
vn -0.5067 -0.3091 -0.8048
vn -0.5755 -0.6818 0.4516
vn -0.0800 -0.7584 0.6469
vn -0.3080 -0.9514 0.0088
vn -0.5035 0.8636 -0.0267
vn -0.7740 0.6322 -0.0346
vn -0.9879 -0.1483 -0.0462
vn -0.7765 -0.6300 0.0065
vn -0.5923 0.8055 -0.0182
vn 0.0053 -1.0000 -0.0013
vn -0.9515 0.3075 -0.0025
vn -0.0086 0.9968 -0.0796
vn -0.0210 -0.9846 0.1737
vn -0.0924 -0.9925 -0.0805
vn -0.1984 0.8981 0.3924
vn -0.5290 0.2799 0.8012
vn -0.0334 0.8879 -0.4588
vn -0.0922 -0.9957 0.0064
vn -0.1190 -0.9923 0.0333
vn -0.1290 -0.9877 0.0878
vn -0.0359 -0.3397 -0.9398
vn -0.2681 -0.7715 0.5769
vn -0.0744 -0.9972 0.0015
vn -0.0115 -0.9999 -0.0127
vn -0.0900 -0.9356 0.3415
vn -0.0858 -0.8739 -0.4785
vn -0.0181 -0.9998 0.0055
vn -0.0143 -0.9999 0.0018
vn -0.0112 -0.9999 0.0004
vn -0.1898 0.3904 -0.9009
vn -0.2211 -0.3878 0.8949
vn -0.1228 0.8049 0.5805
vn -0.0301 -0.9959 0.0849
vn -0.0720 0.9756 -0.2072
vn 0.2682 0.9249 -0.2694
vn 0.3723 0.9151 0.1550
vn 0.1124 -0.9847 0.1332
vn 0.0030 0.8567 0.5159
vn 0.0930 -0.3276 0.9402
vn 0.7994 -0.2410 0.5503
vn 0.5571 0.2898 -0.7783
vn 0.9404 0.3398 -0.0115
vn 0.0826 -0.9966 0.0030
vn 0.5037 0.8637 -0.0182
vn 0.9744 0.2193 0.0500
vn 0.1071 -0.9941 0.0183
vn 0.2762 0.9610 -0.0153
vn 0.9371 0.0914 0.3368
vn 0.1273 -0.9905 0.0513
vn 0.2277 0.9721 0.0565
vn 0.5857 -0.7694 0.2551
vn 0.6789 -0.7285 0.0917
vn 0.7471 -0.6647 0.0081
vn 0.3953 -0.7986 -0.4538
vn 0.4205 -0.8317 0.3626
vn 0.0484 -0.9353 0.3505
vn 0.8133 -0.5818 -0.0105
vn 0.5570 0.8299 -0.0306
vn 0.0648 -0.9979 -0.0070
vn 0.9749 0.2129 -0.0650
vn -0.0032 -0.9999 -0.0158
vn 0.1707 -0.9251 0.3392
vn 0.0145 -0.8776 -0.4792
vn -0.0068 -1.0000 -0.0009
vn -0.0063 -1.0000 -0.0002
vn -0.0058 -1.0000 -0.0001
vn 0.0443 0.4286 -0.9024
vn 0.4234 -0.4019 0.8119
vn 0.3662 0.7795 0.5082
vn 0.0021 -0.9980 0.0636
vn 0.0165 0.9893 -0.1448
vn -0.2682 0.9249 -0.2694
vn -0.3723 0.9151 0.1550
vn -0.1124 -0.9847 0.1332
vn -0.0030 0.8567 0.5159
vn -0.0930 -0.3276 0.9402
vn -0.7994 -0.2410 0.5503
vn -0.5571 0.2898 -0.7783
vn -0.9404 0.3398 -0.0115
vn -0.0826 -0.9966 0.0030
vn -0.5037 0.8637 -0.0182
vn -0.9744 0.2193 0.0500
vn -0.1071 -0.9941 0.0183
vn -0.2762 0.9610 -0.0153
vn -0.9371 0.0914 0.3368
vn -0.1273 -0.9905 0.0513
vn -0.2277 0.9721 0.0565
vn -0.5857 -0.7694 0.2551
vn -0.6789 -0.7285 0.0917
vn -0.7471 -0.6647 0.0081
vn -0.3953 -0.7986 -0.4538
vn -0.4205 -0.8317 0.3626
vn -0.0484 -0.9353 0.3505
vn -0.8133 -0.5818 -0.0105
vn -0.5570 0.8299 -0.0306
vn -0.0648 -0.9979 -0.0070
vn -0.9749 0.2129 -0.0650
vn 0.0032 -0.9999 -0.0158
vn -0.1707 -0.9251 0.3392
vn -0.0145 -0.8776 -0.4792
vn 0.0068 -1.0000 -0.0009
vn 0.0063 -1.0000 -0.0002
vn 0.0058 -1.0000 -0.0001
vn -0.0443 0.4286 -0.9024
vn -0.4234 -0.4019 0.8119
vn -0.3662 0.7795 0.5082
vn -0.0021 -0.9980 0.0636
vn -0.0165 0.9893 -0.1448
vt 0.033238 0.236031
vt 0.027670 0.230062
vt 0.035169 0.232971
vt 0.030287 0.240522
vt 0.026092 0.232242
vt 0.023926 0.235823
vt 0.018528 0.231127
vt 0.019798 0.227526
vt 0.008013 0.035811
vt 0.014378 0.032285
vt 0.012303 0.038559
vt 0.001487 0.031671
vt 0.010240 0.028695
vt 0.003913 0.023090
vt 0.012180 0.021481
vt 0.016524 0.024859
vt 0.036355 0.039677
vt 0.030870 0.037698
vt 0.038017 0.036317
vt 0.028851 0.040803
vt 0.026750 0.037846
vt 0.029135 0.034547
vt 0.032958 0.034049
vt 0.039755 0.032503
vt 0.040173 0.009713
vt 0.049570 0.011591
vt 0.039865 0.013133
vt 0.041484 0.005036
vt 0.049559 0.007481
vt 0.049965 0.001838
vt 0.060887 0.006352
vt 0.060944 0.010919
vt 0.041690 0.021436
vt 0.050168 0.015357
vt 0.050666 0.019994
vt 0.040799 0.016721
vt 0.060993 0.014821
vt 0.061049 0.019267
vt 0.017615 0.040431
vt 0.017235 0.033266
vt 0.020791 0.034052
vt 0.014720 0.039753
vt 0.020335 0.025645
vt 0.024796 0.027059
vt 0.036223 0.231197
vt 0.029137 0.227570
vt 0.036689 0.229615
vt 0.028659 0.228785
vt 0.020782 0.225699
vt 0.021090 0.224173
vt 0.014728 0.175804
vt 0.010843 0.131393
vt 0.012818 0.129373
vt 0.011166 0.177754
vt 0.013179 0.178225
vt 0.008654 0.131103
vt 0.009619 0.086127
vt 0.012026 0.085133
vt 0.023227 0.163676
vt 0.032505 0.120611
vt 0.032659 0.166715
vt 0.017473 0.119723
vt 0.023028 0.118428
vt 0.018006 0.079889
vt 0.023853 0.078731
vt 0.033183 0.079549
vt 0.008409 0.175962
vt 0.005135 0.173618
vt 0.006160 0.129838
vt 0.003381 0.128180
vt 0.004815 0.085487
vt 0.007266 0.085985
vt 0.010583 0.061236
vt 0.013143 0.061106
vt 0.009663 0.050718
vt 0.011991 0.051082
vt 0.014548 0.051381
vt 0.033794 0.058212
vt 0.019697 0.059164
vt 0.025123 0.058322
vt 0.021339 0.050789
vt 0.026286 0.050164
vt 0.034324 0.049622
vt 0.008224 0.061070
vt 0.002077 0.084869
vt 0.005564 0.061069
vt 0.001804 0.050342
vt 0.006393 0.050492
vt 0.013159 0.045154
vt 0.015781 0.045672
vt 0.010835 0.044329
vt 0.027430 0.044907
vt 0.035131 0.044068
vt 0.022724 0.045535
vt 0.024363 0.041383
vt 0.006897 0.042989
vt 0.000979 0.041099
vt 0.018980 0.045806
vt 0.017611 0.051264
vt 0.020837 0.041111
vt 0.016012 0.060281
vt 0.014521 0.082565
vt 0.018064 0.164576
vt 0.014647 0.124452
vt 0.015956 0.169910
vt 0.035330 0.220235
vt 0.028662 0.225958
vt 0.025554 0.219649
vt 0.036475 0.227510
vt 0.020072 0.221788
vt 0.019947 0.215646
vt 0.023872 0.036125
vt 0.027815 0.031054
vt 0.041193 0.027069
vt 0.049636 0.030438
vt 0.050408 0.025254
vt 0.061111 0.024221
vt 0.061174 0.029263
vt 0.017310 0.202071
vt 0.019105 0.198280
vt 0.018845 0.220751
vt 0.016356 0.206189
vt 0.011134 0.220828
vt 0.013132 0.207240
vt 0.014269 0.222676
vt 0.007146 0.218439
vt 0.010076 0.205594
vt 0.006144 0.203373
vt 0.033628 0.201038
vt 0.024048 0.198619
vt 0.017755 0.223054
vt 0.015019 0.207776
vt 0.016203 0.223491
vt 0.048266 0.221571
vt 0.063384 0.205480
vt 0.063595 0.222309
vt 0.047460 0.203967
vt 0.046636 0.171523
vt 0.062989 0.173991
vt 0.028803 0.030707
vt 0.027893 0.025544
vt 0.034430 0.028629
vt 0.034754 0.023106
vt 0.048502 0.228947
vt 0.063685 0.229456
vt 0.048561 0.231395
vt 0.061427 0.049424
vt 0.047098 0.043390
vt 0.061347 0.043029
vt 0.046679 0.049476
vt 0.047789 0.038568
vt 0.061283 0.037953
vt 0.046421 0.081992
vt 0.061554 0.059550
vt 0.061853 0.083398
vt 0.046525 0.059015
vt 0.062402 0.127177
vt 0.046287 0.124870
vt 0.063742 0.234009
vt 0.063716 0.231958
vt 0.063774 0.236574
vt 0.048278 0.233326
vt 0.047605 0.235686
vt 0.033221 0.018781
vt 0.025510 0.021340
vt 0.031999 0.015274
vt 0.026322 0.012475
vt 0.024169 0.017592
vt 0.031270 0.006333
vt 0.033115 0.011609
vt 0.036090 0.006735
vt 0.048693 0.034611
vt 0.061229 0.033647
vt 0.063831 0.241052
vt 0.063907 0.247169
vt 0.046379 0.239820
vt 0.044609 0.245564
vt 0.099704 0.229159
vt 0.094288 0.235265
vt 0.092281 0.232254
vt 0.107509 0.226426
vt 0.101336 0.231298
vt 0.108870 0.229994
vt 0.103591 0.234823
vt 0.097350 0.239681
vt 0.108031 0.031110
vt 0.114482 0.034475
vt 0.110263 0.037330
vt 0.105700 0.023741
vt 0.112078 0.027417
vt 0.109957 0.020254
vt 0.118262 0.021656
vt 0.120903 0.030173
vt 0.086247 0.039051
vt 0.091680 0.036935
vt 0.093777 0.039988
vt 0.084500 0.035734
vt 0.089501 0.033339
vt 0.093335 0.033741
vt 0.095803 0.036980
vt 0.098277 0.040456
vt 0.072331 0.011305
vt 0.081677 0.009192
vt 0.082072 0.012604
vt 0.072239 0.007197
vt 0.071692 0.001565
vt 0.080250 0.004550
vt 0.080456 0.020950
vt 0.071827 0.015085
vt 0.081228 0.016214
vt 0.071446 0.019733
vt 0.104999 0.039335
vt 0.105200 0.032162
vt 0.107876 0.038585
vt 0.101665 0.033037
vt 0.101910 0.024622
vt 0.098175 0.226704
vt 0.091182 0.230507
vt 0.090677 0.228938
vt 0.106481 0.224624
vt 0.098683 0.227907
vt 0.111280 0.174593
vt 0.114050 0.130098
vt 0.112890 0.176974
vt 0.112025 0.128128
vt 0.114139 0.084816
vt 0.116232 0.129753
vt 0.114891 0.176452
vt 0.092125 0.119863
vt 0.102480 0.162682
vt 0.093128 0.165957
vt 0.090417 0.078831
vt 0.101545 0.117443
vt 0.105598 0.078790
vt 0.107130 0.118599
vt 0.107665 0.163452
vt 0.117602 0.174592
vt 0.116488 0.084615
vt 0.118694 0.128426
vt 0.118926 0.084056
vt 0.121430 0.126699
vt 0.120816 0.172167
vt 0.111708 0.083882
vt 0.112551 0.059957
vt 0.109988 0.059891
vt 0.110889 0.049841
vt 0.113207 0.049420
vt 0.114905 0.059732
vt 0.089271 0.057516
vt 0.099724 0.077779
vt 0.096575 0.049282
vt 0.097943 0.057409
vt 0.101536 0.049783
vt 0.103387 0.058114
vt 0.116470 0.049111
vt 0.117565 0.059664
vt 0.121054 0.048846
vt 0.120839 0.059730
vt 0.121647 0.083369
vt 0.108340 0.050204
vt 0.109572 0.043945
vt 0.106964 0.044528
vt 0.111875 0.043061
vt 0.088526 0.048942
vt 0.095300 0.044056
vt 0.087580 0.043410
vt 0.100020 0.044565
vt 0.115778 0.041623
vt 0.121647 0.039585
vt 0.103769 0.044743
vt 0.105275 0.050165
vt 0.101795 0.040095
vt 0.107100 0.059139
vt 0.109149 0.081378
vt 0.110074 0.123255
vt 0.109905 0.168731
vt 0.091800 0.219527
vt 0.098609 0.225080
vt 0.090838 0.226828
vt 0.101558 0.218696
vt 0.107092 0.220696
vt 0.106134 0.223106
vt 0.098636 0.035187
vt 0.094568 0.030216
vt 0.072738 0.030148
vt 0.081094 0.026568
vt 0.082667 0.031965
vt 0.071836 0.024985
vt 0.107063 0.214553
vt 0.109359 0.200917
vt 0.108292 0.219629
vt 0.107469 0.197172
vt 0.110416 0.205009
vt 0.109440 0.221904
vt 0.113665 0.205979
vt 0.116003 0.219513
vt 0.112916 0.221438
vt 0.116679 0.204257
vt 0.120554 0.201938
vt 0.119930 0.217025
vt 0.093020 0.200293
vt 0.102537 0.197635
vt 0.111792 0.206562
vt 0.111003 0.222302
vt 0.078902 0.221187
vt 0.079266 0.203568
vt 0.079276 0.171113
vt 0.093570 0.029894
vt 0.087893 0.027959
vt 0.087431 0.022446
vt 0.094351 0.024710
vt 0.078851 0.228566
vt 0.078853 0.231015
vt 0.075600 0.043033
vt 0.076171 0.049106
vt 0.074788 0.038230
vt 0.077244 0.081605
vt 0.076565 0.058639
vt 0.078455 0.124466
vt 0.079184 0.232938
vt 0.079917 0.235280
vt 0.088856 0.018083
vt 0.096628 0.020448
vt 0.089989 0.014547
vt 0.097874 0.016667
vt 0.095593 0.011606
vt 0.088781 0.010911
vt 0.085685 0.006113
vt 0.090494 0.005590
vt 0.073786 0.034296
vt 0.081246 0.239383
vt 0.083160 0.245080
vt 0.017294 0.235989
vt 0.006134 0.016232
vt 0.060809 0.000178
vt 0.002292 0.061217
vt 0.110225 0.234824
vt 0.115870 0.014856
vt 0.097485 0.026147
s 1
f 728/721/547 662/722/484 602/723/424
f 597/724/419 802/725/621 728/721/547
f 645/726/467 656/727/478 802/725/621
f 802/725/621 569/728/391 662/722/484
f 683/729/502 661/730/483 583/731/405
f 581/732/403 803/733/622 683/729/502
f 648/734/470 657/735/479 803/733/622
f 803/733/622 570/736/392 661/730/483
f 605/737/427 804/738/623 727/739/546
f 714/740/533 680/741/499 804/738/623
f 804/738/623 561/742/383 650/743/472
f 727/739/546 650/743/472 598/744/420
f 726/745/545 660/746/482 601/747/423
f 600/748/422 805/749/624 726/745/545
f 652/750/474 658/751/480 805/749/624
f 805/749/624 571/752/393 660/746/482
f 607/753/429 806/754/625 696/755/515
f 725/756/544 660/746/482 806/754/625
f 806/754/625 571/752/393 686/757/505
f 696/755/515 686/757/505 587/758/409
f 591/759/413 807/760/626 695/761/514
f 583/731/405 807/760/626 690/762/509
f 807/760/626 570/736/392 685/763/504
f 695/761/514 685/763/504 586/764/408
f 724/765/543 694/766/513 606/767/428
f 602/723/424 808/768/627 724/765/543
f 662/722/484 684/769/503 808/768/627
f 694/766/513 684/769/503 585/770/407
f 596/771/418 809/772/628 693/773/512
f 595/774/417 809/772/628 705/775/524
f 666/776/487 688/777/507 809/772/628
f 693/773/512 688/777/507 589/778/411
f 717/779/536 723/780/542 608/781/430
f 717/779/536 697/782/516 810/783/629
f 810/783/629 573/784/395 712/785/531
f 810/783/629 603/786/425 723/780/542
f 703/787/522 666/776/487 595/774/417
f 593/788/415 811/789/630 703/787/522
f 664/790/486 669/791/490 811/789/630
f 811/789/630 576/792/398 666/776/487
f 589/778/411 812/793/631 692/794/511
f 576/792/398 812/793/631 688/777/507
f 812/793/631 579/795/401 689/796/508
f 692/794/511 689/796/508 590/797/412
f 712/785/531 722/798/541 603/786/425
f 712/785/531 663/799/485 813/800/632
f 813/800/632 580/801/402 713/802/532
f 722/798/541 713/802/532 604/803/426
f 669/791/490 672/804/492 576/792/398
f 574/805/396 814/806/633 669/791/490
f 814/806/633 577/807/399 676/808/496
f 672/804/492 676/808/496 579/795/401
f 590/797/412 815/809/634 691/810/510
f 579/795/401 815/809/634 689/796/508
f 679/811/498 690/762/509 815/809/634
f 691/810/510 690/762/509 591/759/413
f 604/803/426 816/812/635 721/813/540
f 713/802/532 673/814/493 816/812/635
f 816/812/635 584/815/406 714/740/533
f 721/813/540 714/740/533 605/737/427
f 676/808/496 679/811/498 579/795/401
f 577/807/399 817/816/636 676/808/496
f 677/817/497 683/729/502 817/816/636
f 817/816/636 583/731/405 679/811/498
f 580/801/402 818/818/637 673/814/493
f 674/819/494 691/810/510 818/818/637
f 818/818/637 591/759/413 681/820/500
f 673/814/493 681/820/500 584/815/406
f 573/784/395 819/821/638 663/799/485
f 667/822/488 692/794/511 819/821/638
f 819/821/638 590/797/412 674/819/494
f 663/799/485 674/819/494 580/801/402
f 592/823/414 820/824/639 697/782/516
f 702/825/521 693/773/512 820/824/639
f 820/824/639 589/778/411 667/822/488
f 697/782/516 667/822/488 573/784/395
f 599/826/421 821/827/640 708/828/527
f 720/829/539 694/766/513 821/827/640
f 821/827/640 585/770/407 646/830/468
f 708/828/527 646/830/468 563/831/385
f 584/815/406 822/832/641 680/741/499
f 681/820/500 695/761/514 822/832/641
f 695/761/514 649/833/471 822/832/641
f 822/832/641 561/742/383 680/741/499
f 719/834/538 707/835/526 598/744/420
f 607/753/429 823/836/642 719/834/538
f 696/755/515 654/837/476 823/836/642
f 823/836/642 567/838/389 707/835/526
f 563/831/385 824/839/643 647/840/469
f 646/841/468 701/842/520 824/839/643
f 824/839/643 596/771/418 702/825/521
f 647/840/469 702/825/521 592/823/414
f 656/843/478 700/844/519 569/845/391
f 564/846/386 825/847/644 656/843/478
f 698/848/517 703/787/522 825/847/644
f 825/847/644 595/774/417 700/844/519
f 708/828/527 718/849/537 599/826/421
f 563/831/385 826/850/645 708/828/527
f 826/850/645 592/823/414 717/779/536
f 826/850/645 608/781/430 718/849/537
f 585/851/407 827/852/646 701/842/520
f 569/845/391 827/852/646 684/853/503
f 700/844/519 705/775/524 827/852/646
f 701/842/520 705/775/524 596/771/418
f 651/854/473 699/855/518 565/856/387
f 599/826/421 828/857/647 651/854/473
f 718/849/537 704/858/523 828/857/647
f 828/857/647 594/859/416 699/855/518
f 649/860/471 650/743/472 561/742/383
f 586/861/408 829/862/648 649/860/471
f 716/863/535 719/834/538 829/862/648
f 829/862/648 598/744/420 650/743/472
f 565/856/387 830/864/649 651/854/473
f 655/865/477 715/866/534 830/864/649
f 830/864/649 606/767/428 720/829/539
f 651/854/473 720/829/539 599/826/421
f 578/867/400 831/868/650 678/869/400
f 675/870/495 721/813/540 831/868/650
f 831/868/650 605/737/427 682/871/501
f 678/869/400 682/871/501 582/872/404
f 668/873/489 671/874/397 575/875/397
f 603/786/425 832/876/651 668/873/489
f 832/876/651 604/803/426 675/870/495
f 832/876/651 578/867/400 671/874/397
f 704/858/523 665/877/397 594/859/416
f 608/781/430 833/878/652 704/858/523
f 723/780/542 668/873/489 833/878/652
f 833/878/652 575/875/397 665/877/397
f 687/879/506 715/866/534 588/880/410
f 572/881/394 834/882/653 687/879/506
f 711/883/530 724/765/543 834/882/653
f 834/882/653 606/767/428 715/866/534
f 586/861/408 835/884/654 716/863/535
f 685/885/504 710/886/529 835/884/654
f 835/884/654 601/747/423 725/756/544
f 716/863/535 725/756/544 607/753/429
f 657/887/479 710/886/529 570/888/392
f 562/889/384 836/890/655 657/887/479
f 709/891/528 726/745/545 836/890/655
f 836/890/655 601/747/423 710/886/529
f 582/872/404 837/892/656 653/893/475
f 682/871/501 727/739/546 837/892/656
f 837/892/656 598/744/420 707/835/526
f 653/893/475 707/835/526 567/838/389
f 659/894/481 711/883/530 572/881/394
f 566/895/388 838/896/657 659/894/481
f 706/897/525 728/721/547 838/896/657
f 838/896/657 602/723/424 711/883/530
f 741/898/560 801/899/620 638/900/460
f 613/901/435 839/902/658 741/898/560
f 737/903/556 729/904/548 839/902/658
f 839/902/658 633/905/455 801/899/620
f 740/906/559 759/907/578 622/908/444
f 614/909/436 840/910/659 740/906/559
f 738/911/557 732/912/551 840/910/659
f 840/910/659 621/913/443 759/907/578
f 641/914/463 841/915/660 787/916/606
f 800/917/619 734/918/553 841/915/660
f 841/915/660 609/919/431 756/920/575
f 787/916/606 756/920/575 623/921/445
f 739/922/558 799/923/618 637/924/459
f 571/752/393 842/925/661 739/922/558
f 658/751/480 736/926/555 842/925/661
f 842/925/661 636/927/458 799/923/618
f 643/928/465 843/929/662 798/930/617
f 770/931/589 686/757/505 843/929/662
f 843/929/662 571/752/393 739/922/558
f 798/930/617 739/922/558 637/924/459
f 628/932/450 844/933/663 764/934/583
f 769/935/588 761/936/580 844/933/663
f 844/933/663 614/909/436 740/906/559
f 844/933/663 622/908/444 764/934/583
f 768/937/587 797/938/616 642/939/464
f 768/937/587 760/940/579 845/941/664
f 760/940/579 741/898/560 845/941/664
f 845/941/664 638/900/460 797/938/616
f 632/942/454 846/943/665 778/944/597
f 767/945/586 762/946/581 846/943/665
f 762/946/581 744/947/563 846/943/665
f 846/943/665 631/948/453 778/944/597
f 796/949/615 790/950/609 644/951/466
f 639/952/461 847/953/666 796/949/615
f 847/953/666 615/954/437 771/955/590
f 790/950/609 771/955/590 629/956/451
f 744/947/563 776/957/595 631/948/453
f 617/958/439 848/959/667 744/947/563
f 747/960/566 743/961/562 848/959/667
f 848/959/667 630/962/452 776/957/595
f 626/963/448 849/964/668 762/946/581
f 766/965/585 763/966/582 849/964/668
f 849/964/668 619/967/441 749/968/568
f 849/964/668 617/958/439 762/946/581
f 795/969/614 785/970/604 639/952/461
f 795/969/614 786/971/605 850/972/669
f 850/972/669 620/973/442 742/974/561
f 785/970/604 742/974/561 615/954/437
f 749/968/568 747/960/566 617/958/439
f 749/968/568 753/975/572 851/976/670
f 851/976/670 618/977/440 748/978/567
f 851/976/670 616/979/438 747/960/566
f 627/980/449 852/981/671 763/966/582
f 765/982/584 764/934/583 852/981/671
f 764/934/583 755/983/574 852/981/671
f 852/981/671 619/967/441 763/966/582
f 640/984/462 853/985/672 786/971/605
f 794/986/613 787/916/606 853/985/672
f 853/985/672 623/921/445 750/987/569
f 786/971/605 750/987/569 620/973/442
f 755/983/574 753/975/572 619/967/441
f 622/908/444 854/988/673 755/983/574
f 759/907/578 754/989/573 854/988/673
f 854/988/673 618/977/440 753/975/572
f 620/973/442 855/990/674 751/991/570
f 750/987/569 757/992/576 855/990/674
f 855/990/674 628/932/450 765/982/584
f 751/991/570 765/982/584 627/980/449
f 615/954/437 856/993/675 745/994/564
f 742/974/561 751/991/570 856/993/675
f 856/993/675 627/980/449 766/965/585
f 745/994/564 766/965/585 626/963/448
f 629/956/451 857/995/676 775/996/594
f 771/955/590 745/994/564 857/995/676
f 857/995/676 626/963/448 767/945/586
f 775/996/594 767/945/586 632/942/454
f 635/997/457 858/998/677 793/999/612
f 781/1000/600 730/1001/549 858/998/677
f 858/998/677 624/1002/446 768/937/587
f 793/999/612 768/937/587 642/939/464
f 623/921/445 859/1003/678 757/992/576
f 609/919/431 859/1003/678 756/920/575
f 733/1004/552 769/935/588 859/1003/678
f 757/992/576 769/935/588 628/932/450
f 780/1005/599 792/1006/611 634/1007/456
f 567/838/389 860/1008/679 780/1005/599
f 654/837/476 770/931/589 860/1008/679
f 860/1008/679 643/928/465 792/1006/611
f 611/1009/433 861/1010/680 730/1011/549
f 731/1012/550 775/996/594 861/1010/680
f 861/1010/680 632/942/454 774/1013/593
f 730/1011/549 774/1013/593 624/1014/446
f 773/1015/592 737/1016/556 613/1017/435
f 631/948/453 862/1018/681 773/1015/592
f 776/957/595 772/1019/591 862/1018/681
f 862/1018/681 612/1020/434 737/1016/556
f 791/1021/610 781/1000/600 635/997/457
f 644/951/466 863/1022/682 791/1021/610
f 863/1022/682 629/956/451 731/1012/550
f 863/1022/682 611/1009/433 781/1000/600
f 624/1014/446 864/1023/683 760/1024/579
f 774/1013/593 778/944/597 864/1023/683
f 778/944/597 773/1015/592 864/1023/683
f 864/1023/683 613/1017/435 760/1024/579
f 699/855/518 735/1025/554 565/856/387
f 594/859/416 865/1026/684 699/855/518
f 777/1027/596 791/1021/610 865/1026/684
f 865/1026/684 635/997/457 735/1025/554
f 734/918/553 733/1028/552 609/919/431
f 634/1007/456 866/1029/685 734/918/553
f 792/1006/611 789/1030/608 866/1029/685
f 866/1029/685 625/1031/447 733/1028/552
f 565/856/387 867/1032/686 655/865/477
f 735/1025/554 793/999/612 867/1032/686
f 867/1032/686 642/939/464 788/1033/607
f 655/865/477 788/1033/607 588/880/410
f 578/867/400 868/1034/687 752/1035/571
f 678/869/400 758/1036/577 868/1034/687
f 868/1034/687 641/914/463 794/986/613
f 752/1035/571 794/986/613 640/984/462
f 671/874/397 746/1037/565 575/875/397
f 578/867/400 869/1038/688 671/874/397
f 869/1038/688 640/984/462 795/969/614
f 869/1038/688 639/952/461 746/1037/565
f 665/877/397 777/1027/596 594/859/416
f 575/875/397 870/1039/689 665/877/397
f 746/1037/565 796/949/615 870/1039/689
f 870/1039/689 644/951/466 777/1027/596
f 788/1033/607 687/879/506 588/880/410
f 642/939/464 871/1040/690 788/1033/607
f 797/938/616 784/1041/603 871/1040/690
f 871/1040/690 572/881/394 687/879/506
f 625/1031/447 872/1042/691 761/1043/580
f 789/1030/608 798/930/617 872/1042/691
f 872/1042/691 637/924/459 783/1044/602
f 761/1043/580 783/1044/602 614/1045/436
f 783/1044/602 738/1046/557 614/1045/436
f 637/924/459 873/1047/692 783/1044/602
f 799/923/618 782/1048/601 873/1047/692
f 873/1047/692 610/1049/432 738/1046/557
f 582/872/404 874/1050/693 758/1036/577
f 653/893/475 780/1005/599 874/1050/693
f 874/1050/693 634/1007/456 800/917/619
f 758/1036/577 800/917/619 641/914/463
f 784/1041/603 659/894/481 572/881/394
f 638/900/460 875/1051/694 784/1041/603
f 801/899/620 779/1052/598 875/1051/694
f 875/1051/694 566/895/388 659/894/481
f 728/721/547 802/725/621 662/722/484
f 597/724/419 645/726/467 802/725/621
f 645/726/467 564/1053/386 656/727/478
f 802/725/621 656/727/478 569/728/391
f 683/729/502 803/733/622 661/730/483
f 581/732/403 648/734/470 803/733/622
f 648/734/470 562/1054/384 657/735/479
f 803/733/622 657/735/479 570/736/392
f 605/737/427 714/740/533 804/738/623
f 714/740/533 584/815/406 680/741/499
f 804/738/623 680/741/499 561/742/383
f 727/739/546 804/738/623 650/743/472
f 726/745/545 805/749/624 660/746/482
f 600/748/422 652/750/474 805/749/624
f 652/750/474 568/1055/390 658/751/480
f 805/749/624 658/751/480 571/752/393
f 607/753/429 725/756/544 806/754/625
f 725/756/544 601/747/423 660/746/482
f 806/754/625 660/746/482 571/752/393
f 696/755/515 806/754/625 686/757/505
f 591/759/413 690/762/509 807/760/626
f 583/731/405 661/730/483 807/760/626
f 807/760/626 661/730/483 570/736/392
f 695/761/514 807/760/626 685/763/504
f 724/765/543 808/768/627 694/766/513
f 602/723/424 662/722/484 808/768/627
f 662/722/484 569/728/391 684/769/503
f 694/766/513 808/768/627 684/769/503
f 596/771/418 705/775/524 809/772/628
f 595/774/417 666/776/487 809/772/628
f 666/776/487 576/792/398 688/777/507
f 693/773/512 809/772/628 688/777/507
f 717/779/536 810/783/629 723/780/542
f 717/779/536 592/823/414 697/782/516
f 810/783/629 697/782/516 573/784/395
f 810/783/629 712/785/531 603/786/425
f 703/787/522 811/789/630 666/776/487
f 593/788/415 664/790/486 811/789/630
f 664/790/486 574/805/396 669/791/490
f 811/789/630 669/791/490 576/792/398
f 589/778/411 688/777/507 812/793/631
f 576/792/398 672/804/492 812/793/631
f 812/793/631 672/804/492 579/795/401
f 692/794/511 812/793/631 689/796/508
f 712/785/531 813/800/632 722/798/541
f 712/785/531 573/784/395 663/799/485
f 813/800/632 663/799/485 580/801/402
f 722/798/541 813/800/632 713/802/532
f 669/791/490 814/806/633 672/804/492
f 574/805/396 670/1056/491 814/806/633
f 814/806/633 670/1056/491 577/807/399
f 672/804/492 814/806/633 676/808/496
f 590/797/412 689/796/508 815/809/634
f 579/795/401 679/811/498 815/809/634
f 679/811/498 583/731/405 690/762/509
f 691/810/510 815/809/634 690/762/509
f 604/803/426 713/802/532 816/812/635
f 713/802/532 580/801/402 673/814/493
f 816/812/635 673/814/493 584/815/406
f 721/813/540 816/812/635 714/740/533
f 676/808/496 817/816/636 679/811/498
f 577/807/399 677/817/497 817/816/636
f 677/817/497 581/732/403 683/729/502
f 817/816/636 683/729/502 583/731/405
f 580/801/402 674/819/494 818/818/637
f 674/819/494 590/797/412 691/810/510
f 818/818/637 691/810/510 591/759/413
f 673/814/493 818/818/637 681/820/500
f 573/784/395 667/822/488 819/821/638
f 667/822/488 589/778/411 692/794/511
f 819/821/638 692/794/511 590/797/412
f 663/799/485 819/821/638 674/819/494
f 592/823/414 702/825/521 820/824/639
f 702/825/521 596/771/418 693/773/512
f 820/824/639 693/773/512 589/778/411
f 697/782/516 820/824/639 667/822/488
f 599/826/421 720/829/539 821/827/640
f 720/829/539 606/767/428 694/766/513
f 821/827/640 694/766/513 585/770/407
f 708/828/527 821/827/640 646/830/468
f 584/815/406 681/820/500 822/832/641
f 681/820/500 591/759/413 695/761/514
f 695/761/514 586/764/408 649/833/471
f 822/832/641 649/833/471 561/742/383
f 719/834/538 823/836/642 707/835/526
f 607/753/429 696/755/515 823/836/642
f 696/755/515 587/758/409 654/837/476
f 823/836/642 654/837/476 567/838/389
f 563/831/385 646/841/468 824/839/643
f 646/841/468 585/851/407 701/842/520
f 824/839/643 701/842/520 596/771/418
f 647/840/469 824/839/643 702/825/521
f 656/843/478 825/847/644 700/844/519
f 564/846/386 698/848/517 825/847/644
f 698/848/517 593/788/415 703/787/522
f 825/847/644 703/787/522 595/774/417
f 708/828/527 826/850/645 718/849/537
f 563/831/385 647/840/469 826/850/645
f 826/850/645 647/840/469 592/823/414
f 826/850/645 717/779/536 608/781/430
f 585/851/407 684/853/503 827/852/646
f 569/845/391 700/844/519 827/852/646
f 700/844/519 595/774/417 705/775/524
f 701/842/520 827/852/646 705/775/524
f 651/854/473 828/857/647 699/855/518
f 599/826/421 718/849/537 828/857/647
f 718/849/537 608/781/430 704/858/523
f 828/857/647 704/858/523 594/859/416
f 649/860/471 829/862/648 650/743/472
f 586/861/408 716/863/535 829/862/648
f 716/863/535 607/753/429 719/834/538
f 829/862/648 719/834/538 598/744/420
f 565/856/387 655/865/477 830/864/649
f 655/865/477 588/880/410 715/866/534
f 830/864/649 715/866/534 606/767/428
f 651/854/473 830/864/649 720/829/539
f 578/867/400 675/870/495 831/868/650
f 675/870/495 604/803/426 721/813/540
f 831/868/650 721/813/540 605/737/427
f 678/869/400 831/868/650 682/871/501
f 668/873/489 832/876/651 671/874/397
f 603/786/425 722/798/541 832/876/651
f 832/876/651 722/798/541 604/803/426
f 832/876/651 675/870/495 578/867/400
f 704/858/523 833/878/652 665/877/397
f 608/781/430 723/780/542 833/878/652
f 723/780/542 603/786/425 668/873/489
f 833/878/652 668/873/489 575/875/397
f 687/879/506 834/882/653 715/866/534
f 572/881/394 711/883/530 834/882/653
f 711/883/530 602/723/424 724/765/543
f 834/882/653 724/765/543 606/767/428
f 586/861/408 685/885/504 835/884/654
f 685/885/504 570/888/392 710/886/529
f 835/884/654 710/886/529 601/747/423
f 716/863/535 835/884/654 725/756/544
f 657/887/479 836/890/655 710/886/529
f 562/889/384 709/891/528 836/890/655
f 709/891/528 600/748/422 726/745/545
f 836/890/655 726/745/545 601/747/423
f 582/872/404 682/871/501 837/892/656
f 682/871/501 605/737/427 727/739/546
f 837/892/656 727/739/546 598/744/420
f 653/893/475 837/892/656 707/835/526
f 659/894/481 838/896/657 711/883/530
f 566/895/388 706/897/525 838/896/657
f 706/897/525 597/724/419 728/721/547
f 838/896/657 728/721/547 602/723/424
f 741/898/560 839/902/658 801/899/620
f 613/901/435 737/903/556 839/902/658
f 737/903/556 612/1057/434 729/904/548
f 839/902/658 729/904/548 633/905/455
f 740/906/559 840/910/659 759/907/578
f 614/909/436 738/911/557 840/910/659
f 738/911/557 610/1058/432 732/912/551
f 840/910/659 732/912/551 621/913/443
f 641/914/463 800/917/619 841/915/660
f 800/917/619 634/1007/456 734/918/553
f 841/915/660 734/918/553 609/919/431
f 787/916/606 841/915/660 756/920/575
f 739/922/558 842/925/661 799/923/618
f 571/752/393 658/751/480 842/925/661
f 658/751/480 568/1055/390 736/926/555
f 842/925/661 736/926/555 636/927/458
f 643/928/465 770/931/589 843/929/662
f 770/931/589 587/758/409 686/757/505
f 843/929/662 686/757/505 571/752/393
f 798/930/617 843/929/662 739/922/558
f 628/932/450 769/935/588 844/933/663
f 769/935/588 625/1059/447 761/936/580
f 844/933/663 761/936/580 614/909/436
f 844/933/663 740/906/559 622/908/444
f 768/937/587 845/941/664 797/938/616
f 768/937/587 624/1002/446 760/940/579
f 760/940/579 613/901/435 741/898/560
f 845/941/664 741/898/560 638/900/460
f 632/942/454 767/945/586 846/943/665
f 767/945/586 626/963/448 762/946/581
f 762/946/581 617/958/439 744/947/563
f 846/943/665 744/947/563 631/948/453
f 796/949/615 847/953/666 790/950/609
f 639/952/461 785/970/604 847/953/666
f 847/953/666 785/970/604 615/954/437
f 790/950/609 847/953/666 771/955/590
f 744/947/563 848/959/667 776/957/595
f 617/958/439 747/960/566 848/959/667
f 747/960/566 616/979/438 743/961/562
f 848/959/667 743/961/562 630/962/452
f 626/963/448 766/965/585 849/964/668
f 766/965/585 627/980/449 763/966/582
f 849/964/668 763/966/582 619/967/441
f 849/964/668 749/968/568 617/958/439
f 795/969/614 850/972/669 785/970/604
f 795/969/614 640/984/462 786/971/605
f 850/972/669 786/971/605 620/973/442
f 785/970/604 850/972/669 742/974/561
f 749/968/568 851/976/670 747/960/566
f 749/968/568 619/967/441 753/975/572
f 851/976/670 753/975/572 618/977/440
f 851/976/670 748/978/567 616/979/438
f 627/980/449 765/982/584 852/981/671
f 765/982/584 628/932/450 764/934/583
f 764/934/583 622/908/444 755/983/574
f 852/981/671 755/983/574 619/967/441
f 640/984/462 794/986/613 853/985/672
f 794/986/613 641/914/463 787/916/606
f 853/985/672 787/916/606 623/921/445
f 786/971/605 853/985/672 750/987/569
f 755/983/574 854/988/673 753/975/572
f 622/908/444 759/907/578 854/988/673
f 759/907/578 621/913/443 754/989/573
f 854/988/673 754/989/573 618/977/440
f 620/973/442 750/987/569 855/990/674
f 750/987/569 623/921/445 757/992/576
f 855/990/674 757/992/576 628/932/450
f 751/991/570 855/990/674 765/982/584
f 615/954/437 742/974/561 856/993/675
f 742/974/561 620/973/442 751/991/570
f 856/993/675 751/991/570 627/980/449
f 745/994/564 856/993/675 766/965/585
f 629/956/451 771/955/590 857/995/676
f 771/955/590 615/954/437 745/994/564
f 857/995/676 745/994/564 626/963/448
f 775/996/594 857/995/676 767/945/586
f 635/997/457 781/1000/600 858/998/677
f 781/1000/600 611/1009/433 730/1001/549
f 858/998/677 730/1001/549 624/1002/446
f 793/999/612 858/998/677 768/937/587
f 623/921/445 756/920/575 859/1003/678
f 609/919/431 733/1004/552 859/1003/678
f 733/1004/552 625/1059/447 769/935/588
f 757/992/576 859/1003/678 769/935/588
f 780/1005/599 860/1008/679 792/1006/611
f 567/838/389 654/837/476 860/1008/679
f 654/837/476 587/758/409 770/931/589
f 860/1008/679 770/931/589 643/928/465
f 611/1009/433 731/1012/550 861/1010/680
f 731/1012/550 629/956/451 775/996/594
f 861/1010/680 775/996/594 632/942/454
f 730/1011/549 861/1010/680 774/1013/593
f 773/1015/592 862/1018/681 737/1016/556
f 631/948/453 776/957/595 862/1018/681
f 776/957/595 630/962/452 772/1019/591
f 862/1018/681 772/1019/591 612/1020/434
f 791/1021/610 863/1022/682 781/1000/600
f 644/951/466 790/950/609 863/1022/682
f 863/1022/682 790/950/609 629/956/451
f 863/1022/682 731/1012/550 611/1009/433
f 624/1014/446 774/1013/593 864/1023/683
f 774/1013/593 632/942/454 778/944/597
f 778/944/597 631/948/453 773/1015/592
f 864/1023/683 773/1015/592 613/1017/435
f 699/855/518 865/1026/684 735/1025/554
f 594/859/416 777/1027/596 865/1026/684
f 777/1027/596 644/951/466 791/1021/610
f 865/1026/684 791/1021/610 635/997/457
f 734/918/553 866/1029/685 733/1028/552
f 634/1007/456 792/1006/611 866/1029/685
f 792/1006/611 643/928/465 789/1030/608
f 866/1029/685 789/1030/608 625/1031/447
f 565/856/387 735/1025/554 867/1032/686
f 735/1025/554 635/997/457 793/999/612
f 867/1032/686 793/999/612 642/939/464
f 655/865/477 867/1032/686 788/1033/607
f 578/867/400 678/869/400 868/1034/687
f 678/869/400 582/872/404 758/1036/577
f 868/1034/687 758/1036/577 641/914/463
f 752/1035/571 868/1034/687 794/986/613
f 671/874/397 869/1038/688 746/1037/565
f 578/867/400 752/1035/571 869/1038/688
f 869/1038/688 752/1035/571 640/984/462
f 869/1038/688 795/969/614 639/952/461
f 665/877/397 870/1039/689 777/1027/596
f 575/875/397 746/1037/565 870/1039/689
f 746/1037/565 639/952/461 796/949/615
f 870/1039/689 796/949/615 644/951/466
f 788/1033/607 871/1040/690 687/879/506
f 642/939/464 797/938/616 871/1040/690
f 797/938/616 638/900/460 784/1041/603
f 871/1040/690 784/1041/603 572/881/394
f 625/1031/447 789/1030/608 872/1042/691
f 789/1030/608 643/928/465 798/930/617
f 872/1042/691 798/930/617 637/924/459
f 761/1043/580 872/1042/691 783/1044/602
f 783/1044/602 873/1047/692 738/1046/557
f 637/924/459 799/923/618 873/1047/692
f 799/923/618 636/927/458 782/1048/601
f 873/1047/692 782/1048/601 610/1049/432
f 582/872/404 653/893/475 874/1050/693
f 653/893/475 567/838/389 780/1005/599
f 874/1050/693 780/1005/599 634/1007/456
f 758/1036/577 874/1050/693 800/917/619
f 784/1041/603 875/1051/694 659/894/481
f 638/900/460 801/899/620 875/1051/694
f 801/899/620 633/905/455 779/1052/598
f 875/1051/694 779/1052/598 566/895/388
o Superstructure
v 0.021355 0.067718 -0.096393
v 0.000000 0.067718 -0.096393
v 0.000000 0.067718 0.063677
v 0.027964 0.067718 0.053001
v 0.000000 0.099676 -0.084658
v 0.000000 0.099676 0.046945
v 0.011736 0.109703 -0.081660
v 0.000000 0.109703 -0.081660
v 0.000000 0.109703 0.053565
v 0.027964 0.067718 0.037694
v 0.000000 0.109703 0.038099
v 0.018371 0.099676 0.024611
v 0.018371 0.109703 0.024611
v 0.016826 0.099676 -0.084658
v 0.027964 0.067718 -0.038333
v 0.016837 0.109703 -0.081660
v 0.018371 0.109703 -0.038333
v 0.000000 0.109703 -0.038333
v 0.023472 0.099676 -0.038333
v 0.018371 0.099676 0.016601
v 0.018371 0.109703 0.016601
v 0.027964 0.067718 0.028020
v 0.023472 0.099676 0.012076
v 0.023472 0.109703 -0.038333
v 0.023472 0.109703 0.012076
v 0.027964 0.067718 -0.013776
v 0.023472 0.099676 -0.019677
v 0.018371 0.109703 -0.018002
v 0.000000 0.109703 -0.015114
v 0.023472 0.109703 -0.019677
v 0.022089 0.067718 0.059113
v 0.005482 0.067718 0.063677
v 0.016897 0.067718 0.061395
v 0.010818 0.067718 0.063066
v 0.021327 0.099676 0.041152
v 0.005482 0.099676 0.046945
v 0.016516 0.099676 0.044049
v 0.010716 0.099676 0.046169
v 0.005482 0.109703 0.053565
v 0.021434 0.109703 0.047846
v 0.010730 0.109703 0.052799
v 0.016569 0.109703 0.050706
v 0.005482 0.109703 0.038099
v 0.021474 0.109703 0.033047
v 0.010736 0.109703 0.037422
v 0.016589 0.109703 0.035573
v 0.026404 0.067718 0.056683
v 0.027507 0.067718 0.055514
v 0.023472 0.099676 0.037607
v 0.022082 0.099676 0.040557
v 0.023065 0.099676 0.039239
v 0.024855 0.109703 0.045221
v 0.026257 0.109703 0.042291
v 0.025847 0.109703 0.043917
v 0.021585 0.099676 0.026737
v 0.023472 0.099676 0.030164
v 0.022919 0.099676 0.028257
v 0.026257 0.109703 0.032001
v 0.024370 0.109703 0.028575
v 0.025704 0.109703 0.030094
v -0.021355 0.067718 -0.096393
v -0.027964 0.067718 0.053001
v -0.011736 0.109703 -0.081660
v -0.027964 0.067718 0.037694
v -0.018371 0.099676 0.024611
v -0.018371 0.109703 0.024611
v -0.016826 0.099676 -0.084658
v -0.027964 0.067718 -0.038333
v -0.016837 0.109703 -0.081660
v -0.018371 0.109703 -0.038333
v -0.023472 0.099676 -0.038333
v -0.018371 0.099676 0.016601
v -0.018371 0.109703 0.016601
v -0.027964 0.067718 0.028020
v -0.023472 0.099676 0.012076
v -0.023472 0.109703 -0.038333
v -0.023472 0.109703 0.012076
v -0.027964 0.067718 -0.013776
v -0.023472 0.099676 -0.019677
v -0.018371 0.109703 -0.018002
v -0.023472 0.109703 -0.019677
v -0.022089 0.067718 0.059113
v -0.005482 0.067718 0.063677
v -0.016897 0.067718 0.061395
v -0.010818 0.067718 0.063066
v -0.021327 0.099676 0.041152
v -0.005482 0.099676 0.046945
v -0.016516 0.099676 0.044049
v -0.010716 0.099676 0.046169
v -0.005482 0.109703 0.053565
v -0.021434 0.109703 0.047846
v -0.010730 0.109703 0.052799
v -0.016569 0.109703 0.050706
v -0.005482 0.109703 0.038099
v -0.021474 0.109703 0.033047
v -0.010736 0.109703 0.037422
v -0.016589 0.109703 0.035573
v -0.026404 0.067718 0.056683
v -0.027507 0.067718 0.055514
v -0.023472 0.099676 0.037607
v -0.022082 0.099676 0.040557
v -0.023065 0.099676 0.039239
v -0.024855 0.109703 0.045221
v -0.026257 0.109703 0.042291
v -0.025847 0.109703 0.043917
v -0.021585 0.099676 0.026737
v -0.023472 0.099676 0.030164
v -0.022919 0.099676 0.028257
v -0.026257 0.109703 0.032001
v -0.024370 0.109703 0.028575
v -0.025704 0.109703 0.030094
vn -0.0000 0.3447 -0.9387
vn -0.0000 0.3169 -0.9485
vn -0.0000 1.0000 -0.0000
vn -0.0000 0.2865 -0.9581
vn 0.9848 0.1161 -0.1294
vn 0.9871 0.1469 -0.0645
vn 0.9775 0.1794 -0.1113
vn 1.0000 -0.0000 -0.0000
vn 0.9957 0.0930 -0.0000
vn 0.9976 0.0698 -0.0000
vn 0.9903 0.1392 -0.0000
vn 0.6637 -0.0000 0.7480
vn 0.9948 0.0713 -0.0732
vn 0.9890 0.0363 -0.1430
vn 0.0652 0.4647 0.8831
vn 0.1665 0.4595 0.8724
vn 0.2209 0.4618 0.8590
vn 0.9971 -0.0000 -0.0759
vn 0.2963 0.4530 0.8409
vn 0.3899 0.4509 0.8029
vn 0.3995 0.4485 0.7995
vn 0.5142 0.4383 0.7373
vn -0.0000 0.4638 0.8859
vn 0.0497 0.4633 0.8848
vn 0.8107 0.3488 0.4702
vn 0.6664 0.4081 0.6241
vn 0.5442 0.4337 0.7182
vn 0.4801 -0.4890 0.7283
vn 0.3804 -0.5144 0.7685
vn 0.5056 -0.4844 0.7139
vn 0.3532 -0.5178 0.7792
vn 0.2140 -0.5399 0.8141
vn 0.1974 -0.5406 0.8178
vn 0.0628 -0.5501 0.8327
vn -0.0000 -0.5510 0.8345
vn 0.9955 -0.0515 -0.0798
vn 0.9746 0.1934 0.1127
vn 0.6417 -0.4627 0.6117
vn 0.8056 -0.4184 0.4194
vn 0.6218 -0.4646 0.6305
vn 0.8409 -0.4024 0.3619
vn 0.9342 -0.3265 0.1439
vn 0.8797 0.3051 0.3648
vn 0.6762 -0.0532 -0.7348
vn 0.8483 -0.1421 -0.5102
vn 0.6364 -0.0354 -0.7705
vn 0.8824 -0.1643 -0.4409
vn 0.5513 -0.0001 -0.8343
vn 0.9938 -0.0653 0.0895
vn 0.9621 -0.2455 -0.1188
vn -0.0000 0.3157 -0.9488
vn -0.9871 0.1469 -0.0645
vn -0.9848 0.1161 -0.1294
vn -0.9775 0.1794 -0.1113
vn -0.9957 0.0930 -0.0000
vn -1.0000 -0.0000 -0.0000
vn -0.9976 0.0698 -0.0000
vn -0.9903 0.1392 -0.0000
vn -0.6637 -0.0000 0.7480
vn -0.9948 0.0713 -0.0732
vn -0.9890 0.0363 -0.1430
vn -0.0652 0.4647 0.8831
vn -0.1665 0.4595 0.8724
vn -0.0497 0.4633 0.8848
vn -0.9971 -0.0000 -0.0759
vn -0.2209 0.4618 0.8590
vn -0.2963 0.4530 0.8409
vn -0.3899 0.4509 0.8029
vn -0.3995 0.4485 0.7995
vn -0.6664 0.4081 0.6241
vn -0.8107 0.3488 0.4702
vn -0.5442 0.4337 0.7182
vn -0.3804 -0.5144 0.7685
vn -0.4801 -0.4890 0.7283
vn -0.5056 -0.4844 0.7139
vn -0.2140 -0.5399 0.8141
vn -0.3532 -0.5178 0.7792
vn -0.0628 -0.5501 0.8327
vn -0.1974 -0.5406 0.8178
vn -0.5142 0.4383 0.7373
vn -0.9938 -0.0653 0.0895
vn -0.9955 -0.0515 -0.0798
vn -0.8056 -0.4184 0.4194
vn -0.6417 -0.4627 0.6117
vn -0.6218 -0.4646 0.6305
vn -0.9342 -0.3265 0.1439
vn -0.8409 -0.4024 0.3619
vn -0.9746 0.1934 0.1127
vn -0.8797 0.3051 0.3648
vn -0.8483 -0.1421 -0.5102
vn -0.6762 -0.0532 -0.7348
vn -0.6364 -0.0354 -0.7705
vn -0.8824 -0.1643 -0.4409
vn -0.5513 -0.0001 -0.8343
vn -0.5516 -0.0000 -0.8341
vn -0.9621 -0.2455 -0.1188
vn 0.0590 -0.5500 0.8331
vn 0.5516 -0.0000 -0.8341
vn -0.0590 -0.5500 0.8331
vt 0.142021 0.243247
vt 0.137140 0.253130
vt 0.135823 0.243249
vt 0.138623 0.256151
vt 0.142021 0.268555
vt 0.136880 0.268526
vt 0.135288 0.273773
vt 0.136746 0.274290
vt 0.142021 0.256149
vt 0.134384 0.254926
vt 0.123262 0.267596
vt 0.125292 0.250544
vt 0.132106 0.282983
vt 0.132360 0.273666
vt 0.122821 0.274902
vt 0.122314 0.287334
vt 0.137152 0.256162
vt 0.135446 0.268514
vt 0.142021 0.275169
vt 0.140387 0.290824
vt 0.137077 0.290069
vt 0.170073 0.246771
vt 0.170487 0.243247
vt 0.171995 0.244554
vt 0.173766 0.246090
vt 0.171843 0.248307
vt 0.132636 0.268268
vt 0.133833 0.296544
vt 0.123892 0.300696
vt 0.133110 0.295144
vt 0.135074 0.283051
vt 0.136549 0.284413
vt 0.123126 0.298983
vt 0.132423 0.293439
vt 0.122540 0.297399
vt 0.131934 0.291840
vt 0.125492 0.303501
vt 0.124646 0.302105
vt 0.122004 0.295524
vt 0.131865 0.291563
vt 0.122090 0.295995
vt 0.138822 0.295206
vt 0.138821 0.290621
vt 0.137081 0.294581
vt 0.135631 0.293728
vt 0.135621 0.289315
vt 0.179099 0.252571
vt 0.176040 0.254169
vt 0.175571 0.252594
vt 0.179562 0.254157
vt 0.176382 0.255944
vt 0.179899 0.255940
vt 0.176507 0.257487
vt 0.180023 0.259091
vt 0.176507 0.259091
vt 0.142021 0.290825
vt 0.140386 0.295434
vt 0.131887 0.288363
vt 0.122011 0.294764
vt 0.122196 0.290211
vt 0.175475 0.252330
vt 0.178458 0.250955
vt 0.178674 0.251383
vt 0.175256 0.251901
vt 0.178168 0.250559
vt 0.131800 0.291078
vt 0.175355 0.247469
vt 0.173138 0.249439
vt 0.172695 0.249046
vt 0.175798 0.247862
vt 0.173546 0.249853
vt 0.174965 0.251505
vt 0.176206 0.248275
vt 0.132489 0.287367
vt 0.133471 0.286774
vt 0.134611 0.292944
vt 0.134194 0.292071
vt 0.146901 0.253130
vt 0.142021 0.253119
vt 0.145419 0.256151
vt 0.148754 0.273773
vt 0.147162 0.268526
vt 0.148595 0.268514
vt 0.146889 0.256162
vt 0.160780 0.267596
vt 0.149658 0.254926
vt 0.158749 0.250544
vt 0.151935 0.282983
vt 0.151681 0.273666
vt 0.161221 0.274902
vt 0.146965 0.290069
vt 0.147494 0.286801
vt 0.170487 0.274936
vt 0.170073 0.271412
vt 0.171995 0.273629
vt 0.173766 0.272093
vt 0.171843 0.269876
vt 0.151406 0.268268
vt 0.147296 0.274290
vt 0.150209 0.296544
vt 0.160150 0.300696
vt 0.159395 0.302105
vt 0.148968 0.283051
vt 0.150931 0.295144
vt 0.160916 0.298983
vt 0.151618 0.293439
vt 0.161502 0.297399
vt 0.158550 0.303501
vt 0.152176 0.291563
vt 0.162038 0.295524
vt 0.161952 0.295995
vt 0.143654 0.290824
vt 0.145220 0.295206
vt 0.143655 0.295434
vt 0.145220 0.290621
vt 0.146961 0.294581
vt 0.148411 0.293728
vt 0.176040 0.264013
vt 0.179099 0.265611
vt 0.175571 0.265589
vt 0.176382 0.262239
vt 0.179562 0.264026
vt 0.176507 0.260696
vt 0.179899 0.262243
vt 0.152108 0.291840
vt 0.161845 0.290211
vt 0.152245 0.290577
vt 0.152155 0.288363
vt 0.178458 0.267228
vt 0.175475 0.265853
vt 0.178674 0.266800
vt 0.178168 0.267624
vt 0.175256 0.266282
vt 0.162031 0.294764
vt 0.152242 0.291078
vt 0.173138 0.268744
vt 0.175355 0.270714
vt 0.172695 0.269137
vt 0.173546 0.268330
vt 0.175798 0.270321
vt 0.174965 0.266678
vt 0.176206 0.269908
vt 0.150473 0.284391
vt 0.151968 0.287803
vt 0.149847 0.289003
vt 0.149726 0.292556
vt 0.134360 0.288434
vt 0.134758 0.287981
vt 0.136548 0.286801
vt 0.168565 0.245464
vt 0.134678 0.297940
vt 0.180023 0.257487
vt 0.142021 0.295434
vt 0.131796 0.290577
vt 0.132074 0.287803
vt 0.133568 0.284391
vt 0.134195 0.289003
vt 0.134316 0.292556
vt 0.148219 0.243249
vt 0.161728 0.287334
vt 0.149682 0.288434
vt 0.148421 0.289315
vt 0.147492 0.284413
vt 0.149284 0.287981
vt 0.168565 0.272719
vt 0.149364 0.297940
vt 0.180023 0.260696
vt 0.151552 0.287367
vt 0.150570 0.286774
vt 0.149848 0.292071
vt 0.149430 0.292944
s 1
f 877/1060/695 889/1061/696 876/1062/695
f 882/1063/697 893/1064/697 892/1065/697
f 905/1066/697 892/1065/697 903/1067/697
f 882/1063/698 889/1061/696 883/1068/698
f 889/1069/699 890/1070/700 876/1071/701
f 905/1066/702 898/1072/703 902/1073/704
f 901/1074/705 898/1072/703 897/1075/705
f 891/1076/697 892/1065/697 899/1077/697
f 904/1078/697 918/1079/697 921/1080/697
f 895/1081/706 900/1082/706 896/1083/706
f 895/1081/702 888/1084/702 887/1085/702
f 902/1073/704 890/1070/700 894/1086/707
f 893/1064/697 903/1067/697 892/1065/697
f 891/1076/708 894/1086/707 889/1069/699
f 911/1087/709 909/1088/710 913/1089/711
f 899/1077/712 902/1073/704 894/1086/707
f 900/1090/697 903/1067/697 896/1091/697
f 913/1089/711 908/1092/713 912/1093/714
f 912/1093/714 906/1094/715 910/1095/716
f 911/1087/709 878/1096/717 907/1097/718
f 923/1098/719 925/1099/720 922/1100/721
f 918/1079/697 916/1101/697 920/1102/697
f 920/1102/697 917/1103/697 921/1080/697
f 921/1080/697 915/1104/697 919/1105/697
f 915/1106/722 912/1107/723 910/1108/724
f 917/1109/725 913/1110/726 912/1107/723
f 916/1111/727 911/1112/728 913/1110/726
f 922/1100/721 910/1095/716 906/1094/715
f 911/1112/728 884/1113/729 881/1114/729
f 886/1115/697 914/1116/697 918/1079/697
f 931/1117/730 879/1118/731 885/1119/705
f 925/1120/732 929/1121/733 927/1122/734
f 926/1123/735 928/1124/736 929/1121/733
f 879/1118/731 926/1125/737 923/1098/719
f 910/1108/724 927/1122/734 915/1106/722
f 934/1126/738 932/1127/739 930/1128/740
f 935/1129/741 931/1130/730 932/1127/739
f 930/1128/740 888/1084/742 934/1126/738
f 924/1131/743 933/1132/744 928/1124/736
f 930/1133/697 898/1072/697 887/1134/697
f 919/1105/697 927/1135/697 928/1136/697
f 877/1060/695 942/1137/696 880/1138/745
f 938/1139/697 893/1064/697 883/1068/697
f 956/1140/697 945/1141/697 951/1142/697
f 938/1139/698 880/1138/745 944/1143/698
f 943/1144/746 942/1145/747 936/1146/748
f 950/1147/749 956/1140/750 954/1148/751
f 953/1149/752 950/1147/749 954/1148/751
f 944/1143/697 945/1141/697 938/1139/697
f 972/1150/697 904/1078/697 941/1151/697
f 952/1152/753 947/1153/753 948/1154/753
f 941/1155/750 947/1153/750 940/1156/750
f 943/1144/746 954/1148/751 946/1157/754
f 893/1064/697 955/1158/697 904/1078/697
f 946/1157/754 944/1143/755 942/1145/747
f 962/1159/756 960/1160/757 958/1161/758
f 954/1148/751 951/1142/759 946/1157/754
f 952/1162/697 955/1158/697 956/1140/697
f 964/1163/760 959/1164/761 960/1160/757
f 963/1165/762 957/1166/763 959/1164/761
f 878/1167/717 962/1159/756 958/1161/758
f 976/1168/764 974/1169/765 973/1170/766
f 969/1171/697 967/1172/697 965/1173/697
f 971/1174/697 968/1175/697 967/1172/697
f 972/1150/697 966/1176/697 968/1175/697
f 963/1177/767 966/1178/768 961/1179/769
f 964/1180/770 968/1181/771 963/1177/767
f 962/1182/772 967/1183/773 964/1180/770
f 973/1170/766 961/1184/774 976/1168/764
f 884/1113/729 962/1182/772 881/1114/729
f 965/1173/697 886/1115/697 969/1171/697
f 939/1185/752 975/1186/775 982/1187/776
f 980/1188/777 976/1189/778 978/1190/779
f 979/1191/780 977/1192/781 980/1188/777
f 937/1193/782 977/1194/783 975/1186/775
f 961/1179/769 978/1190/779 976/1189/778
f 983/1195/784 985/1196/785 981/1197/786
f 982/1198/776 986/1199/787 983/1195/784
f 981/1197/786 941/1155/788 940/1156/789
f 975/1200/775 984/1201/790 982/1198/776
f 947/1202/697 950/1147/697 983/1203/697
f 984/1204/697 980/1205/697 966/1176/697
f 877/1060/695 880/1138/745 889/1061/696
f 882/1063/697 883/1068/697 893/1064/697
f 905/1066/697 899/1077/697 892/1065/697
f 882/1063/698 891/1076/698 889/1061/696
f 889/1061/696 880/1138/745 883/1068/698
f 889/1069/699 894/1086/707 890/1070/700
f 905/1066/702 900/1090/702 898/1072/703
f 901/1074/705 902/1073/704 898/1072/703
f 891/1076/697 882/1063/697 892/1065/697
f 921/1080/697 919/1105/697 935/1206/697
f 935/1206/697 934/1207/697 888/1208/697
f 896/1091/697 903/1067/697 904/1078/697
f 921/1080/697 935/1206/697 888/1208/697
f 888/1208/697 896/1091/697 904/1078/697
f 904/1078/697 886/1115/697 918/1079/697
f 918/1079/697 920/1102/697 921/1080/697
f 921/1080/697 888/1208/697 904/1078/697
f 895/1081/706 898/1209/706 900/1082/706
f 895/1081/702 896/1083/702 888/1084/702
f 902/1073/704 901/1074/705 890/1070/700
f 893/1064/697 904/1078/697 903/1067/697
f 891/1076/708 899/1077/712 894/1086/707
f 911/1087/709 907/1097/718 909/1088/710
f 899/1077/712 905/1066/702 902/1073/704
f 900/1090/697 905/1066/697 903/1067/697
f 913/1089/711 909/1088/710 908/1092/713
f 912/1093/714 908/1092/713 906/1094/715
f 911/1087/709 881/1210/717 878/1096/717
f 923/1098/719 926/1125/737 925/1099/720
f 918/1079/697 914/1116/697 916/1101/697
f 920/1102/697 916/1101/697 917/1103/697
f 921/1080/697 917/1103/697 915/1104/697
f 915/1106/722 917/1109/725 912/1107/723
f 917/1109/725 916/1111/727 913/1110/726
f 916/1111/727 914/1211/791 911/1112/728
f 922/1100/721 925/1099/720 910/1095/716
f 911/1112/728 914/1211/791 884/1113/729
f 886/1115/697 884/1212/697 914/1116/697
f 897/1075/705 898/1072/703 931/1117/730
f 931/1117/730 924/1213/743 879/1118/731
f 885/1119/705 897/1075/705 931/1117/730
f 925/1120/732 926/1123/735 929/1121/733
f 926/1123/735 924/1131/743 928/1124/736
f 879/1118/731 924/1213/743 926/1125/737
f 910/1108/724 925/1120/732 927/1122/734
f 934/1126/738 935/1129/741 932/1127/739
f 935/1129/741 933/1132/744 931/1130/730
f 930/1128/740 887/1085/792 888/1084/742
f 924/1131/743 931/1130/730 933/1132/744
f 932/1214/697 931/1117/697 898/1072/697
f 898/1072/697 895/1215/697 887/1134/697
f 930/1133/697 932/1214/697 898/1072/697
f 933/1216/697 935/1206/697 919/1105/697
f 919/1105/697 915/1104/697 927/1135/697
f 927/1135/697 929/1217/697 928/1136/697
f 928/1136/697 933/1216/697 919/1105/697
f 877/1060/695 936/1218/695 942/1137/696
f 938/1139/697 945/1141/697 893/1064/697
f 956/1140/697 955/1158/697 945/1141/697
f 938/1139/698 883/1068/698 880/1138/745
f 880/1138/745 942/1137/696 944/1143/698
f 943/1144/746 946/1157/754 942/1145/747
f 950/1147/749 952/1162/750 956/1140/750
f 953/1149/752 949/1219/752 950/1147/749
f 944/1143/697 951/1142/697 945/1141/697
f 986/1220/697 970/1221/697 972/1150/697
f 972/1150/697 971/1174/697 969/1171/697
f 969/1171/697 886/1115/697 904/1078/697
f 904/1078/697 955/1158/697 948/1222/697
f 941/1151/697 985/1223/697 986/1220/697
f 904/1078/697 948/1222/697 941/1151/697
f 972/1150/697 969/1171/697 904/1078/697
f 941/1151/697 986/1220/697 972/1150/697
f 952/1152/753 950/1224/753 947/1153/753
f 941/1155/750 948/1154/750 947/1153/750
f 943/1144/746 953/1149/752 954/1148/751
f 893/1064/697 945/1141/697 955/1158/697
f 946/1157/754 951/1142/759 944/1143/755
f 962/1159/756 964/1163/760 960/1160/757
f 954/1148/751 956/1140/750 951/1142/759
f 952/1162/697 948/1222/697 955/1158/697
f 964/1163/760 963/1165/762 959/1164/761
f 963/1165/762 961/1184/774 957/1166/763
f 878/1167/717 881/1225/717 962/1159/756
f 976/1168/764 977/1194/783 974/1169/765
f 969/1171/697 971/1174/697 967/1172/697
f 971/1174/697 972/1150/697 968/1175/697
f 972/1150/697 970/1221/697 966/1176/697
f 963/1177/767 968/1181/771 966/1178/768
f 964/1180/770 967/1183/773 968/1181/771
f 962/1182/772 965/1226/793 967/1183/773
f 973/1170/766 957/1166/763 961/1184/774
f 884/1113/729 965/1226/793 962/1182/772
f 965/1173/697 884/1212/697 886/1115/697
f 982/1187/776 950/1147/749 949/1219/752
f 939/1185/752 937/1193/782 975/1186/775
f 982/1187/776 949/1219/752 939/1185/752
f 980/1188/777 977/1192/781 976/1189/778
f 979/1191/780 975/1200/775 977/1192/781
f 937/1193/782 974/1169/765 977/1194/783
f 961/1179/769 966/1178/768 978/1190/779
f 983/1195/784 986/1199/787 985/1196/785
f 982/1198/776 984/1201/790 986/1199/787
f 981/1197/786 985/1196/785 941/1155/788
f 975/1200/775 979/1191/780 984/1201/790
f 981/1227/697 940/1228/697 947/1202/697
f 950/1147/697 982/1187/697 983/1203/697
f 983/1203/697 981/1227/697 947/1202/697
f 970/1221/697 986/1220/697 984/1204/697
f 984/1204/697 979/1229/697 980/1205/697
f 980/1205/697 978/1230/697 966/1176/697
f 966/1176/697 970/1221/697 984/1204/697
o Superstructure.001
v 0.002855 0.109703 -0.081560
v 0.011736 0.109703 -0.081560
v 0.000000 0.109703 -0.081560
v 0.016837 0.109703 -0.081560
v 0.011933 0.109703 -0.038333
v 0.000000 0.109703 -0.038333
v 0.007544 0.109703 -0.038333
v 0.021573 0.109703 -0.050702
v 0.000000 0.109703 -0.029126
v 0.007544 0.109703 -0.029126
v 0.002855 0.129634 -0.075722
v 0.008771 0.129634 -0.075722
v 0.000000 0.129634 -0.075722
v 0.011052 0.129634 -0.050659
v 0.000000 0.129634 -0.050659
v 0.006238 0.129634 -0.050659
v 0.018608 0.129634 -0.050659
v 0.013872 0.129634 -0.075722
v 0.000000 0.129634 -0.031682
v 0.004579 0.129634 -0.031682
v 0.016566 0.109703 -0.033588
v 0.012500 0.109703 -0.030739
v 0.013909 0.109703 -0.033904
v 0.009535 0.129634 -0.033296
v 0.013755 0.129634 -0.036302
v 0.020898 0.109703 -0.041286
v 0.019253 0.109703 -0.037016
v 0.016288 0.129634 -0.039573
v 0.017976 0.129634 -0.043838
v -0.002855 0.109703 -0.081560
v -0.011736 0.109703 -0.081560
v -0.016837 0.109703 -0.081560
v -0.011933 0.109703 -0.038333
v -0.007544 0.109703 -0.038333
v -0.021573 0.109703 -0.050702
v -0.007544 0.109703 -0.029126
v -0.002855 0.129634 -0.075722
v -0.008771 0.129634 -0.075722
v -0.011052 0.129634 -0.050659
v -0.006238 0.129634 -0.050659
v -0.018608 0.129634 -0.050659
v -0.013872 0.129634 -0.075722
v -0.004579 0.129634 -0.031682
v -0.016566 0.109703 -0.033588
v -0.012500 0.109703 -0.030739
v -0.013909 0.109703 -0.033904
v -0.009535 0.129634 -0.033296
v -0.013755 0.129634 -0.036302
v -0.020898 0.109703 -0.041286
v -0.019253 0.109703 -0.037016
v -0.016288 0.129634 -0.039573
v -0.017976 0.129634 -0.043838
vn -0.0000 -1.0000 -0.0000
vn -0.0000 1.0000 -0.0000
vn 0.9862 0.1590 -0.0470
vn 0.9716 0.1726 -0.1616
vn 0.9880 0.1471 -0.0471
vn -0.0000 0.2811 -0.9597
vn -0.0000 0.1272 0.9919
vn 0.1426 0.1467 0.9788
vn 0.4458 0.1797 0.8769
vn 0.6788 0.1920 0.7088
vn 0.4365 0.1780 0.8819
vn 0.1668 0.1498 0.9745
vn 0.8553 0.1882 0.4827
vn 0.9597 0.1703 0.2234
vn 0.9618 0.1652 0.2185
vn 0.8526 0.1888 0.4873
vn 0.6756 0.1922 0.7117
vn -0.9862 0.1590 -0.0470
vn -0.9716 0.1726 -0.1616
vn -0.9708 0.1881 -0.1490
vn -0.1426 0.1467 0.9788
vn -0.1668 0.1498 0.9745
vn -0.6788 0.1920 0.7088
vn -0.4458 0.1797 0.8769
vn -0.4365 0.1780 0.8819
vn -0.8553 0.1882 0.4827
vn -0.9597 0.1703 0.2234
vn -0.8526 0.1888 0.4873
vn -0.9618 0.1652 0.2185
vn -0.6756 0.1922 0.7117
vn 0.9708 0.1881 -0.1490
vn -0.9880 0.1471 -0.0471
vt 0.012293 0.257818
vt 0.014327 0.263664
vt 0.013180 0.262760
vt 0.016667 0.266070
vt 0.017717 0.250665
vt 0.017717 0.267131
vt 0.014861 0.253285
vt 0.011991 0.251122
vt 0.009912 0.263806
vt 0.005764 0.258974
vt 0.008058 0.258657
vt 0.008535 0.267252
vt 0.000979 0.259686
vt 0.003967 0.259207
vt 0.009339 0.265128
vt 0.005170 0.252389
vt 0.012765 0.247526
vt 0.003623 0.250932
vt 0.011740 0.254100
vt 0.011837 0.252789
vt 0.012281 0.253680
vt 0.007131 0.255165
vt 0.006379 0.253870
vt 0.007575 0.256129
vt 0.011924 0.255983
vt 0.007853 0.257157
vt 0.011809 0.255039
vt 0.013691 0.254265
vt 0.008041 0.268541
s 1
f 994/1231/794 988/1232/794 990/1233/794
f 987/1234/794 992/1235/794 989/1236/794
f 988/1232/794 993/1237/794 987/1234/794
f 996/1238/794 992/1235/794 993/1237/794
f 1004/1239/795 1000/1240/795 1003/1241/795
f 997/1242/795 1001/1243/795 1002/1244/795
f 998/1245/795 1002/1244/795 1000/1240/795
f 1001/1243/795 1006/1246/795 1002/1244/795
f 994/1231/796 1004/1239/797 1003/1241/798
f 987/1234/799 998/1245/799 988/1232/799
f 989/1236/799 997/1242/799 987/1234/799
f 988/1232/799 1004/1239/799 990/1233/799
f 995/1247/800 1006/1246/801 1005/1248/800
f 1007/1249/794 1008/1250/794 1009/1251/794
f 1008/1250/802 1011/1252/803 1010/1253/804
f 1009/1251/794 996/1238/794 993/1237/794
f 996/1238/805 1010/1253/804 1006/1246/801
f 1002/1244/795 1010/1253/795 1011/1252/795
f 1014/1254/806 1012/1255/807 1015/1256/808
f 1013/1257/794 1009/1251/794 994/1231/794
f 994/1231/796 1015/1256/808 1012/1255/807
f 1013/1257/809 1011/1252/803 1007/1249/810
f 1015/1256/795 1000/1240/795 1011/1252/795
f 1017/1232/794 1021/1231/794 1018/1233/794
f 1016/1234/794 992/1235/794 1020/1237/794
f 1017/1232/794 1020/1237/794 1019/1258/794
f 992/1235/794 1022/1238/794 1020/1237/794
f 1028/1239/795 1025/1240/795 1024/1245/795
f 1023/1242/795 1001/1243/795 999/1259/795
f 1024/1245/795 1026/1244/795 1023/1242/795
f 1029/1246/795 1001/1243/795 1026/1244/795
f 1021/1231/811 1028/1239/812 1018/1233/813
f 1024/1245/799 1016/1234/799 1017/1232/799
f 1023/1242/799 989/1236/799 1016/1234/799
f 1028/1239/799 1017/1232/799 1018/1233/799
f 995/1247/800 1029/1246/814 1022/1238/815
f 1030/1249/794 1032/1251/794 1031/1250/794
f 1034/1252/816 1031/1250/817 1033/1253/818
f 1020/1237/794 1031/1250/794 1032/1251/794
f 1022/1238/815 1033/1253/818 1031/1250/817
f 1034/1252/795 1029/1246/795 1026/1244/795
f 1037/1254/819 1035/1255/820 1036/1257/821
f 1021/1231/794 1032/1251/794 1036/1257/794
f 1038/1256/822 1021/1231/811 1035/1255/820
f 1034/1252/816 1036/1257/821 1030/1249/823
f 1034/1252/795 1027/1241/795 1038/1256/795
f 994/1231/794 991/1258/794 988/1232/794
f 987/1234/794 993/1237/794 992/1235/794
f 988/1232/794 991/1258/794 993/1237/794
f 996/1238/794 995/1247/794 992/1235/794
f 1004/1239/795 998/1245/795 1000/1240/795
f 997/1242/795 999/1259/795 1001/1243/795
f 998/1245/795 997/1242/795 1002/1244/795
f 1001/1243/795 1005/1248/795 1006/1246/795
f 994/1231/796 990/1233/824 1004/1239/797
f 987/1234/799 997/1242/799 998/1245/799
f 989/1236/799 999/1259/799 997/1242/799
f 988/1232/799 998/1245/799 1004/1239/799
f 995/1247/800 996/1238/805 1006/1246/801
f 1008/1250/802 1007/1249/810 1011/1252/803
f 993/1237/794 991/1258/794 1009/1251/794
f 1009/1251/794 1008/1250/794 996/1238/794
f 996/1238/805 1008/1250/802 1010/1253/804
f 1011/1252/795 1000/1240/795 1002/1244/795
f 1002/1244/795 1006/1246/795 1010/1253/795
f 1014/1254/806 1013/1257/809 1012/1255/807
f 994/1231/794 1012/1255/794 1013/1257/794
f 1013/1257/794 1007/1249/794 1009/1251/794
f 1009/1251/794 991/1258/794 994/1231/794
f 994/1231/796 1003/1241/798 1015/1256/808
f 1013/1257/809 1014/1254/806 1011/1252/803
f 1011/1252/795 1014/1254/795 1015/1256/795
f 1015/1256/795 1003/1241/795 1000/1240/795
f 1017/1232/794 1019/1258/794 1021/1231/794
f 1016/1234/794 989/1236/794 992/1235/794
f 1017/1232/794 1016/1234/794 1020/1237/794
f 992/1235/794 995/1247/794 1022/1238/794
f 1028/1239/795 1027/1241/795 1025/1240/795
f 1023/1242/795 1026/1244/795 1001/1243/795
f 1024/1245/795 1025/1240/795 1026/1244/795
f 1029/1246/795 1005/1248/795 1001/1243/795
f 1021/1231/811 1027/1241/825 1028/1239/812
f 1024/1245/799 1023/1242/799 1016/1234/799
f 1023/1242/799 999/1259/799 989/1236/799
f 1028/1239/799 1024/1245/799 1017/1232/799
f 995/1247/800 1005/1248/800 1029/1246/814
f 1034/1252/816 1030/1249/823 1031/1250/817
f 1032/1251/794 1019/1258/794 1020/1237/794
f 1020/1237/794 1022/1238/794 1031/1250/794
f 1022/1238/815 1029/1246/814 1033/1253/818
f 1026/1244/795 1025/1240/795 1034/1252/795
f 1034/1252/795 1033/1253/795 1029/1246/795
f 1037/1254/819 1038/1256/822 1035/1255/820
f 1036/1257/794 1035/1255/794 1021/1231/794
f 1021/1231/794 1019/1258/794 1032/1251/794
f 1032/1251/794 1030/1249/794 1036/1257/794
f 1038/1256/822 1027/1241/825 1021/1231/811
f 1034/1252/816 1037/1254/819 1036/1257/821
f 1038/1256/795 1037/1254/795 1034/1252/795
f 1034/1252/795 1025/1240/795 1027/1241/795
o Superstructure.002
v 0.011251 0.129634 -0.061625
v 0.000000 0.129634 -0.061625
v 0.005357 0.129634 -0.061625
v 0.016647 0.129634 -0.061625
v 0.000000 0.129634 -0.027453
v 0.003325 0.129634 -0.027453
v 0.009394 0.129634 -0.029429
v 0.014750 0.129634 -0.033303
v 0.017663 0.129634 -0.037115
v 0.019067 0.129634 -0.042339
v 0.011251 0.130746 -0.061625
v 0.000000 0.130746 -0.061625
v 0.005357 0.130746 -0.061625
v 0.016647 0.130746 -0.061625
v 0.000000 0.130746 -0.027453
v 0.003325 0.130746 -0.027453
v 0.009394 0.130746 -0.029429
v 0.014750 0.130746 -0.033303
v 0.017663 0.130746 -0.037115
v 0.019067 0.130746 -0.042339
v -0.011251 0.129634 -0.061625
v -0.005357 0.129634 -0.061625
v -0.016647 0.129634 -0.061625
v -0.003325 0.129634 -0.027453
v -0.009394 0.129634 -0.029429
v -0.014750 0.129634 -0.033303
v -0.017663 0.129634 -0.037115
v -0.019067 0.129634 -0.042339
v -0.011251 0.130746 -0.061625
v -0.005357 0.130746 -0.061625
v -0.016647 0.130746 -0.061625
v -0.003325 0.130746 -0.027453
v -0.009394 0.130746 -0.029429
v -0.014750 0.130746 -0.033303
v -0.017663 0.130746 -0.037115
v -0.019067 0.130746 -0.042339
vn -0.0000 -1.0000 -0.0000
vn -0.0000 1.0000 -0.0000
vn 0.6978 -0.0000 0.7163
vn 0.4533 -0.0000 0.8913
vn 0.9976 -0.0000 0.0688
vn 0.8971 -0.0000 0.4418
vn -0.0000 -0.0000 -1.0000
vn 0.9922 -0.0000 -0.1245
vn 0.1567 -0.0000 0.9876
vn -0.0000 -0.0000 1.0000
vn -0.4533 -0.0000 0.8913
vn -0.6978 -0.0000 0.7163
vn -0.8971 -0.0000 0.4418
vn -0.9976 -0.0000 0.0688
vn -0.9922 -0.0000 -0.1245
vn -0.1567 -0.0000 0.9876
vt 0.107590 0.260632
vt 0.106315 0.247526
vt 0.108369 0.247526
vt 0.111972 0.258389
vt 0.112700 0.247526
vt 0.113628 0.254923
vt 0.113985 0.260964
vt 0.115221 0.248075
vt 0.116118 0.260948
vt 0.117450 0.248745
vt 0.119606 0.249969
vt 0.121204 0.253397
vt 0.118442 0.260902
vt 0.119824 0.249582
vt 0.117612 0.248350
vt 0.121647 0.253350
vt 0.120722 0.251473
vt 0.121113 0.251281
vt 0.113988 0.261407
vt 0.116124 0.261389
vt 0.121111 0.260879
vt 0.118454 0.261349
vt 0.120655 0.260845
vt 0.120665 0.261300
vt 0.115298 0.247666
vt 0.113985 0.247949
vt 0.114031 0.247526
vt 0.119971 0.249704
vt 0.109918 0.259875
vt 0.110630 0.247526
vt 0.106315 0.260632
vt 0.113089 0.256927
s 1
f 1044/1260/826 1040/1261/826 1041/1262/826
f 1046/1263/826 1044/1260/826 1041/1262/826
f 1046/1263/826 1042/1264/826 1048/1265/826
f 1050/1266/827 1054/1267/827 1051/1268/827
f 1051/1268/827 1055/1269/827 1056/1270/827
f 1058/1271/827 1049/1272/827 1056/1270/827
f 1046/1273/828 1055/1269/829 1045/1274/829
f 1048/1275/830 1057/1276/831 1047/1277/831
f 1040/1278/832 1051/1268/832 1041/1279/832
f 1042/1280/833 1058/1271/830 1048/1275/830
f 1039/1281/832 1052/1282/832 1042/1283/832
f 1045/1274/829 1054/1267/834 1044/1284/834
f 1044/1284/834 1053/1285/835 1043/1286/835
f 1039/1281/832 1051/1268/832 1049/1272/832
f 1047/1277/831 1056/1270/828 1046/1287/828
f 1040/1261/826 1062/1260/826 1060/1262/826
f 1060/1262/826 1063/1288/826 1064/1263/826
f 1066/1265/826 1059/1289/826 1064/1263/826
f 1070/1267/827 1050/1266/827 1068/1268/827
f 1072/1270/827 1070/1267/827 1068/1268/827
f 1072/1270/827 1069/1282/827 1074/1271/827
f 1071/1269/836 1064/1273/837 1063/1274/836
f 1073/1276/838 1066/1275/839 1065/1277/838
f 1068/1268/832 1040/1278/832 1060/1279/832
f 1074/1271/839 1061/1280/840 1066/1275/839
f 1069/1282/832 1059/1281/832 1061/1283/832
f 1070/1267/841 1063/1274/836 1062/1284/841
f 1053/1285/835 1062/1284/841 1043/1286/835
f 1059/1281/832 1068/1268/832 1060/1279/832
f 1072/1270/837 1065/1277/838 1064/1287/837
f 1044/1260/826 1043/1290/826 1040/1261/826
f 1041/1262/826 1039/1289/826 1046/1263/826
f 1046/1263/826 1045/1288/826 1044/1260/826
f 1048/1265/826 1047/1291/826 1046/1263/826
f 1046/1263/826 1039/1289/826 1042/1264/826
f 1050/1266/827 1053/1285/827 1054/1267/827
f 1056/1270/827 1049/1272/827 1051/1268/827
f 1051/1268/827 1054/1267/827 1055/1269/827
f 1056/1270/827 1057/1276/827 1058/1271/827
f 1058/1271/827 1052/1282/827 1049/1272/827
f 1046/1273/828 1056/1270/828 1055/1269/829
f 1048/1275/830 1058/1271/830 1057/1276/831
f 1040/1278/832 1050/1266/832 1051/1268/832
f 1042/1280/833 1052/1282/833 1058/1271/830
f 1039/1281/832 1049/1272/832 1052/1282/832
f 1045/1274/829 1055/1269/829 1054/1267/834
f 1044/1284/834 1054/1267/834 1053/1285/835
f 1039/1281/832 1041/1279/832 1051/1268/832
f 1047/1277/831 1057/1276/831 1056/1270/828
f 1040/1261/826 1043/1290/826 1062/1260/826
f 1064/1263/826 1059/1289/826 1060/1262/826
f 1060/1262/826 1062/1260/826 1063/1288/826
f 1064/1263/826 1065/1291/826 1066/1265/826
f 1066/1265/826 1061/1264/826 1059/1289/826
f 1070/1267/827 1053/1285/827 1050/1266/827
f 1068/1268/827 1067/1272/827 1072/1270/827
f 1072/1270/827 1071/1269/827 1070/1267/827
f 1074/1271/827 1073/1276/827 1072/1270/827
f 1072/1270/827 1067/1272/827 1069/1282/827
f 1071/1269/836 1072/1270/837 1064/1273/837
f 1073/1276/838 1074/1271/839 1066/1275/839
f 1068/1268/832 1050/1266/832 1040/1278/832
f 1074/1271/839 1069/1282/840 1061/1280/840
f 1069/1282/832 1067/1272/832 1059/1281/832
f 1070/1267/841 1071/1269/836 1063/1274/836
f 1053/1285/835 1070/1267/841 1062/1284/841
f 1059/1281/832 1067/1272/832 1068/1268/832
f 1072/1270/837 1073/1276/838 1065/1277/838
o Superstructure.003
v 0.017987 0.130746 -0.050649
v 0.000000 0.130746 -0.027453
v 0.003325 0.130746 -0.027453
v 0.009394 0.130746 -0.029429
v 0.014750 0.130746 -0.033303
v 0.017663 0.130746 -0.037115
v 0.019067 0.130746 -0.042339
v 0.017987 0.136560 -0.050649
v 0.000000 0.136560 -0.027453
v 0.003325 0.136560 -0.027453
v 0.009394 0.136560 -0.029429
v 0.014750 0.136560 -0.033303
v 0.017663 0.136560 -0.037115
v 0.019067 0.136560 -0.042339
v 0.018079 0.134521 -0.041776
v 0.018079 0.132785 -0.041776
v 0.017252 0.132785 -0.050649
v 0.017252 0.134521 -0.050649
v 0.003984 0.134521 -0.028447
v 0.003984 0.132785 -0.028447
v 0.009418 0.132785 -0.030216
v 0.009418 0.134521 -0.030216
v 0.000000 0.132785 -0.028447
v 0.000000 0.134521 -0.028447
v 0.014214 0.134521 -0.033686
v 0.014214 0.132785 -0.033686
v 0.016822 0.132785 -0.037099
v 0.016822 0.134521 -0.037099
v -0.017987 0.130746 -0.050649
v -0.003325 0.130746 -0.027453
v -0.009394 0.130746 -0.029429
v -0.014750 0.130746 -0.033303
v -0.017663 0.130746 -0.037115
v -0.019067 0.130746 -0.042339
v -0.017987 0.136560 -0.050649
v -0.003325 0.136560 -0.027453
v -0.009394 0.136560 -0.029429
v -0.014750 0.136560 -0.033303
v -0.017663 0.136560 -0.037115
v -0.019067 0.136560 -0.042339
v -0.018079 0.134521 -0.041776
v -0.018079 0.132785 -0.041776
v -0.017252 0.132785 -0.050649
v -0.017252 0.134521 -0.050649
v -0.003984 0.134521 -0.028447
v -0.003984 0.132785 -0.028447
v -0.009418 0.132785 -0.030216
v -0.009418 0.134521 -0.030216
v -0.014214 0.134521 -0.033686
v -0.014214 0.132785 -0.033686
v -0.016822 0.132785 -0.037099
v -0.016822 0.134521 -0.037099
v 0.017075 0.130347 -0.050547
v 0.000000 0.130308 -0.028352
v 0.003212 0.130341 -0.028360
v 0.008979 0.130423 -0.030279
v 0.014082 0.130443 -0.033983
v 0.016814 0.130399 -0.037512
v 0.018148 0.130354 -0.042379
v 0.017075 0.136959 -0.050547
v 0.000000 0.136998 -0.028352
v 0.003212 0.136966 -0.028360
v 0.008979 0.136884 -0.030279
v 0.014082 0.136863 -0.033983
v 0.016814 0.136907 -0.037512
v 0.018148 0.136952 -0.042379
v 0.017105 0.134723 -0.041871
v 0.017105 0.132584 -0.041871
v 0.016277 0.132584 -0.050550
v 0.016277 0.134722 -0.050550
v 0.003813 0.134721 -0.029412
v 0.003813 0.132586 -0.029412
v 0.008963 0.132622 -0.031091
v 0.008963 0.134685 -0.031091
v 0.000000 0.132561 -0.029422
v 0.000000 0.134746 -0.029422
v 0.013526 0.134676 -0.034395
v 0.013526 0.132630 -0.034395
v 0.015944 0.132609 -0.037544
v 0.015944 0.134697 -0.037544
v -0.017075 0.130347 -0.050547
v -0.003212 0.130341 -0.028360
v -0.008979 0.130423 -0.030279
v -0.014082 0.130443 -0.033983
v -0.016814 0.130399 -0.037512
v -0.018148 0.130354 -0.042379
v -0.017075 0.136959 -0.050547
v -0.003212 0.136966 -0.028360
v -0.008979 0.136884 -0.030279
v -0.014082 0.136863 -0.033983
v -0.016814 0.136907 -0.037512
v -0.018148 0.136952 -0.042379
v -0.017105 0.134723 -0.041871
v -0.017105 0.132584 -0.041871
v -0.016277 0.132584 -0.050550
v -0.016277 0.134722 -0.050550
v -0.003813 0.134721 -0.029412
v -0.003813 0.132586 -0.029412
v -0.008963 0.132622 -0.031091
v -0.008963 0.134685 -0.031091
v -0.013526 0.134676 -0.034395
v -0.013526 0.132630 -0.034395
v -0.015944 0.132609 -0.037544
v -0.015944 0.134697 -0.037544
vn 0.9781 -0.1796 -0.1056
vn 0.9089 -0.4144 0.0475
vn 0.9718 -0.2142 0.0988
vn 0.1710 -0.1998 0.9648
vn 0.4151 -0.3235 0.8503
vn 0.1135 -0.4055 0.9070
vn -0.0000 -0.2249 0.9744
vn 0.8780 -0.1765 0.4449
vn 0.6683 -0.3031 0.6794
vn 0.6874 -0.1553 0.7094
vn 0.8496 -0.3472 0.3970
vn 0.4550 -0.1638 0.8753
vn 0.6683 0.3031 0.6794
vn 0.4550 0.1638 0.8753
vn 0.4151 0.3235 0.8503
vn 0.8496 0.3472 0.3970
vn 0.9718 0.2142 0.0988
vn 0.8780 0.1765 0.4449
vn 0.6874 0.1553 0.7094
vn 0.1135 0.4055 0.9070
vn -0.0000 0.2249 0.9744
vn -0.0000 0.4382 0.8989
vn 0.1710 0.1998 0.9648
vn 0.9089 0.4144 0.0475
vn 0.9781 0.1796 -0.1056
vn -0.9089 -0.4144 0.0475
vn -0.9781 -0.1796 -0.1056
vn -0.9718 -0.2142 0.0988
vn -0.1710 -0.1998 0.9648
vn -0.4151 -0.3235 0.8503
vn -0.4550 -0.1638 0.8753
vn -0.1135 -0.4055 0.9070
vn -0.6683 -0.3031 0.6794
vn -0.8780 -0.1765 0.4449
vn -0.6874 -0.1553 0.7094
vn -0.8496 -0.3472 0.3970
vn -0.4550 0.1638 0.8753
vn -0.6683 0.3031 0.6794
vn -0.4151 0.3235 0.8503
vn -0.6874 0.1553 0.7094
vn -0.8496 0.3472 0.3970
vn -0.9718 0.2142 0.0988
vn -0.9089 0.4144 0.0475
vn -0.8780 0.1765 0.4449
vn -0.1135 0.4055 0.9070
vn -0.1710 0.1998 0.9648
vn -0.9781 0.1796 -0.1056
vn -0.9338 0.3364 -0.1214
vn -0.9135 0.4036 -0.0503
vn -0.9782 0.1778 0.1071
vn -0.9730 0.2100 -0.0956
vn -0.1674 0.1967 -0.9661
vn -0.4166 0.3188 -0.8514
vn -0.4542 0.1609 -0.8763
vn -0.0000 0.2199 -0.9755
vn -0.1150 0.3970 -0.9106
vn -0.6685 0.2991 -0.6809
vn -0.8790 0.1734 -0.4441
vn -0.6875 0.1524 -0.7100
vn -0.8505 0.3417 -0.3998
vn -0.4542 -0.1609 -0.8763
vn -0.6685 -0.2991 -0.6809
vn -0.4166 -0.3188 -0.8514
vn -0.6875 -0.1524 -0.7100
vn -0.8505 -0.3417 -0.3998
vn -0.9730 -0.2100 -0.0956
vn -0.9135 -0.4036 -0.0503
vn -0.8790 -0.1734 -0.4441
vn -0.1150 -0.3970 -0.9106
vn -0.0000 -0.2199 -0.9755
vn -0.1674 -0.1967 -0.9661
vn -0.9782 -0.1778 0.1071
vn -0.9348 -0.3333 0.1231
vn 0.9782 0.1778 0.1071
vn 0.9135 0.4036 -0.0503
vn 0.9730 0.2100 -0.0956
vn 0.1674 0.1967 -0.9661
vn 0.4166 0.3188 -0.8514
vn 0.1150 0.3970 -0.9106
vn 0.8790 0.1734 -0.4441
vn 0.6685 0.2991 -0.6809
vn 0.6875 0.1524 -0.7100
vn 0.8505 0.3417 -0.3998
vn 0.4542 0.1609 -0.8763
vn 0.6685 -0.2991 -0.6809
vn 0.4542 -0.1609 -0.8763
vn 0.4166 -0.3188 -0.8514
vn 0.8505 -0.3417 -0.3998
vn 0.9730 -0.2100 -0.0956
vn 0.8790 -0.1734 -0.4441
vn 0.6875 -0.1524 -0.7100
vn 0.1150 -0.3970 -0.9106
vn -0.0000 -0.4289 -0.9033
vn 0.1674 -0.1967 -0.9661
vn 0.9135 -0.4036 -0.0503
vn 0.9782 -0.1778 0.1071
vn -0.0000 -0.9016 0.4325
vn 0.0653 -0.9145 0.3992
vn 0.0625 -0.9140 0.4008
vn 0.2128 -0.9514 0.2225
vn 0.1535 -0.9465 0.2840
vn 0.2086 -0.9529 0.2200
vn 0.1539 -0.9445 0.2902
vn 0.3131 -0.9365 0.1577
vn 0.3885 -0.9210 0.0272
vn 0.3913 -0.9199 0.0252
vn 0.3955 -0.9171 -0.0512
vn 0.3956 -0.9170 -0.0512
vn 0.3061 -0.9388 0.1577
vn -0.0000 0.9016 0.4325
vn 0.0653 0.9145 0.3992
vn -0.0000 0.8989 0.4382
vn 0.2128 0.9514 0.2225
vn 0.1535 0.9465 0.2840
vn 0.1539 0.9445 0.2902
vn 0.0625 0.9140 0.4008
vn 0.3131 0.9365 0.1577
vn 0.3885 0.9210 0.0272
vn 0.3061 0.9389 0.1577
vn 0.3955 0.9171 -0.0512
vn 0.3913 0.9199 0.0252
vn 0.2086 0.9529 0.2200
vn -0.0978 0.0169 -0.9951
vn -0.0950 0.0344 -0.9949
vn -0.0954 0.0344 -0.9948
vn -0.0978 -0.0169 -0.9951
vn -0.0950 -0.0344 -0.9949
vn -0.0975 -0.0176 -0.9951
vn -0.0975 0.0176 -0.9951
vn -0.0653 -0.9145 0.3992
vn -0.0000 -0.8989 0.4382
vn -0.2128 -0.9514 0.2225
vn -0.1535 -0.9465 0.2840
vn -0.1539 -0.9445 0.2902
vn -0.0625 -0.9140 0.4008
vn -0.3131 -0.9365 0.1577
vn -0.3885 -0.9210 0.0272
vn -0.3061 -0.9388 0.1577
vn -0.3955 -0.9171 -0.0512
vn -0.3913 -0.9199 0.0252
vn -0.2086 -0.9529 0.2200
vn -0.0653 0.9145 0.3992
vn -0.0625 0.9140 0.4008
vn -0.2128 0.9514 0.2225
vn -0.1535 0.9465 0.2840
vn -0.2086 0.9529 0.2200
vn -0.1539 0.9445 0.2902
vn -0.3131 0.9365 0.1577
vn -0.3885 0.9210 0.0272
vn -0.3913 0.9199 0.0252
vn -0.3955 0.9171 -0.0512
vn -0.3956 0.9170 -0.0512
vn -0.3061 0.9389 0.1577
vn 0.0978 0.0169 -0.9951
vn 0.0950 0.0344 -0.9949
vn 0.0975 0.0176 -0.9951
vn 0.0978 -0.0169 -0.9951
vn 0.0950 -0.0344 -0.9949
vn 0.0954 -0.0344 -0.9948
vn 0.0975 -0.0176 -0.9951
vn 0.9338 -0.3364 -0.1214
vn -0.0000 -0.4382 0.8989
vn 0.9338 0.3364 -0.1214
vn -0.9338 -0.3364 -0.1214
vn -0.9348 0.3333 0.1231
vn -0.0000 0.4289 -0.9033
vn 0.9348 0.3333 0.1231
vn 0.9348 -0.3333 0.1231
vn 0.3956 0.9170 -0.0512
vn -0.0954 -0.0344 -0.9948
vn -0.3956 -0.9170 -0.0512
vn 0.0954 0.0344 -0.9948
vt 0.104665 0.258691
vt 0.103901 0.255980
vt 0.104640 0.255769
vt 0.104625 0.248835
vt 0.103940 0.250629
vt 0.103901 0.248577
vt 0.104640 0.247541
vt 0.104641 0.254126
vt 0.103960 0.252731
vt 0.104639 0.252696
vt 0.103934 0.254241
vt 0.104636 0.250742
vt 0.105887 0.252725
vt 0.105204 0.250740
vt 0.105899 0.250623
vt 0.105925 0.254237
vt 0.105218 0.255767
vt 0.105218 0.254126
vt 0.105207 0.252694
vt 0.105920 0.248573
vt 0.105185 0.247543
vt 0.105898 0.247528
vt 0.105198 0.248833
vt 0.105958 0.255975
vt 0.105216 0.258688
vt 0.105913 0.258669
vt 0.103924 0.247526
vt 0.103968 0.258677
s 1
f 1092/1292/842 1088/1293/843 1089/1294/844
f 1093/1295/845 1085/1296/846 1084/1297/847
f 1084/1297/847 1098/1298/848 1093/1295/845
f 1102/1299/849 1086/1300/850 1099/1301/851
f 1089/1294/844 1087/1302/852 1102/1299/849
f 1096/1303/853 1086/1300/850 1085/1296/846
f 1079/1304/854 1095/1305/855 1078/1306/856
f 1095/1305/855 1099/1301/851 1096/1303/853
f 1080/1307/857 1090/1308/858 1101/1309/859
f 1101/1309/859 1089/1294/844 1102/1299/849
f 1079/1304/854 1101/1309/859 1100/1310/860
f 1101/1309/859 1099/1301/851 1100/1310/860
f 1077/1311/861 1097/1312/862 1076/1313/863
f 1093/1295/845 1097/1312/862 1094/1314/864
f 1078/1306/856 1094/1314/864 1077/1311/861
f 1095/1305/855 1093/1295/845 1094/1314/864
f 1081/1315/865 1091/1316/866 1090/1308/858
f 1091/1316/866 1089/1294/844 1090/1308/858
f 1114/1293/867 1118/1292/868 1115/1294/869
f 1119/1295/870 1111/1296/871 1122/1303/872
f 1098/1298/848 1110/1297/873 1119/1295/870
f 1112/1300/874 1126/1299/875 1123/1301/876
f 1113/1302/877 1115/1294/869 1126/1299/875
f 1122/1303/872 1112/1300/874 1123/1301/876
f 1121/1305/878 1106/1304/879 1105/1306/880
f 1121/1305/878 1123/1301/876 1124/1310/881
f 1107/1307/882 1116/1308/883 1108/1315/884
f 1125/1309/885 1115/1294/869 1116/1308/883
f 1106/1304/879 1125/1309/885 1107/1307/882
f 1123/1301/876 1125/1309/885 1124/1310/881
f 1104/1311/886 1097/1312/862 1120/1314/887
f 1097/1312/862 1119/1295/870 1120/1314/887
f 1120/1314/887 1105/1306/880 1104/1311/886
f 1119/1295/870 1121/1305/878 1120/1314/887
f 1108/1315/884 1117/1316/888 1103/1317/889
f 1115/1294/869 1117/1316/888 1116/1308/883
f 1140/1293/890 1144/1292/891 1141/1294/892
f 1145/1295/893 1137/1296/894 1148/1303/895
f 1150/1298/896 1136/1297/897 1145/1295/893
f 1138/1300/898 1154/1299/899 1151/1301/900
f 1139/1302/901 1141/1294/892 1154/1299/899
f 1148/1303/895 1138/1300/898 1151/1301/900
f 1147/1305/902 1131/1304/903 1130/1306/904
f 1147/1305/902 1151/1301/900 1152/1310/905
f 1132/1307/906 1142/1308/907 1133/1315/908
f 1153/1309/909 1141/1294/892 1142/1308/907
f 1131/1304/903 1153/1309/909 1132/1307/906
f 1151/1301/900 1153/1309/909 1152/1310/905
f 1129/1311/910 1149/1312/911 1146/1314/912
f 1149/1312/911 1145/1295/893 1146/1314/912
f 1146/1314/912 1130/1306/904 1129/1311/910
f 1145/1295/893 1147/1305/902 1146/1314/912
f 1133/1315/908 1143/1316/913 1127/1317/914
f 1142/1308/907 1144/1292/891 1143/1316/913
f 1170/1292/915 1166/1293/916 1167/1294/917
f 1171/1295/918 1163/1296/919 1162/1297/920
f 1162/1297/920 1150/1298/896 1171/1295/918
f 1178/1299/921 1164/1300/922 1175/1301/923
f 1167/1294/917 1165/1302/924 1178/1299/921
f 1174/1303/925 1164/1300/922 1163/1296/919
f 1158/1304/926 1173/1305/927 1157/1306/928
f 1173/1305/927 1175/1301/923 1174/1303/925
f 1159/1307/929 1168/1308/930 1177/1309/931
f 1177/1309/931 1167/1294/917 1178/1299/921
f 1158/1304/926 1177/1309/931 1176/1310/932
f 1177/1309/931 1175/1301/923 1176/1310/932
f 1156/1311/933 1149/1312/911 1128/1313/934
f 1171/1295/918 1149/1312/911 1172/1314/935
f 1157/1306/928 1172/1314/935 1156/1311/933
f 1173/1305/927 1171/1295/918 1172/1314/935
f 1160/1315/936 1169/1316/937 1168/1308/930
f 1168/1308/930 1170/1292/915 1167/1294/917
f 1076/1313/938 1129/1311/939 1077/1311/940
f 1079/1304/941 1130/1306/942 1131/1304/943
f 1078/1306/944 1129/1311/939 1130/1306/942
f 1080/1307/945 1133/1315/946 1081/1315/947
f 1075/1317/948 1133/1315/946 1127/1317/949
f 1079/1304/941 1132/1307/950 1080/1307/945
f 1083/1318/951 1136/1297/952 1135/1318/953
f 1086/1300/954 1137/1296/955 1085/1296/956
f 1085/1296/956 1136/1297/952 1084/1297/957
f 1087/1302/958 1140/1293/959 1139/1302/960
f 1082/1319/961 1140/1293/959 1088/1293/962
f 1086/1300/954 1139/1302/960 1138/1300/963
f 1092/1292/964 1134/1319/965 1082/1319/966
f 1091/1316/967 1127/1317/968 1143/1316/969
f 1091/1316/967 1144/1292/970 1092/1292/964
f 1076/1313/938 1156/1311/971 1128/1313/972
f 1106/1304/973 1157/1306/974 1105/1306/975
f 1105/1306/975 1156/1311/971 1104/1311/976
f 1107/1307/977 1160/1315/978 1159/1307/979
f 1103/1317/980 1160/1315/978 1108/1315/981
f 1106/1304/973 1159/1307/979 1158/1304/982
f 1083/1318/951 1162/1297/983 1110/1297/984
f 1112/1300/985 1163/1296/986 1164/1300/987
f 1111/1296/988 1162/1297/983 1163/1296/986
f 1113/1302/989 1166/1293/990 1114/1293/991
f 1109/1319/992 1166/1293/990 1161/1319/993
f 1112/1300/985 1165/1302/994 1113/1302/989
f 1118/1292/995 1161/1319/996 1170/1292/997
f 1117/1316/998 1155/1317/999 1103/1317/1000
f 1117/1316/998 1170/1292/997 1169/1316/1001
f 1092/1292/842 1082/1319/1002 1088/1293/843
f 1093/1295/845 1096/1303/853 1085/1296/846
f 1084/1297/847 1083/1318/1003 1098/1298/848
f 1102/1299/849 1087/1302/852 1086/1300/850
f 1089/1294/844 1088/1293/843 1087/1302/852
f 1096/1303/853 1099/1301/851 1086/1300/850
f 1079/1304/854 1100/1310/860 1095/1305/855
f 1095/1305/855 1100/1310/860 1099/1301/851
f 1080/1307/857 1081/1315/865 1090/1308/858
f 1101/1309/859 1090/1308/858 1089/1294/844
f 1079/1304/854 1080/1307/857 1101/1309/859
f 1101/1309/859 1102/1299/849 1099/1301/851
f 1077/1311/861 1094/1314/864 1097/1312/862
f 1093/1295/845 1098/1298/848 1097/1312/862
f 1078/1306/856 1095/1305/855 1094/1314/864
f 1095/1305/855 1096/1303/853 1093/1295/845
f 1081/1315/865 1075/1317/1004 1091/1316/866
f 1091/1316/866 1092/1292/842 1089/1294/844
f 1114/1293/867 1109/1319/1005 1118/1292/868
f 1119/1295/870 1110/1297/873 1111/1296/871
f 1098/1298/848 1083/1318/1003 1110/1297/873
f 1112/1300/874 1113/1302/877 1126/1299/875
f 1113/1302/877 1114/1293/867 1115/1294/869
f 1122/1303/872 1111/1296/871 1112/1300/874
f 1121/1305/878 1124/1310/881 1106/1304/879
f 1121/1305/878 1122/1303/872 1123/1301/876
f 1107/1307/882 1125/1309/885 1116/1308/883
f 1125/1309/885 1126/1299/875 1115/1294/869
f 1106/1304/879 1124/1310/881 1125/1309/885
f 1123/1301/876 1126/1299/875 1125/1309/885
f 1104/1311/886 1076/1313/863 1097/1312/862
f 1097/1312/862 1098/1298/848 1119/1295/870
f 1120/1314/887 1121/1305/878 1105/1306/880
f 1119/1295/870 1122/1303/872 1121/1305/878
f 1108/1315/884 1116/1308/883 1117/1316/888
f 1115/1294/869 1118/1292/868 1117/1316/888
f 1140/1293/890 1134/1319/1006 1144/1292/891
f 1145/1295/893 1136/1297/897 1137/1296/894
f 1150/1298/896 1135/1318/1007 1136/1297/897
f 1138/1300/898 1139/1302/901 1154/1299/899
f 1139/1302/901 1140/1293/890 1141/1294/892
f 1148/1303/895 1137/1296/894 1138/1300/898
f 1147/1305/902 1152/1310/905 1131/1304/903
f 1147/1305/902 1148/1303/895 1151/1301/900
f 1132/1307/906 1153/1309/909 1142/1308/907
f 1153/1309/909 1154/1299/899 1141/1294/892
f 1131/1304/903 1152/1310/905 1153/1309/909
f 1151/1301/900 1154/1299/899 1153/1309/909
f 1129/1311/910 1128/1313/934 1149/1312/911
f 1149/1312/911 1150/1298/896 1145/1295/893
f 1146/1314/912 1147/1305/902 1130/1306/904
f 1145/1295/893 1148/1303/895 1147/1305/902
f 1133/1315/908 1142/1308/907 1143/1316/913
f 1142/1308/907 1141/1294/892 1144/1292/891
f 1170/1292/915 1161/1319/1008 1166/1293/916
f 1171/1295/918 1174/1303/925 1163/1296/919
f 1162/1297/920 1135/1318/1007 1150/1298/896
f 1178/1299/921 1165/1302/924 1164/1300/922
f 1167/1294/917 1166/1293/916 1165/1302/924
f 1174/1303/925 1175/1301/923 1164/1300/922
f 1158/1304/926 1176/1310/932 1173/1305/927
f 1173/1305/927 1176/1310/932 1175/1301/923
f 1159/1307/929 1160/1315/936 1168/1308/930
f 1177/1309/931 1168/1308/930 1167/1294/917
f 1158/1304/926 1159/1307/929 1177/1309/931
f 1177/1309/931 1178/1299/921 1175/1301/923
f 1156/1311/933 1172/1314/935 1149/1312/911
f 1171/1295/918 1150/1298/896 1149/1312/911
f 1157/1306/928 1173/1305/927 1172/1314/935
f 1173/1305/927 1174/1303/925 1171/1295/918
f 1160/1315/936 1155/1317/1009 1169/1316/937
f 1168/1308/930 1169/1316/937 1170/1292/915
f 1076/1313/938 1128/1313/972 1129/1311/939
f 1079/1304/941 1078/1306/944 1130/1306/942
f 1078/1306/944 1077/1311/940 1129/1311/939
f 1080/1307/945 1132/1307/950 1133/1315/946
f 1075/1317/948 1081/1315/947 1133/1315/946
f 1079/1304/941 1131/1304/943 1132/1307/950
f 1083/1318/951 1084/1297/957 1136/1297/952
f 1086/1300/954 1138/1300/963 1137/1296/955
f 1085/1296/956 1137/1296/955 1136/1297/952
f 1087/1302/958 1088/1293/962 1140/1293/959
f 1082/1319/961 1134/1319/1010 1140/1293/959
f 1086/1300/954 1087/1302/958 1139/1302/960
f 1092/1292/964 1144/1292/970 1134/1319/965
f 1091/1316/967 1075/1317/1011 1127/1317/968
f 1091/1316/967 1143/1316/969 1144/1292/970
f 1076/1313/938 1104/1311/976 1156/1311/971
f 1106/1304/973 1158/1304/982 1157/1306/974
f 1105/1306/975 1157/1306/974 1156/1311/971
f 1107/1307/977 1108/1315/981 1160/1315/978
f 1103/1317/980 1155/1317/1012 1160/1315/978
f 1106/1304/973 1107/1307/977 1159/1307/979
f 1083/1318/951 1135/1318/953 1162/1297/983
f 1112/1300/985 1111/1296/988 1163/1296/986
f 1111/1296/988 1110/1297/984 1162/1297/983
f 1113/1302/989 1165/1302/994 1166/1293/990
f 1109/1319/992 1114/1293/991 1166/1293/990
f 1112/1300/985 1164/1300/987 1165/1302/994
f 1118/1292/995 1109/1319/1013 1161/1319/996
f 1117/1316/998 1169/1316/1001 1155/1317/999
f 1117/1316/998 1118/1292/995 1170/1292/997
o MLRS_Bay
v 0.062212 0.058142 0.214108
v 0.062335 0.058132 0.214233
v 0.062934 0.057636 0.212684
v 0.063667 0.057579 0.213424
v 0.062335 0.056558 0.234552
v 0.062212 0.056548 0.234676
v 0.063667 0.055886 0.235265
v 0.062934 0.055829 0.236006
v 0.044654 0.058132 0.214233
v 0.044777 0.058142 0.214108
v 0.043322 0.057579 0.213424
v 0.044055 0.057636 0.212684
v 0.044777 0.056548 0.234676
v 0.044654 0.056558 0.234552
v 0.044055 0.055829 0.236006
v 0.043322 0.055886 0.235265
v 0.064732 0.057010 0.212154
v 0.063998 0.057067 0.211411
v 0.063998 0.055071 0.237175
v 0.064732 0.055129 0.236433
v 0.042991 0.057067 0.211411
v 0.042256 0.057010 0.212154
v 0.042256 0.055129 0.236433
v 0.042991 0.055071 0.237175
v 0.063341 0.058164 0.213821
v 0.062632 0.058220 0.213105
v 0.062632 0.056470 0.235679
v 0.063341 0.056526 0.234964
v 0.043648 0.056526 0.234964
v 0.044356 0.056470 0.235679
v 0.044356 0.058220 0.213105
v 0.043648 0.058164 0.213821
v 0.062335 0.035289 0.212743
v 0.062212 0.035298 0.212619
v 0.062212 0.033705 0.233186
v 0.062335 0.033714 0.233062
v 0.044654 0.033714 0.233062
v 0.044777 0.033705 0.233186
v 0.044777 0.035298 0.212619
v 0.044654 0.035289 0.212743
v -0.062212 0.058142 0.214108
v -0.062335 0.058132 0.214233
v -0.062934 0.057636 0.212684
v -0.063667 0.057579 0.213424
v -0.062335 0.056558 0.234552
v -0.062212 0.056548 0.234676
v -0.063667 0.055886 0.235265
v -0.062934 0.055829 0.236006
v -0.044654 0.058132 0.214233
v -0.044777 0.058142 0.214108
v -0.043322 0.057579 0.213424
v -0.044055 0.057636 0.212684
v -0.044777 0.056548 0.234676
v -0.044654 0.056558 0.234552
v -0.044055 0.055829 0.236006
v -0.043322 0.055886 0.235265
v -0.064732 0.057010 0.212154
v -0.063998 0.057067 0.211411
v -0.063998 0.055071 0.237175
v -0.064732 0.055129 0.236433
v -0.042991 0.057067 0.211411
v -0.042256 0.057010 0.212154
v -0.042256 0.055129 0.236433
v -0.042991 0.055071 0.237175
v -0.063341 0.058164 0.213821
v -0.062632 0.058220 0.213105
v -0.062632 0.056470 0.235679
v -0.063341 0.056526 0.234964
v -0.043648 0.056526 0.234964
v -0.044356 0.056470 0.235679
v -0.044356 0.058220 0.213105
v -0.043648 0.058164 0.213821
v -0.062335 0.035289 0.212743
v -0.062212 0.035298 0.212619
v -0.062212 0.033705 0.233186
v -0.062335 0.033714 0.233062
v -0.044654 0.033714 0.233062
v -0.044777 0.033705 0.233186
v -0.044777 0.035298 0.212619
v -0.044654 0.035289 0.212743
vn 0.2696 0.6515 -0.7092
vn 0.5725 0.8066 -0.1474
vn 0.2093 0.8533 -0.4776
vn 0.5725 0.7742 0.2699
vn 0.2696 0.5344 0.8011
vn 0.2093 0.7696 0.6033
vn -0.5725 0.7742 0.2699
vn -0.2696 0.5344 0.8011
vn -0.7873 0.5410 0.2957
vn -0.5725 0.8066 -0.1474
vn -0.2696 0.6515 -0.7092
vn -0.2093 0.8533 -0.4776
vn -0.3613 0.9258 -0.1114
vn -0.1703 0.9448 -0.2798
vn -0.2093 0.7695 0.6033
vn -0.3613 0.8975 0.2527
vn -0.1703 0.8904 0.4220
vn 0.3613 0.8975 0.2527
vn 0.1703 0.8904 0.4220
vn 0.3613 0.9258 -0.1114
vn 0.1703 0.9448 -0.2798
vn 0.9261 0.0245 -0.3765
vn 0.9261 -0.0245 0.3765
vn 0.9240 -0.0249 0.3816
vn 0.7873 0.5801 -0.2089
vn -0.7873 0.5801 -0.2089
vn -0.0000 0.9970 0.0773
vn -0.9261 -0.0245 0.3765
vn -0.9261 0.0245 -0.3765
vn -0.9240 -0.0249 0.3815
vn 0.3866 0.0600 -0.9203
vn 0.9240 0.0249 -0.3816
vn -0.3866 -0.0600 0.9203
vn -0.3845 -0.0601 0.9212
vn 0.3866 -0.0600 0.9203
vn 0.3845 -0.0601 0.9212
vn -0.3866 0.0600 -0.9203
vn 0.3845 0.0601 -0.9212
vn -0.9240 0.0249 -0.3815
vn -0.2093 0.7696 0.6033
vn -0.9261 0.0246 -0.3765
vn -0.9261 -0.0246 0.3765
vn -0.9240 0.0249 -0.3816
vn 0.7873 0.5410 0.2957
vn 0.9240 -0.0249 0.3815
vn -0.3844 0.0601 -0.9212
vn -0.3844 -0.0601 0.9212
vn 0.3844 0.0601 -0.9212
vn -0.9240 -0.0249 0.3816
vn -0.0000 0.9970 0.0772
vn -0.3845 0.0601 -0.9212
vt 0.080504 0.262741
vt 0.080151 0.262654
vt 0.080444 0.262526
vt 0.079720 0.272239
vt 0.080090 0.272126
vt 0.080031 0.272371
vt 0.085909 0.270679
vt 0.085524 0.270772
vt 0.085695 0.270537
vt 0.085927 0.264088
vt 0.085564 0.264005
vt 0.085722 0.263833
vt 0.086298 0.263737
vt 0.086118 0.263503
vt 0.085690 0.270947
vt 0.086298 0.271050
vt 0.086109 0.271297
vt 0.079534 0.272736
vt 0.079817 0.272871
vt 0.079988 0.262184
vt 0.080249 0.262063
vt 0.218218 0.248524
vt 0.224937 0.254571
vt 0.218144 0.254571
vt 0.080264 0.262860
vt 0.077193 0.268212
vt 0.085728 0.264223
vt 0.080526 0.263054
vt 0.080479 0.263075
vt 0.080116 0.271798
vt 0.079809 0.272003
vt 0.080066 0.271774
vt 0.085342 0.270484
vt 0.085378 0.270440
vt 0.085399 0.264268
vt 0.085431 0.264309
vt 0.077408 0.268217
vt 0.077736 0.268250
vt 0.216129 0.266252
vt 0.216166 0.272336
vt 0.210956 0.272373
vt 0.224937 0.259848
vt 0.218218 0.265895
vt 0.218144 0.259848
vt 0.218218 0.248472
vt 0.225011 0.248524
vt 0.224936 0.259796
vt 0.218144 0.259796
vt 0.224936 0.254623
vt 0.218144 0.254623
vt 0.218218 0.243299
vt 0.225011 0.248472
vt 0.225011 0.243247
vt 0.218218 0.243247
vt 0.107776 0.271212
vt 0.107427 0.271301
vt 0.107538 0.271097
vt 0.107443 0.261711
vt 0.107081 0.261607
vt 0.107383 0.261480
vt 0.113242 0.263149
vt 0.112850 0.263063
vt 0.113019 0.262878
vt 0.112873 0.269923
vt 0.113243 0.269835
vt 0.113035 0.270098
vt 0.113628 0.270193
vt 0.113443 0.270434
vt 0.113628 0.262775
vt 0.106898 0.261120
vt 0.107174 0.260989
vt 0.107718 0.271426
vt 0.107266 0.271768
vt 0.217712 0.248524
vt 0.210994 0.254571
vt 0.210920 0.248524
vt 0.104735 0.265814
vt 0.107525 0.271889
vt 0.104066 0.265683
vt 0.104523 0.265818
vt 0.113438 0.262527
vt 0.113040 0.269699
vt 0.113024 0.263295
vt 0.107797 0.270908
vt 0.107750 0.270887
vt 0.107470 0.262046
vt 0.107167 0.261836
vt 0.112672 0.263344
vt 0.112707 0.263389
vt 0.112702 0.269650
vt 0.105042 0.265783
vt 0.112736 0.269607
vt 0.247817 0.266218
vt 0.247781 0.272302
vt 0.242571 0.272265
vt 0.217712 0.265895
vt 0.210994 0.259848
vt 0.217786 0.259848
vt 0.217712 0.248472
vt 0.210919 0.248472
vt 0.210994 0.259796
vt 0.217787 0.259796
vt 0.210994 0.254623
vt 0.217787 0.254623
vt 0.210919 0.243299
vt 0.217712 0.243299
vt 0.217786 0.254571
vt 0.210920 0.243247
vt 0.217712 0.243247
vt 0.076730 0.268348
vt 0.210919 0.272336
vt 0.210919 0.266289
vt 0.210956 0.266252
vt 0.216166 0.266289
vt 0.216129 0.272373
vt 0.225011 0.265895
vt 0.225011 0.243299
vt 0.107420 0.262069
vt 0.242571 0.266218
vt 0.242607 0.266181
vt 0.247781 0.266181
vt 0.247817 0.272265
vt 0.242607 0.272302
vt 0.210920 0.265895
s 1
f 1204/1320/1014 1182/1321/1015 1181/1322/1016
f 1185/1323/1017 1205/1324/1018 1186/1325/1019
f 1194/1326/1020 1208/1327/1021 1207/1328/1022
f 1189/1329/1023 1209/1330/1024 1190/1331/1025
f 1200/1332/1026 1190/1331/1025 1199/1333/1027
f 1193/1334/1028 1201/1335/1029 1202/1336/1030
f 1198/1337/1031 1186/1325/1019 1197/1338/1032
f 1181/1322/1016 1195/1339/1033 1196/1340/1034
f 1192/1341/1035 1218/1342/1036 1187/1343/1037
f 1203/1344/1038 1185/1345/1017 1182/1321/1015
f 1204/1320/1014 1190/1331/1025 1209/1330/1024
f 1196/1340/1034 1190/1331/1025 1181/1322/1016
f 1185/1345/1017 1195/1339/1033 1182/1321/1015
f 1208/1327/1021 1186/1325/1019 1205/1324/1018
f 1193/1334/1028 1197/1338/1032 1186/1325/1019
f 1210/1346/1039 1194/1326/1020 1207/1328/1022
f 1200/1332/1026 1194/1326/1020 1189/1329/1023
f 1203/1344/1040 1179/1347/1040 1180/1348/1040
f 1184/1349/1040 1206/1350/1040 1183/1351/1040
f 1207/1328/1040 1191/1352/1040 1192/1353/1040
f 1188/1354/1040 1210/1346/1040 1187/1355/1040
f 1206/1356/1040 1180/1348/1040 1183/1357/1040
f 1191/1352/1040 1205/1324/1040 1184/1349/1040
f 1187/1355/1040 1207/1328/1040 1192/1353/1040
f 1179/1347/1040 1209/1330/1040 1188/1354/1040
f 1217/1358/1040 1215/1359/1040 1213/1360/1040
f 1211/1361/1041 1183/1362/1042 1180/1363/1043
f 1191/1364/1044 1215/1365/1045 1192/1341/1035
f 1212/1366/1046 1180/1363/1043 1179/1367/1047
f 1217/1368/1048 1179/1367/1047 1188/1369/1049
f 1184/1370/1050 1216/1371/1051 1191/1364/1044
f 1187/1343/1037 1217/1368/1048 1188/1369/1049
f 1214/1372/1052 1184/1370/1050 1183/1373/1042
f 1244/1374/1024 1222/1375/1023 1243/1376/1039
f 1245/1377/1021 1225/1378/1020 1226/1379/1053
f 1234/1380/1017 1248/1381/1018 1233/1382/1019
f 1249/1383/1014 1229/1384/1015 1230/1385/1016
f 1230/1385/1016 1240/1386/1033 1239/1387/1034
f 1233/1382/1019 1241/1388/1031 1234/1380/1017
f 1226/1379/1053 1238/1389/1029 1237/1390/1030
f 1221/1391/1025 1235/1392/1026 1222/1375/1023
f 1232/1393/1054 1258/1394/1055 1255/1395/1056
f 1222/1375/1023 1246/1396/1022 1243/1376/1039
f 1230/1385/1016 1244/1374/1024 1249/1383/1014
f 1230/1385/1016 1236/1397/1027 1221/1391/1025
f 1222/1375/1023 1238/1398/1029 1225/1399/1020
f 1245/1377/1021 1233/1382/1019 1248/1381/1018
f 1233/1382/1019 1237/1390/1030 1242/1400/1032
f 1234/1380/1017 1250/1401/1038 1247/1402/1057
f 1234/1380/1017 1240/1386/1033 1229/1384/1015
f 1219/1403/1040 1243/1376/1040 1220/1404/1040
f 1224/1405/1040 1246/1406/1040 1245/1377/1040
f 1231/1407/1040 1247/1402/1040 1232/1408/1040
f 1228/1409/1040 1250/1401/1040 1249/1383/1040
f 1220/1404/1040 1246/1396/1040 1223/1410/1040
f 1224/1405/1040 1248/1381/1040 1231/1407/1040
f 1227/1411/1040 1247/1402/1040 1250/1401/1040
f 1219/1403/1040 1249/1383/1040 1244/1374/1040
f 1255/1412/1040 1257/1413/1040 1251/1414/1040
f 1223/1415/1035 1251/1416/1036 1220/1417/1058
f 1231/1418/1050 1255/1395/1056 1256/1419/1059
f 1220/1417/1058 1252/1420/1048 1219/1421/1049
f 1219/1421/1049 1257/1422/1046 1228/1423/1060
f 1231/1418/1050 1253/1424/1061 1224/1425/1044
f 1227/1426/1062 1257/1422/1046 1258/1394/1055
f 1224/1425/1044 1254/1427/1045 1223/1428/1035
f 1204/1320/1014 1203/1344/1038 1182/1321/1015
f 1185/1323/1017 1206/1350/1057 1205/1324/1018
f 1194/1326/1020 1193/1334/1028 1208/1327/1021
f 1189/1329/1023 1210/1346/1039 1209/1330/1024
f 1200/1332/1026 1189/1329/1023 1190/1331/1025
f 1193/1334/1028 1194/1326/1020 1201/1335/1029
f 1198/1337/1031 1185/1323/1017 1186/1325/1019
f 1181/1322/1016 1182/1321/1015 1195/1339/1033
f 1192/1341/1035 1215/1365/1045 1218/1342/1036
f 1203/1344/1038 1206/1356/1057 1185/1345/1017
f 1204/1320/1014 1181/1322/1016 1190/1331/1025
f 1196/1340/1034 1199/1333/1027 1190/1331/1025
f 1185/1345/1017 1198/1429/1031 1195/1339/1033
f 1208/1327/1021 1193/1334/1028 1186/1325/1019
f 1193/1334/1028 1202/1336/1030 1197/1338/1032
f 1210/1346/1039 1189/1329/1023 1194/1326/1020
f 1200/1332/1026 1201/1335/1029 1194/1326/1020
f 1203/1344/1040 1204/1320/1040 1179/1347/1040
f 1184/1349/1040 1205/1324/1040 1206/1350/1040
f 1207/1328/1040 1208/1327/1040 1191/1352/1040
f 1188/1354/1040 1209/1330/1040 1210/1346/1040
f 1206/1356/1040 1203/1344/1040 1180/1348/1040
f 1191/1352/1040 1208/1327/1040 1205/1324/1040
f 1187/1355/1040 1210/1346/1040 1207/1328/1040
f 1179/1347/1040 1204/1320/1040 1209/1330/1040
f 1213/1360/1040 1214/1430/1040 1211/1431/1040
f 1211/1431/1040 1212/1432/1063 1217/1358/1040
f 1217/1358/1040 1218/1433/1040 1215/1359/1040
f 1215/1359/1040 1216/1434/1063 1213/1360/1040
f 1213/1360/1040 1211/1431/1040 1217/1358/1040
f 1211/1361/1041 1214/1435/1052 1183/1362/1042
f 1191/1364/1044 1216/1371/1051 1215/1365/1045
f 1212/1366/1046 1211/1361/1041 1180/1363/1043
f 1217/1368/1048 1212/1366/1046 1179/1367/1047
f 1184/1370/1050 1213/1436/1064 1216/1371/1051
f 1187/1343/1037 1218/1342/1036 1217/1368/1048
f 1214/1372/1052 1213/1436/1064 1184/1370/1050
f 1244/1374/1024 1221/1391/1025 1222/1375/1023
f 1245/1377/1021 1246/1406/1022 1225/1378/1020
f 1234/1380/1017 1247/1402/1057 1248/1381/1018
f 1249/1383/1014 1250/1401/1038 1229/1384/1015
f 1230/1385/1016 1229/1384/1015 1240/1386/1033
f 1233/1382/1019 1242/1400/1032 1241/1388/1031
f 1226/1379/1053 1225/1378/1020 1238/1389/1029
f 1221/1391/1025 1236/1397/1027 1235/1392/1026
f 1232/1393/1054 1227/1426/1062 1258/1394/1055
f 1222/1375/1023 1225/1399/1020 1246/1396/1022
f 1230/1385/1016 1221/1391/1025 1244/1374/1024
f 1230/1385/1016 1239/1387/1034 1236/1397/1027
f 1222/1375/1023 1235/1392/1026 1238/1398/1029
f 1245/1377/1021 1226/1379/1053 1233/1382/1019
f 1233/1382/1019 1226/1379/1053 1237/1390/1030
f 1234/1380/1017 1229/1384/1015 1250/1401/1038
f 1234/1380/1017 1241/1388/1031 1240/1386/1033
f 1219/1403/1040 1244/1374/1040 1243/1376/1040
f 1224/1405/1040 1223/1437/1040 1246/1406/1040
f 1231/1407/1040 1248/1381/1040 1247/1402/1040
f 1228/1409/1040 1227/1411/1040 1250/1401/1040
f 1220/1404/1040 1243/1376/1040 1246/1396/1040
f 1224/1405/1040 1245/1377/1040 1248/1381/1040
f 1227/1411/1040 1232/1408/1040 1247/1402/1040
f 1219/1403/1040 1228/1409/1040 1249/1383/1040
f 1251/1414/1040 1254/1438/1040 1253/1439/1040
f 1253/1439/1040 1256/1440/1063 1255/1412/1040
f 1255/1412/1040 1258/1441/1040 1257/1413/1040
f 1257/1413/1040 1252/1442/1063 1251/1414/1040
f 1251/1414/1040 1253/1439/1040 1255/1412/1040
f 1223/1415/1035 1254/1443/1045 1251/1416/1036
f 1231/1418/1050 1232/1393/1054 1255/1395/1056
f 1220/1417/1058 1251/1416/1036 1252/1420/1048
f 1219/1421/1049 1252/1420/1048 1257/1422/1046
f 1231/1418/1050 1256/1419/1059 1253/1424/1061
f 1227/1426/1062 1228/1423/1060 1257/1422/1046
f 1224/1425/1044 1253/1424/1061 1254/1427/1045
o Parts
v 0.000022 0.064834 0.094965
v 0.000022 0.072453 0.094965
v 0.003758 0.064834 0.096512
v 0.003758 0.072453 0.096512
v 0.005305 0.064834 0.100248
v 0.005305 0.072453 0.100248
v 0.003758 0.064834 0.103984
v 0.003758 0.072453 0.103984
v 0.000022 0.064834 0.105531
v 0.000022 0.072453 0.105531
v -0.003714 0.064834 0.103984
v -0.003714 0.072453 0.103984
v -0.005261 0.064834 0.100248
v -0.005261 0.072453 0.100248
v -0.003714 0.064834 0.096512
v -0.003714 0.072453 0.096512
v 0.018976 0.136961 -0.050251
v 0.018976 0.136160 -0.050251
v 0.019985 0.136961 -0.042265
v 0.019985 0.136160 -0.042265
v 0.018177 0.136961 -0.050224
v 0.018177 0.136160 -0.050224
v 0.019184 0.136961 -0.042283
v 0.019184 0.136160 -0.042283
v 0.018602 0.136961 -0.036966
v 0.018602 0.136160 -0.036966
v 0.017879 0.136961 -0.037311
v 0.017879 0.136160 -0.037311
v 0.015465 0.136961 -0.032613
v 0.015465 0.136160 -0.032613
v 0.014898 0.136961 -0.033179
v 0.014898 0.136160 -0.033179
v 0.010036 0.136961 -0.028693
v 0.010036 0.136160 -0.028693
v 0.009666 0.136961 -0.029403
v 0.009666 0.136160 -0.029403
v 0.003616 0.136961 -0.026439
v 0.003616 0.136160 -0.026439
v 0.003459 0.136961 -0.027225
v 0.003459 0.136160 -0.027225
v -0.000000 0.136961 -0.026232
v -0.000000 0.136160 -0.026232
v -0.000000 0.136961 -0.027032
v -0.000000 0.136160 -0.027032
v 0.018976 0.131722 -0.050251
v 0.018976 0.130921 -0.050251
v 0.019985 0.131722 -0.042265
v 0.019985 0.130921 -0.042265
v 0.018177 0.131722 -0.050224
v 0.018177 0.130921 -0.050224
v 0.019184 0.131722 -0.042283
v 0.019184 0.130921 -0.042283
v 0.018602 0.131722 -0.036966
v 0.018602 0.130921 -0.036966
v 0.017879 0.131722 -0.037311
v 0.017879 0.130921 -0.037311
v 0.015465 0.131722 -0.032613
v 0.015465 0.130921 -0.032613
v 0.014898 0.131722 -0.033179
v 0.014898 0.130921 -0.033179
v 0.010036 0.131722 -0.028693
v 0.010036 0.130921 -0.028693
v 0.009666 0.131722 -0.029403
v 0.009666 0.130921 -0.029403
v 0.003616 0.131722 -0.026439
v 0.003616 0.130921 -0.026439
v 0.003459 0.131722 -0.027225
v 0.003459 0.130921 -0.027225
v -0.000000 0.131722 -0.026232
v -0.000000 0.130921 -0.026232
v -0.000000 0.131722 -0.027032
v -0.000000 0.130921 -0.027032
v 0.019072 0.136224 -0.049331
v 0.018990 0.136224 -0.050128
v 0.018278 0.136196 -0.049250
v 0.018196 0.136196 -0.050046
v 0.019072 0.131573 -0.049331
v 0.018990 0.131573 -0.050128
v 0.018196 0.131545 -0.050046
v 0.018278 0.131545 -0.049250
v 0.018425 0.136224 -0.036578
v 0.018762 0.136224 -0.037305
v 0.017700 0.136196 -0.036914
v 0.018037 0.136196 -0.037641
v 0.018425 0.131573 -0.036578
v 0.018762 0.131573 -0.037305
v 0.018037 0.131545 -0.037641
v 0.017700 0.131545 -0.036914
v 0.014359 0.136224 -0.031731
v 0.014964 0.136224 -0.032256
v 0.013835 0.136196 -0.032334
v 0.014441 0.136196 -0.032859
v 0.014359 0.131573 -0.031731
v 0.014964 0.131573 -0.032256
v 0.014441 0.131545 -0.032859
v 0.013835 0.131545 -0.032334
v -0.018976 0.136961 -0.050251
v -0.018976 0.136160 -0.050251
v -0.019985 0.136961 -0.042265
v -0.019985 0.136160 -0.042265
v -0.018177 0.136961 -0.050224
v -0.018177 0.136160 -0.050224
v -0.019184 0.136961 -0.042283
v -0.019184 0.136160 -0.042283
v -0.018602 0.136961 -0.036966
v -0.018602 0.136160 -0.036966
v -0.017879 0.136961 -0.037311
v -0.017879 0.136160 -0.037311
v -0.015465 0.136961 -0.032613
v -0.015465 0.136160 -0.032613
v -0.014898 0.136961 -0.033179
v -0.014898 0.136160 -0.033179
v -0.010036 0.136961 -0.028693
v -0.010036 0.136160 -0.028693
v -0.009666 0.136961 -0.029403
v -0.009666 0.136160 -0.029403
v -0.003616 0.136961 -0.026439
v -0.003616 0.136160 -0.026439
v -0.003459 0.136961 -0.027225
v -0.003459 0.136160 -0.027225
v -0.018976 0.131722 -0.050251
v -0.018976 0.130921 -0.050251
v -0.019985 0.131722 -0.042265
v -0.019985 0.130921 -0.042265
v -0.018177 0.131722 -0.050224
v -0.018177 0.130921 -0.050224
v -0.019184 0.131722 -0.042283
v -0.019184 0.130921 -0.042283
v -0.018602 0.131722 -0.036966
v -0.018602 0.130921 -0.036966
v -0.017879 0.131722 -0.037311
v -0.017879 0.130921 -0.037311
v -0.015465 0.131722 -0.032613
v -0.015465 0.130921 -0.032613
v -0.014898 0.131722 -0.033179
v -0.014898 0.130921 -0.033179
v -0.010036 0.131722 -0.028693
v -0.010036 0.130921 -0.028693
v -0.009666 0.131722 -0.029403
v -0.009666 0.130921 -0.029403
v -0.003616 0.131722 -0.026439
v -0.003616 0.130921 -0.026439
v -0.003459 0.131722 -0.027225
v -0.003459 0.130921 -0.027225
v -0.019072 0.136224 -0.049331
v -0.018990 0.136224 -0.050128
v -0.018278 0.136196 -0.049250
v -0.018196 0.136196 -0.050046
v -0.019072 0.131573 -0.049331
v -0.018990 0.131573 -0.050128
v -0.018196 0.131545 -0.050046
v -0.018278 0.131545 -0.049250
v -0.018425 0.136224 -0.036578
v -0.018762 0.136224 -0.037305
v -0.017700 0.136196 -0.036914
v -0.018037 0.136196 -0.037641
v -0.018425 0.131573 -0.036578
v -0.018762 0.131573 -0.037305
v -0.018037 0.131545 -0.037641
v -0.017700 0.131545 -0.036914
v -0.014359 0.136224 -0.031731
v -0.014964 0.136224 -0.032256
v -0.013835 0.136196 -0.032334
v -0.014441 0.136196 -0.032859
v -0.014359 0.131573 -0.031731
v -0.014964 0.131573 -0.032256
v -0.014441 0.131545 -0.032859
v -0.013835 0.131545 -0.032334
v 0.036226 0.061700 0.142631
v 0.038296 0.061633 0.143486
v 0.039154 0.061474 0.145551
v 0.038296 0.061314 0.147616
v 0.036226 0.061247 0.148471
v 0.034155 0.061314 0.147616
v 0.033297 0.061474 0.145551
v 0.034155 0.061633 0.143486
v 0.036226 0.068754 0.143178
v 0.038296 0.068688 0.144033
v 0.039154 0.068528 0.146098
v 0.038296 0.068368 0.148162
v 0.036226 0.068302 0.149017
v 0.034155 0.068368 0.148162
v 0.033297 0.068528 0.146098
v 0.034155 0.068688 0.144033
v 0.038802 0.069468 0.143586
v 0.036226 0.069551 0.142522
v 0.039869 0.069269 0.146155
v 0.038802 0.069070 0.148724
v 0.036226 0.068988 0.149788
v 0.033649 0.069070 0.148724
v 0.032582 0.069269 0.146155
v 0.033649 0.069468 0.143586
v 0.036509 0.062786 0.128609
v 0.038580 0.062720 0.129464
v 0.039437 0.062560 0.131529
v 0.038580 0.062400 0.133594
v 0.036509 0.062334 0.134449
v 0.034438 0.062400 0.133594
v 0.033580 0.062560 0.131529
v 0.034438 0.062720 0.129464
v 0.036509 0.069841 0.129156
v 0.038580 0.069775 0.130011
v 0.039437 0.069615 0.132076
v 0.038580 0.069455 0.134140
v 0.036509 0.069388 0.134995
v 0.034438 0.069455 0.134140
v 0.033580 0.069615 0.132076
v 0.034438 0.069775 0.130011
v 0.039085 0.070555 0.129564
v 0.036509 0.070637 0.128500
v 0.040153 0.070356 0.132133
v 0.039085 0.070157 0.134702
v 0.036509 0.070074 0.135766
v 0.033933 0.070157 0.134702
v 0.032865 0.070356 0.132133
v 0.033933 0.070555 0.129564
v -0.016968 0.062368 0.180586
v -0.016968 0.059157 0.180337
v -0.021432 0.062856 0.174278
v -0.021432 0.059645 0.174029
v -0.019600 0.062225 0.182437
v -0.019600 0.059013 0.182188
v -0.024064 0.062713 0.176129
v -0.024064 0.059502 0.175881
v 0.000159 0.057090 0.202129
v 0.002230 0.057023 0.202984
v 0.003088 0.056863 0.205049
v 0.002230 0.056703 0.207113
v 0.000159 0.056637 0.207968
v -0.001912 0.056703 0.207113
v -0.002769 0.056863 0.205049
v -0.001912 0.057023 0.202984
v 0.000159 0.064144 0.202676
v 0.002230 0.064078 0.203531
v 0.003088 0.063918 0.205595
v 0.002230 0.063758 0.207660
v 0.000159 0.063692 0.208515
v -0.001912 0.063758 0.207660
v -0.002769 0.063918 0.205595
v -0.001912 0.064078 0.203531
v 0.002735 0.064858 0.203084
v 0.000159 0.064940 0.202020
v 0.003803 0.064659 0.205653
v 0.002735 0.064460 0.208221
v 0.000159 0.064378 0.209285
v -0.002417 0.064460 0.208221
v -0.003485 0.064659 0.205653
v -0.002417 0.064858 0.203084
v -0.007810 0.052533 0.267124
v -0.007810 0.053746 0.267226
v -0.007810 0.052700 0.265118
v -0.007810 0.053914 0.265220
v 0.003224 0.052533 0.267124
v 0.003224 0.053746 0.267226
v 0.003224 0.052700 0.265118
v 0.003224 0.053914 0.265220
v 0.000527 0.053914 0.265220
v -0.005113 0.053914 0.265220
v -0.005113 0.054475 0.265266
v 0.000527 0.054475 0.265266
v -0.005113 0.053746 0.267226
v 0.000527 0.053746 0.267226
v 0.000527 0.054307 0.267273
v -0.005113 0.054307 0.267273
v -0.004493 0.055563 0.265357
v -0.000093 0.055563 0.265357
v -0.000093 0.055395 0.267364
v -0.004493 0.055395 0.267364
v 0.001408 0.052700 0.265118
v -0.005994 0.052700 0.265118
v -0.005994 0.052533 0.267125
v 0.001408 0.052533 0.267125
v 0.001408 0.053746 0.267226
v -0.005994 0.053746 0.267226
v -0.005994 0.053914 0.265220
v 0.001408 0.053914 0.265220
v -0.005200 0.055942 0.265389
v -0.004470 0.056442 0.265431
v -0.004737 0.055979 0.265392
v -0.000116 0.056442 0.265431
v 0.000614 0.055942 0.265389
v 0.000151 0.055979 0.265392
v 0.000614 0.055775 0.267395
v -0.000116 0.056274 0.267437
v 0.000151 0.055812 0.267399
v -0.004470 0.056274 0.267437
v -0.005200 0.055775 0.267395
v -0.004737 0.055812 0.267399
v 0.002043 0.071832 0.110695
v 0.002043 0.079710 0.112869
v 0.002043 0.071832 0.109981
v 0.002043 0.079710 0.110005
v 0.002871 0.071832 0.110695
v 0.002871 0.079710 0.112869
v 0.002871 0.071832 0.109981
v 0.002871 0.079710 0.110005
v 0.007676 0.071832 0.106533
v 0.009069 0.079710 0.108203
v 0.007219 0.071832 0.105984
v 0.007234 0.079710 0.106003
v 0.008312 0.071832 0.106002
v 0.009705 0.079710 0.107672
v 0.007855 0.071832 0.105454
v 0.007870 0.079710 0.105473
v 0.004416 0.071832 0.109358
v 0.005808 0.079710 0.111028
v 0.003958 0.071832 0.108810
v 0.003974 0.079710 0.108828
v 0.005052 0.071832 0.108828
v 0.006445 0.079710 0.110498
v 0.004595 0.071832 0.108279
v 0.004610 0.079710 0.108298
v 0.000393 0.071832 0.110695
v 0.000393 0.079710 0.112869
v 0.000393 0.071832 0.109981
v 0.000393 0.079710 0.110005
v 0.000022 0.071832 0.110695
v 0.000022 0.079710 0.112869
v 0.008826 0.071832 0.104188
v 0.011001 0.079710 0.104184
v 0.008112 0.071832 0.104189
v 0.008137 0.079710 0.104189
v 0.008825 0.071832 0.103359
v 0.010999 0.079710 0.103356
v 0.008111 0.071832 0.103361
v 0.008135 0.079710 0.103361
v 0.008826 0.071832 0.100407
v 0.011001 0.079710 0.100404
v 0.008112 0.071832 0.100408
v 0.008137 0.079710 0.100408
v 0.008825 0.071832 0.099579
v 0.010999 0.079710 0.099575
v 0.008111 0.071832 0.099580
v 0.008135 0.079710 0.099580
v 0.008826 0.071832 0.096161
v 0.011001 0.079710 0.096157
v 0.008112 0.071832 0.096162
v 0.008137 0.079710 0.096162
v 0.008825 0.071832 0.095332
v 0.010999 0.079710 0.095329
v 0.008111 0.071832 0.095334
v 0.008135 0.079710 0.095334
v 0.008826 0.071832 0.092112
v 0.011001 0.079710 0.092109
v 0.008112 0.071832 0.092113
v 0.008137 0.079710 0.092113
v 0.008825 0.071832 0.091284
v 0.010999 0.079710 0.091280
v 0.008111 0.071832 0.091285
v 0.008135 0.079710 0.091285
v -0.002000 0.071832 0.110695
v -0.002000 0.079710 0.112869
v -0.002000 0.071832 0.109981
v -0.002000 0.079710 0.110005
v -0.002828 0.071832 0.110695
v -0.002828 0.079710 0.112869
v -0.002828 0.071832 0.109981
v -0.002828 0.079710 0.110005
v -0.007633 0.071832 0.106533
v -0.009025 0.079710 0.108203
v -0.007175 0.071832 0.105984
v -0.007191 0.079710 0.106003
v -0.008269 0.071832 0.106002
v -0.009661 0.079710 0.107672
v -0.007811 0.071832 0.105454
v -0.007827 0.079710 0.105473
v -0.004372 0.071832 0.109358
v -0.005765 0.079710 0.111028
v -0.003915 0.071832 0.108810
v -0.003930 0.079710 0.108828
v -0.005008 0.071832 0.108828
v -0.006401 0.079710 0.110498
v -0.004551 0.071832 0.108279
v -0.004566 0.079710 0.108298
v -0.000349 0.071832 0.110695
v -0.000349 0.079710 0.112869
v -0.000349 0.071832 0.109981
v -0.000349 0.079710 0.110005
v -0.008783 0.071832 0.104188
v -0.010957 0.079710 0.104184
v -0.008069 0.071832 0.104189
v -0.008093 0.079710 0.104189
v -0.008781 0.071832 0.103359
v -0.010956 0.079710 0.103356
v -0.008067 0.071832 0.103361
v -0.008092 0.079710 0.103361
v -0.008783 0.071832 0.100407
v -0.010957 0.079710 0.100404
v -0.008069 0.071832 0.100408
v -0.008093 0.079710 0.100408
v -0.008781 0.071832 0.099579
v -0.010956 0.079710 0.099575
v -0.008067 0.071832 0.099580
v -0.008092 0.079710 0.099580
v -0.008783 0.071832 0.096161
v -0.010957 0.079710 0.096157
v -0.008069 0.071832 0.096162
v -0.008093 0.079710 0.096162
v -0.008781 0.071832 0.095332
v -0.010956 0.079710 0.095329
v -0.008067 0.071832 0.095334
v -0.008092 0.079710 0.095334
v -0.008783 0.071832 0.092112
v -0.010957 0.079710 0.092109
v -0.008069 0.071832 0.092113
v -0.008093 0.079710 0.092113
v -0.008781 0.071832 0.091284
v -0.010956 0.079710 0.091280
v -0.008067 0.071832 0.091285
v -0.008092 0.079710 0.091285
v 0.061727 0.057839 0.192000
v 0.061727 0.059671 0.193872
v 0.064204 0.057760 0.193023
v 0.062984 0.059631 0.194391
v 0.065229 0.057568 0.195492
v 0.063504 0.059534 0.195644
v 0.064204 0.057377 0.197961
v 0.062984 0.059437 0.196897
v 0.061727 0.057298 0.198984
v 0.061727 0.059397 0.197416
v 0.059250 0.057377 0.197961
v 0.060470 0.059437 0.196897
v 0.058224 0.057568 0.195492
v 0.059950 0.059534 0.195644
v 0.059250 0.057760 0.193023
v 0.060470 0.059631 0.194391
v 0.064750 0.059768 0.192631
v 0.061727 0.059864 0.191382
v 0.066002 0.059534 0.195644
v 0.064750 0.059301 0.198658
v 0.061727 0.059204 0.199906
v 0.058704 0.059301 0.198658
v 0.057452 0.059534 0.195644
v 0.058704 0.059768 0.192631
v 0.061727 0.061125 0.192732
v 0.063867 0.061056 0.193616
v 0.064753 0.060891 0.195749
v 0.063867 0.060726 0.197883
v 0.061727 0.060657 0.198767
v 0.059587 0.060726 0.197883
v 0.058701 0.060891 0.195749
v 0.059587 0.061056 0.193616
v -0.061727 0.057839 0.192000
v -0.061727 0.059671 0.193872
v -0.064204 0.057760 0.193023
v -0.062984 0.059631 0.194391
v -0.065229 0.057568 0.195492
v -0.063504 0.059534 0.195644
v -0.064204 0.057377 0.197961
v -0.062984 0.059437 0.196897
v -0.061727 0.057298 0.198984
v -0.061727 0.059397 0.197416
v -0.059250 0.057377 0.197961
v -0.060470 0.059437 0.196897
v -0.058224 0.057568 0.195492
v -0.059950 0.059534 0.195644
v -0.059250 0.057760 0.193023
v -0.060470 0.059631 0.194391
v -0.064750 0.059768 0.192631
v -0.061727 0.059864 0.191382
v -0.066002 0.059534 0.195644
v -0.064750 0.059301 0.198658
v -0.061727 0.059204 0.199906
v -0.058704 0.059301 0.198658
v -0.057452 0.059534 0.195644
v -0.058704 0.059768 0.192631
v -0.061727 0.061125 0.192732
v -0.063867 0.061056 0.193616
v -0.064753 0.060891 0.195749
v -0.063867 0.060726 0.197883
v -0.061727 0.060657 0.198767
v -0.059587 0.060726 0.197883
v -0.058701 0.060891 0.195749
v -0.059587 0.061056 0.193616
v 0.038843 0.065957 0.087322
v 0.040213 0.065914 0.087887
v 0.040780 0.065808 0.089253
v 0.040213 0.065702 0.090618
v 0.038843 0.065658 0.091183
v 0.037474 0.065702 0.090618
v 0.036907 0.065808 0.089253
v 0.037474 0.065914 0.087887
v 0.038843 0.071414 0.087651
v 0.040202 0.071371 0.088212
v 0.040765 0.071266 0.089567
v 0.040202 0.071161 0.090921
v 0.038843 0.071117 0.091482
v 0.037485 0.071161 0.090921
v 0.036922 0.071266 0.089567
v 0.037485 0.071371 0.088212
v 0.038843 0.069759 0.087546
v 0.040213 0.069715 0.088111
v 0.037474 0.069715 0.088111
v 0.040780 0.069610 0.089476
v 0.040213 0.069504 0.090842
v 0.038843 0.069460 0.091407
v 0.037474 0.069504 0.090842
v 0.036907 0.069610 0.089476
v 0.038843 0.070409 0.087078
v 0.038843 0.071029 0.087163
v 0.040525 0.070975 0.087858
v 0.040560 0.070354 0.087787
v 0.041221 0.070845 0.089534
v 0.041271 0.070221 0.089499
v 0.040525 0.070715 0.091210
v 0.040560 0.070088 0.091210
v 0.038843 0.070661 0.091905
v 0.038843 0.070033 0.091919
v 0.037162 0.070715 0.091210
v 0.037127 0.070088 0.091210
v 0.036466 0.070845 0.089534
v 0.036416 0.070221 0.089499
v 0.037162 0.070975 0.087858
v 0.037127 0.070354 0.087787
v -0.038843 0.065957 0.087322
v -0.040213 0.065914 0.087887
v -0.040780 0.065808 0.089253
v -0.040213 0.065702 0.090618
v -0.038843 0.065658 0.091183
v -0.037474 0.065702 0.090618
v -0.036907 0.065808 0.089253
v -0.037474 0.065914 0.087887
v -0.038843 0.071414 0.087651
v -0.040202 0.071371 0.088212
v -0.040765 0.071266 0.089567
v -0.040202 0.071161 0.090921
v -0.038843 0.071117 0.091482
v -0.037485 0.071161 0.090921
v -0.036922 0.071266 0.089567
v -0.037485 0.071371 0.088212
v -0.038843 0.069759 0.087546
v -0.040213 0.069715 0.088111
v -0.037474 0.069715 0.088111
v -0.040780 0.069610 0.089476
v -0.040213 0.069504 0.090842
v -0.038843 0.069460 0.091407
v -0.037474 0.069504 0.090842
v -0.036907 0.069610 0.089476
v -0.038843 0.070409 0.087078
v -0.038843 0.071029 0.087163
v -0.040525 0.070975 0.087858
v -0.040560 0.070354 0.087787
v -0.041221 0.070845 0.089534
v -0.041271 0.070221 0.089499
v -0.040525 0.070715 0.091210
v -0.040560 0.070088 0.091210
v -0.038843 0.070661 0.091905
v -0.038843 0.070033 0.091919
v -0.037162 0.070715 0.091210
v -0.037127 0.070088 0.091210
v -0.036466 0.070845 0.089534
v -0.036416 0.070221 0.089499
v -0.037162 0.070975 0.087858
v -0.037127 0.070354 0.087787
v 0.037098 0.066236 0.102081
v 0.037098 0.069482 0.102081
v 0.037098 0.066236 0.088878
v 0.037098 0.069482 0.088878
v 0.038444 0.066236 0.102081
v 0.038444 0.069482 0.102081
v 0.038444 0.066236 0.088878
v 0.038444 0.069482 0.088878
v 0.037098 0.073146 0.092717
v 0.038444 0.073146 0.092717
v 0.037098 0.068892 0.088878
v 0.038444 0.068892 0.088878
v 0.038444 0.071557 0.092913
v 0.037098 0.071557 0.092913
v 0.037098 0.069208 0.099625
v 0.038444 0.069208 0.099625
v 0.038444 0.067740 0.102081
v 0.038444 0.067740 0.092913
v 0.037098 0.067740 0.092913
v 0.037098 0.067740 0.099625
v 0.038444 0.067740 0.099625
v 0.037098 0.067740 0.102081
v 0.038444 0.068174 0.091745
v 0.037098 0.068174 0.091745
v -0.037098 0.066236 0.102081
v -0.037098 0.069482 0.102081
v -0.037098 0.066236 0.088878
v -0.037098 0.069482 0.088878
v -0.038444 0.066236 0.102081
v -0.038444 0.069482 0.102081
v -0.038444 0.066236 0.088878
v -0.038444 0.069482 0.088878
v -0.037098 0.073146 0.092717
v -0.038444 0.073146 0.092717
v -0.037098 0.068892 0.088878
v -0.038444 0.068892 0.088878
v -0.038444 0.071557 0.092913
v -0.037098 0.071557 0.092913
v -0.037098 0.069208 0.099625
v -0.038444 0.069208 0.099625
v -0.038444 0.067740 0.102081
v -0.038444 0.067740 0.092913
v -0.037098 0.067740 0.092913
v -0.037098 0.067740 0.099625
v -0.038444 0.067740 0.099625
v -0.037098 0.067740 0.102081
v -0.038444 0.068174 0.091745
v -0.037098 0.068174 0.091745
v 0.035746 0.067778 0.046015
v 0.035746 0.069611 0.047888
v 0.038223 0.067699 0.047038
v 0.037003 0.069571 0.048407
v 0.039249 0.067508 0.049507
v 0.037524 0.069474 0.049660
v 0.038223 0.067316 0.051977
v 0.037003 0.069376 0.050913
v 0.035746 0.067237 0.052999
v 0.035746 0.069336 0.051432
v 0.033270 0.067316 0.051977
v 0.034490 0.069376 0.050913
v 0.032244 0.067508 0.049507
v 0.033969 0.069474 0.049660
v 0.033270 0.067699 0.047038
v 0.034490 0.069571 0.048407
v 0.038769 0.069707 0.046646
v 0.035746 0.069804 0.045398
v 0.040021 0.069474 0.049660
v 0.038769 0.069240 0.052673
v 0.035746 0.069143 0.053922
v 0.032723 0.069240 0.052673
v 0.031471 0.069474 0.049660
v 0.032723 0.069707 0.046646
v 0.035746 0.071064 0.046748
v 0.037886 0.070995 0.047631
v 0.038772 0.070830 0.049765
v 0.037886 0.070665 0.051898
v 0.035746 0.070596 0.052782
v 0.033607 0.070665 0.051898
v 0.032720 0.070830 0.049765
v 0.033607 0.070995 0.047631
v -0.035746 0.067778 0.046015
v -0.035746 0.069611 0.047888
v -0.038223 0.067699 0.047038
v -0.037003 0.069571 0.048407
v -0.039249 0.067508 0.049507
v -0.037524 0.069474 0.049660
v -0.038223 0.067316 0.051977
v -0.037003 0.069376 0.050913
v -0.035746 0.067237 0.052999
v -0.035746 0.069336 0.051432
v -0.033270 0.067316 0.051977
v -0.034490 0.069376 0.050913
v -0.032244 0.067508 0.049507
v -0.033969 0.069474 0.049660
v -0.033270 0.067699 0.047038
v -0.034490 0.069571 0.048407
v -0.038769 0.069707 0.046646
v -0.035746 0.069804 0.045398
v -0.040021 0.069474 0.049660
v -0.038769 0.069240 0.052673
v -0.035746 0.069143 0.053922
v -0.032723 0.069240 0.052673
v -0.031471 0.069474 0.049660
v -0.032723 0.069707 0.046646
v -0.035746 0.071064 0.046748
v -0.037886 0.070995 0.047631
v -0.038772 0.070830 0.049765
v -0.037886 0.070665 0.051898
v -0.035746 0.070596 0.052782
v -0.033607 0.070665 0.051898
v -0.032720 0.070830 0.049765
v -0.033607 0.070995 0.047631
v 0.059252 0.053869 0.243238
v 0.059252 0.055701 0.245111
v 0.061729 0.053789 0.244261
v 0.060509 0.055661 0.245630
v 0.062755 0.053598 0.246730
v 0.061030 0.055564 0.246883
v 0.061729 0.053407 0.249200
v 0.060509 0.055467 0.248136
v 0.059252 0.053328 0.250222
v 0.059252 0.055427 0.248655
v 0.056776 0.053407 0.249200
v 0.057996 0.055467 0.248136
v 0.055750 0.053598 0.246730
v 0.057475 0.055564 0.246883
v 0.056776 0.053789 0.244261
v 0.057996 0.055661 0.245630
v 0.062275 0.055798 0.243869
v 0.059252 0.055894 0.242620
v 0.063527 0.055564 0.246883
v 0.062275 0.055331 0.249896
v 0.059252 0.055234 0.251145
v 0.056229 0.055331 0.249896
v 0.054977 0.055564 0.246883
v 0.056229 0.055798 0.243869
v 0.059252 0.057154 0.243971
v 0.061392 0.057086 0.244854
v 0.062278 0.056921 0.246988
v 0.061392 0.056755 0.249121
v 0.059252 0.056687 0.250005
v 0.057113 0.056755 0.249121
v 0.056226 0.056921 0.246988
v 0.057113 0.057086 0.244854
v -0.059252 0.053869 0.243238
v -0.059252 0.055701 0.245111
v -0.061729 0.053789 0.244261
v -0.060509 0.055661 0.245630
v -0.062755 0.053598 0.246730
v -0.061030 0.055564 0.246883
v -0.061729 0.053407 0.249200
v -0.060509 0.055467 0.248136
v -0.059252 0.053328 0.250222
v -0.059252 0.055427 0.248655
v -0.056776 0.053407 0.249200
v -0.057996 0.055467 0.248136
v -0.055750 0.053598 0.246730
v -0.057475 0.055564 0.246883
v -0.056776 0.053789 0.244261
v -0.057996 0.055661 0.245630
v -0.062275 0.055798 0.243869
v -0.059252 0.055894 0.242620
v -0.063527 0.055564 0.246883
v -0.062275 0.055331 0.249896
v -0.059252 0.055234 0.251145
v -0.056229 0.055331 0.249896
v -0.054977 0.055564 0.246883
v -0.056229 0.055798 0.243869
v -0.059252 0.057154 0.243971
v -0.061392 0.057086 0.244854
v -0.062278 0.056921 0.246988
v -0.061392 0.056755 0.249121
v -0.059252 0.056687 0.250005
v -0.057113 0.056755 0.249121
v -0.056226 0.056921 0.246988
v -0.057113 0.057086 0.244854
v -0.007533 0.063410 0.127660
v -0.007533 0.064875 0.108713
v 0.006108 0.063410 0.127660
v 0.006108 0.064875 0.108713
v -0.006625 0.064544 0.126479
v -0.006625 0.065814 0.110055
v 0.005199 0.065814 0.110055
v 0.005199 0.064544 0.126479
v -0.006007 0.069068 0.126209
v -0.006625 0.068404 0.126777
v -0.006007 0.070242 0.111017
v -0.006625 0.069674 0.110354
v 0.004582 0.069068 0.126209
v 0.005199 0.068404 0.126777
v 0.004582 0.070242 0.111017
v 0.005199 0.069674 0.110354
v 0.063997 0.054819 0.238966
v 0.063663 0.063893 0.239567
v 0.064191 0.054874 0.238228
v 0.063857 0.063947 0.238831
v 0.064750 0.054835 0.239153
v 0.064416 0.063909 0.239754
v 0.064946 0.054889 0.238412
v 0.064611 0.063963 0.239014
v 0.067972 0.065400 0.218037
v 0.063626 0.063748 0.239539
v 0.067940 0.066264 0.218096
v 0.063595 0.064612 0.239592
v 0.068821 0.065420 0.218211
v 0.064467 0.063765 0.239748
v 0.068789 0.066284 0.218271
v 0.064436 0.064630 0.239801
v 0.068368 0.062004 0.217858
v 0.064120 0.060395 0.238989
v 0.068356 0.062322 0.217880
v 0.064109 0.060713 0.239006
v 0.068680 0.062011 0.217923
v 0.064429 0.060402 0.239065
v 0.068668 0.062329 0.217944
v 0.064419 0.060720 0.239082
v 0.068350 0.056476 0.217433
v 0.068011 0.065549 0.218056
v 0.068495 0.056535 0.216679
v 0.068156 0.065607 0.217303
v 0.069111 0.056494 0.217589
v 0.068771 0.065566 0.218212
v 0.069256 0.056553 0.216835
v 0.068916 0.065625 0.217459
v 0.072128 0.067072 0.196460
v 0.067974 0.065403 0.218030
v 0.072095 0.067936 0.196521
v 0.067942 0.066268 0.218085
v 0.072981 0.067093 0.196611
v 0.068822 0.065423 0.218204
v 0.072948 0.067957 0.196672
v 0.068791 0.066288 0.218259
v 0.072526 0.063677 0.196268
v 0.068446 0.062055 0.217452
v 0.072514 0.063995 0.196290
v 0.068435 0.062373 0.217470
v 0.072840 0.063685 0.196324
v 0.068758 0.062062 0.217516
v 0.072828 0.064003 0.196346
v 0.068747 0.062380 0.217534
v 0.072509 0.058150 0.195839
v 0.072167 0.067221 0.196478
v 0.072654 0.058208 0.195085
v 0.072312 0.067279 0.195725
v 0.073273 0.058169 0.195974
v 0.072931 0.067240 0.196614
v 0.073419 0.058227 0.195220
v 0.073076 0.067298 0.195860
v 0.075547 0.068749 0.174805
v 0.072129 0.067075 0.196453
v 0.075514 0.069613 0.174868
v 0.072097 0.067940 0.196509
v 0.076407 0.068774 0.174908
v 0.072982 0.067097 0.196604
v 0.076375 0.069638 0.174971
v 0.072951 0.067961 0.196661
v 0.075949 0.065356 0.174590
v 0.072604 0.063727 0.195862
v 0.075937 0.065674 0.174613
v 0.072593 0.064045 0.195880
v 0.076265 0.065365 0.174628
v 0.072917 0.063735 0.195917
v 0.076253 0.065683 0.174651
v 0.072906 0.064053 0.195935
v 0.075932 0.059829 0.174160
v 0.075586 0.068898 0.174821
v 0.076038 0.059887 0.173401
v 0.075692 0.068957 0.174063
v 0.076703 0.059851 0.174253
v 0.076357 0.068921 0.174914
v 0.076808 0.059910 0.173492
v 0.076463 0.068979 0.174154
v 0.077320 0.070438 0.152983
v 0.075548 0.068753 0.174797
v 0.077287 0.071301 0.153048
v 0.075516 0.069617 0.174856
v 0.078185 0.070468 0.153024
v 0.076408 0.068778 0.174901
v 0.078152 0.071331 0.153089
v 0.076376 0.069642 0.174960
v 0.077724 0.067047 0.152739
v 0.076005 0.065407 0.174181
v 0.077711 0.067364 0.152763
v 0.075994 0.065725 0.174200
v 0.078042 0.067058 0.152754
v 0.076321 0.065416 0.174219
v 0.078029 0.067375 0.152778
v 0.076310 0.065734 0.174237
v 0.077707 0.061519 0.152310
v 0.077359 0.070587 0.152996
v 0.077755 0.061578 0.151546
v 0.077407 0.070646 0.152233
v 0.078482 0.061546 0.152348
v 0.078134 0.070614 0.153033
v 0.078530 0.061606 0.151582
v 0.078182 0.070673 0.152268
v 0.077681 0.072143 0.130916
v 0.077320 0.070441 0.152975
v 0.077648 0.073007 0.130974
v 0.077287 0.071305 0.153036
v 0.078546 0.072174 0.130943
v 0.078185 0.070471 0.153017
v 0.078513 0.073039 0.131001
v 0.078152 0.071335 0.153078
v 0.078084 0.068751 0.130697
v 0.077749 0.067098 0.152327
v 0.078072 0.069069 0.130718
v 0.077737 0.067415 0.152347
v 0.078402 0.068762 0.130707
v 0.078067 0.067109 0.152342
v 0.078390 0.069080 0.130728
v 0.078055 0.067426 0.152361
v 0.078065 0.063220 0.130320
v 0.077720 0.072293 0.130927
v 0.078073 0.063279 0.129552
v 0.077728 0.072352 0.130156
v 0.078841 0.063248 0.130344
v 0.078496 0.072321 0.130951
v 0.078848 0.063307 0.129576
v 0.078503 0.072380 0.130180
v 0.077901 0.073850 0.108821
v 0.077681 0.072147 0.130908
v 0.077868 0.074715 0.108870
v 0.077648 0.073011 0.130962
v 0.078767 0.073882 0.108840
v 0.078546 0.072178 0.130935
v 0.078734 0.074747 0.108889
v 0.078513 0.073042 0.130989
v 0.078303 0.070456 0.108634
v 0.078087 0.068802 0.130281
v 0.078291 0.070774 0.108652
v 0.078075 0.069120 0.130298
v 0.078621 0.070468 0.108641
v 0.078405 0.068813 0.130291
v 0.078609 0.070785 0.108659
v 0.078393 0.069131 0.130308
v 0.078283 0.064921 0.108315
v 0.077940 0.074000 0.108830
v 0.078291 0.064980 0.107547
v 0.077948 0.074060 0.108059
v 0.079059 0.064949 0.108333
v 0.078716 0.074028 0.108847
v 0.079066 0.065009 0.107564
v 0.078724 0.074088 0.108076
v 0.078120 0.075557 0.086725
v 0.077901 0.073854 0.108813
v 0.078088 0.076422 0.086766
v 0.077868 0.074719 0.108858
v 0.078986 0.075589 0.086737
v 0.078766 0.073886 0.108832
v 0.078954 0.076454 0.086777
v 0.078734 0.074751 0.108877
v 0.078522 0.072161 0.086571
v 0.078306 0.070507 0.108218
v 0.078510 0.072479 0.086586
v 0.078294 0.070825 0.108232
v 0.078840 0.072172 0.086575
v 0.078625 0.070519 0.108225
v 0.078828 0.072490 0.086590
v 0.078613 0.070837 0.108239
v 0.078501 0.066623 0.086311
v 0.078159 0.075706 0.086733
v 0.078508 0.066682 0.085543
v 0.078167 0.075766 0.085962
v 0.079277 0.066651 0.086321
v 0.078935 0.075735 0.086743
v 0.079284 0.066711 0.085553
v 0.078943 0.075795 0.085972
v 0.078292 0.076900 0.064645
v 0.078120 0.075560 0.086718
v 0.078260 0.077766 0.064679
v 0.078088 0.076426 0.086754
v 0.079159 0.076933 0.064642
v 0.078986 0.075592 0.086729
v 0.079126 0.077798 0.064675
v 0.078954 0.076458 0.086765
v 0.078694 0.073503 0.064513
v 0.078525 0.072212 0.086155
v 0.078682 0.073821 0.064526
v 0.078513 0.072530 0.086166
v 0.079012 0.073515 0.064512
v 0.078844 0.072223 0.086159
v 0.079001 0.073833 0.064524
v 0.078832 0.072542 0.086170
v 0.078673 0.067963 0.064302
v 0.078332 0.077050 0.064651
v 0.078673 0.067963 0.063533
v 0.078332 0.077050 0.063882
v 0.079449 0.067992 0.064299
v 0.079108 0.077079 0.064648
v 0.079449 0.067992 0.063529
v 0.079108 0.077079 0.063878
v 0.078295 0.076898 0.042622
v 0.078292 0.076903 0.064638
v 0.078262 0.077763 0.042655
v 0.078260 0.077769 0.064667
v 0.079159 0.076932 0.042575
v 0.079158 0.076936 0.064634
v 0.079127 0.077797 0.042609
v 0.079126 0.077801 0.064663
v 0.078696 0.073501 0.042476
v 0.078693 0.073522 0.064098
v 0.078684 0.073819 0.042488
v 0.078681 0.073840 0.064106
v 0.079014 0.073514 0.042459
v 0.079012 0.073534 0.064097
v 0.079002 0.073832 0.042472
v 0.079000 0.073852 0.064104
v 0.078675 0.067961 0.042276
v 0.078334 0.077048 0.042625
v 0.078675 0.067961 0.041507
v 0.078334 0.077048 0.041856
v 0.079450 0.067991 0.042235
v 0.079109 0.077078 0.042584
v 0.079450 0.067991 0.041465
v 0.079109 0.077078 0.041813
v 0.078300 0.076896 0.020598
v 0.078294 0.076901 0.042614
v 0.078267 0.077761 0.020631
v 0.078262 0.077766 0.042643
v 0.079161 0.076931 0.020509
v 0.079159 0.076935 0.042568
v 0.079129 0.077797 0.020542
v 0.079127 0.077800 0.042597
v 0.078700 0.073499 0.020439
v 0.078695 0.073520 0.042061
v 0.078688 0.073817 0.020451
v 0.078683 0.073838 0.042069
v 0.079017 0.073512 0.020406
v 0.079013 0.073533 0.042044
v 0.079005 0.073831 0.020419
v 0.079001 0.073851 0.042052
v 0.078680 0.067959 0.020250
v 0.078339 0.077045 0.020599
v 0.078680 0.067958 0.019482
v 0.078339 0.077045 0.019830
v 0.079452 0.067990 0.020171
v 0.079111 0.077077 0.020519
v 0.079452 0.067990 0.019401
v 0.079111 0.077077 0.019749
v 0.078308 0.076893 -0.001427
v 0.078300 0.076898 0.020590
v 0.078276 0.077759 -0.001394
v 0.078267 0.077764 0.020619
v 0.079164 0.076930 -0.001557
v 0.079161 0.076934 0.020501
v 0.079132 0.077796 -0.001524
v 0.079129 0.077800 0.020530
v 0.078707 0.073498 -0.001598
v 0.078699 0.073518 0.020024
v 0.078695 0.073816 -0.001586
v 0.078687 0.073836 0.020032
v 0.079021 0.073511 -0.001647
v 0.079016 0.073531 0.019991
v 0.079009 0.073829 -0.001634
v 0.079004 0.073849 0.019999
v 0.078688 0.067956 -0.001776
v 0.078347 0.077043 -0.001428
v 0.078688 0.067956 -0.002544
v 0.078347 0.077043 -0.002197
v 0.079455 0.067990 -0.001893
v 0.079114 0.077077 -0.001545
v 0.079455 0.067990 -0.002663
v 0.079114 0.077077 -0.002315
v 0.078320 0.076891 -0.023452
v 0.078308 0.076896 -0.001434
v 0.078287 0.077757 -0.023418
v 0.078276 0.077762 -0.001406
v 0.079168 0.076930 -0.023624
v 0.079164 0.076933 -0.001565
v 0.079136 0.077795 -0.023591
v 0.079132 0.077799 -0.001536
v 0.078716 0.073496 -0.023636
v 0.078706 0.073516 -0.002014
v 0.078704 0.073814 -0.023624
v 0.078694 0.073835 -0.002006
v 0.079028 0.073510 -0.023700
v 0.079021 0.073530 -0.002062
v 0.079016 0.073828 -0.023688
v 0.079009 0.073848 -0.002054
v 0.078699 0.067954 -0.023802
v 0.078358 0.077041 -0.023455
v 0.078700 0.067954 -0.024571
v 0.078359 0.077041 -0.024224
v 0.079459 0.067989 -0.023957
v 0.079118 0.077076 -0.023609
v 0.079460 0.067989 -0.024727
v 0.079119 0.077076 -0.024380
v 0.078334 0.076890 -0.045477
v 0.078320 0.076894 -0.023459
v 0.078302 0.077755 -0.045444
v 0.078287 0.077760 -0.023430
v 0.079173 0.076929 -0.045691
v 0.079168 0.076933 -0.023632
v 0.079141 0.077795 -0.045658
v 0.079135 0.077798 -0.023603
v 0.078727 0.073495 -0.045675
v 0.078715 0.073515 -0.024052
v 0.078715 0.073813 -0.045663
v 0.078703 0.073833 -0.024044
v 0.079036 0.073509 -0.045753
v 0.079027 0.073529 -0.024115
v 0.079024 0.073827 -0.045741
v 0.079015 0.073847 -0.024108
v 0.078713 0.067953 -0.045829
v 0.078372 0.077040 -0.045482
v 0.078714 0.067953 -0.046598
v 0.078373 0.077040 -0.046251
v 0.079465 0.067988 -0.046021
v 0.079124 0.077075 -0.045674
v 0.079465 0.067988 -0.046791
v 0.079124 0.077075 -0.046444
v 0.078352 0.076888 -0.067503
v 0.078334 0.076893 -0.045485
v 0.078319 0.077753 -0.067470
v 0.078302 0.077758 -0.045456
v 0.079179 0.076929 -0.067758
v 0.079173 0.076932 -0.045699
v 0.079147 0.077794 -0.067725
v 0.079141 0.077798 -0.045670
v 0.078741 0.073493 -0.067714
v 0.078727 0.073513 -0.046090
v 0.078729 0.073811 -0.067702
v 0.078715 0.073832 -0.046082
v 0.079046 0.073508 -0.067807
v 0.079035 0.073528 -0.046169
v 0.079034 0.073826 -0.067795
v 0.079023 0.073846 -0.046161
v 0.078731 0.067951 -0.067857
v 0.078389 0.077038 -0.067511
v 0.078731 0.067951 -0.068626
v 0.078390 0.077038 -0.068280
v 0.079472 0.067988 -0.068086
v 0.079131 0.077075 -0.067739
v 0.079472 0.067988 -0.068856
v 0.079131 0.077075 -0.068509
v 0.078373 0.076886 -0.089530
v 0.078352 0.076891 -0.067511
v 0.078340 0.077752 -0.089497
v 0.078319 0.077756 -0.067482
v 0.079186 0.076928 -0.089826
v 0.079179 0.076932 -0.067766
v 0.079154 0.077794 -0.089793
v 0.079147 0.077797 -0.067737
v 0.078758 0.073492 -0.089753
v 0.078741 0.073512 -0.068129
v 0.078746 0.073810 -0.089741
v 0.078729 0.073830 -0.068121
v 0.079057 0.073507 -0.089862
v 0.079045 0.073527 -0.068223
v 0.079045 0.073826 -0.089850
v 0.079033 0.073845 -0.068215
v 0.078751 0.067950 -0.089886
v 0.078409 0.077037 -0.089540
v 0.078751 0.067949 -0.090655
v 0.078410 0.077036 -0.090309
v 0.079480 0.067987 -0.090151
v 0.079138 0.077074 -0.089805
v 0.079480 0.067987 -0.090921
v 0.079139 0.077074 -0.090575
v 0.078396 0.076885 -0.111558
v 0.078372 0.076889 -0.089538
v 0.078364 0.077750 -0.111525
v 0.078340 0.077755 -0.089509
v 0.079194 0.076928 -0.111893
v 0.079186 0.076931 -0.089833
v 0.079162 0.077793 -0.111861
v 0.079154 0.077796 -0.089805
v 0.078777 0.073491 -0.111794
v 0.078757 0.073511 -0.090169
v 0.078765 0.073809 -0.111782
v 0.078745 0.073829 -0.090161
v 0.079070 0.073507 -0.111917
v 0.079056 0.073526 -0.090278
v 0.079058 0.073825 -0.111905
v 0.079045 0.073844 -0.090270
v 0.078774 0.067948 -0.111916
v 0.078432 0.077035 -0.111570
v 0.078774 0.067948 -0.112685
v 0.078433 0.077035 -0.112339
v 0.079489 0.067986 -0.112216
v 0.079147 0.077073 -0.111870
v 0.079489 0.067986 -0.112986
v 0.079148 0.077073 -0.112641
v 0.078423 0.076884 -0.133588
v 0.078396 0.076888 -0.111566
v 0.078390 0.077749 -0.133555
v 0.078364 0.077753 -0.111537
v 0.079203 0.076927 -0.133962
v 0.079194 0.076931 -0.111901
v 0.079171 0.077793 -0.133929
v 0.079162 0.077796 -0.111873
v 0.078798 0.073490 -0.133836
v 0.078776 0.073510 -0.112209
v 0.078786 0.073808 -0.133823
v 0.078764 0.073828 -0.112202
v 0.079085 0.073506 -0.133973
v 0.079070 0.073525 -0.112333
v 0.079073 0.073824 -0.133961
v 0.079058 0.073844 -0.112325
v 0.078799 0.067947 -0.133947
v 0.078458 0.077034 -0.133602
v 0.078800 0.067947 -0.134716
v 0.078459 0.077034 -0.134371
v 0.079499 0.067986 -0.134282
v 0.079157 0.077073 -0.133937
v 0.079499 0.067986 -0.135052
v 0.079158 0.077073 -0.134707
v 0.078452 0.076883 -0.155619
v 0.078423 0.076887 -0.133595
v 0.078420 0.077748 -0.155586
v 0.078390 0.077752 -0.133567
v 0.079213 0.076927 -0.156030
v 0.079203 0.076930 -0.133969
v 0.079181 0.077792 -0.155998
v 0.079171 0.077796 -0.133941
v 0.078821 0.073489 -0.155878
v 0.078797 0.073509 -0.134251
v 0.078809 0.073807 -0.155866
v 0.078785 0.073827 -0.134243
v 0.079101 0.073505 -0.156030
v 0.079084 0.073525 -0.134389
v 0.079089 0.073823 -0.156018
v 0.079072 0.073843 -0.134381
v 0.078828 0.067946 -0.155979
v 0.078486 0.077033 -0.155634
v 0.078829 0.067946 -0.156749
v 0.078487 0.077033 -0.156403
v 0.079510 0.067986 -0.156348
v 0.079168 0.077073 -0.156003
v 0.079510 0.067986 -0.157119
v 0.079169 0.077073 -0.156774
v 0.078484 0.076882 -0.177651
v 0.078452 0.076886 -0.155626
v 0.078452 0.077747 -0.177618
v 0.078420 0.077751 -0.155598
v 0.079224 0.076927 -0.178100
v 0.079213 0.076930 -0.156038
v 0.079192 0.077792 -0.178067
v 0.079181 0.077795 -0.156010
v 0.078847 0.073488 -0.177922
v 0.078821 0.073508 -0.156294
v 0.078835 0.073806 -0.177910
v 0.078809 0.073826 -0.156286
v 0.079119 0.073505 -0.178087
v 0.079101 0.073524 -0.156445
v 0.079107 0.073823 -0.178075
v 0.079089 0.073842 -0.156438
v 0.078859 0.067945 -0.178013
v 0.078517 0.077032 -0.177669
v 0.078860 0.067945 -0.178782
v 0.078518 0.077032 -0.178438
v 0.079522 0.067985 -0.178415
v 0.079180 0.077072 -0.178071
v 0.079523 0.067985 -0.179186
v 0.079181 0.077072 -0.178841
v 0.078519 0.076881 -0.199685
v 0.078484 0.076885 -0.177659
v 0.078487 0.077746 -0.199652
v 0.078452 0.077750 -0.177630
v 0.079236 0.076926 -0.200169
v 0.079224 0.076929 -0.178107
v 0.079204 0.077792 -0.200137
v 0.079192 0.077795 -0.178079
v 0.078874 0.073488 -0.199967
v 0.078846 0.073507 -0.178337
v 0.078862 0.073806 -0.199955
v 0.078834 0.073825 -0.178330
v 0.079138 0.073504 -0.200145
v 0.079118 0.073524 -0.178503
v 0.079126 0.073823 -0.200133
v 0.079106 0.073842 -0.178495
v 0.078893 0.067944 -0.200049
v 0.078551 0.077031 -0.199704
v 0.078894 0.067944 -0.200818
v 0.078552 0.077031 -0.200474
v 0.079536 0.067985 -0.200483
v 0.079193 0.077072 -0.200139
v 0.079536 0.067985 -0.201253
v 0.079194 0.077072 -0.200909
v 0.078557 0.076880 -0.221721
v 0.078519 0.076884 -0.199692
v 0.078524 0.077746 -0.221688
v 0.078487 0.077749 -0.199664
v 0.079249 0.076926 -0.222240
v 0.079236 0.076929 -0.200177
v 0.079217 0.077792 -0.222207
v 0.079204 0.077795 -0.200149
v 0.078904 0.073487 -0.222014
v 0.078874 0.073507 -0.200383
v 0.078892 0.073805 -0.222002
v 0.078862 0.073825 -0.200375
v 0.079159 0.073504 -0.222205
v 0.079138 0.073523 -0.200561
v 0.079147 0.073822 -0.222193
v 0.079126 0.073841 -0.200553
v 0.078930 0.067944 -0.222086
v 0.078587 0.077031 -0.221742
v 0.078931 0.067944 -0.222855
v 0.078589 0.077031 -0.222511
v 0.079550 0.067985 -0.222551
v 0.079208 0.077072 -0.222207
v 0.079550 0.067985 -0.223321
v 0.079208 0.077072 -0.222977
v 0.078597 0.076880 -0.243758
v 0.078557 0.076883 -0.221728
v 0.078564 0.077745 -0.243725
v 0.078524 0.077749 -0.221700
v 0.079263 0.076926 -0.244311
v 0.079249 0.076929 -0.222247
v 0.079230 0.077791 -0.244278
v 0.079216 0.077794 -0.222219
v 0.078936 0.073487 -0.244062
v 0.078904 0.073506 -0.222429
v 0.078924 0.073805 -0.244050
v 0.078892 0.073824 -0.222421
v 0.079181 0.073504 -0.244265
v 0.079158 0.073523 -0.222620
v 0.079169 0.073822 -0.244253
v 0.079146 0.073841 -0.222613
v 0.078969 0.067943 -0.244125
v 0.078626 0.077030 -0.243781
v 0.078970 0.067943 -0.244894
v 0.078627 0.077030 -0.244551
v 0.079565 0.067985 -0.244620
v 0.079223 0.077072 -0.244276
v 0.079566 0.067985 -0.245391
v 0.079223 0.077072 -0.245047
v 0.078639 0.076880 -0.265798
v 0.078597 0.076883 -0.243766
v 0.078607 0.077745 -0.265765
v 0.078564 0.077748 -0.243737
v 0.079277 0.076926 -0.266383
v 0.079263 0.076929 -0.244318
v 0.079245 0.077791 -0.266350
v 0.079230 0.077794 -0.244290
v 0.078970 0.073487 -0.266111
v 0.078936 0.073506 -0.244477
v 0.078958 0.073805 -0.266099
v 0.078924 0.073824 -0.244470
v 0.079204 0.073504 -0.266326
v 0.079180 0.073523 -0.244681
v 0.079192 0.073822 -0.266314
v 0.079168 0.073841 -0.244673
v 0.079010 0.067943 -0.266166
v 0.078667 0.077030 -0.265823
v 0.079011 0.067943 -0.266935
v 0.078668 0.077030 -0.266592
v 0.079581 0.067984 -0.266690
v 0.079238 0.077072 -0.266347
v 0.079582 0.067984 -0.267460
v 0.079239 0.077072 -0.267117
v 0.076118 0.076880 -0.285221
v 0.078639 0.076883 -0.265805
v 0.076086 0.077745 -0.285187
v 0.078607 0.077748 -0.265777
v 0.076714 0.076926 -0.285848
v 0.079277 0.076929 -0.266390
v 0.076683 0.077791 -0.285815
v 0.079244 0.077794 -0.266362
v 0.076432 0.073487 -0.285551
v 0.078970 0.073506 -0.266527
v 0.076420 0.073805 -0.285539
v 0.078958 0.073824 -0.266519
v 0.076651 0.073504 -0.285782
v 0.079204 0.073523 -0.266742
v 0.076640 0.073822 -0.285769
v 0.079192 0.073841 -0.266734
v 0.076478 0.067943 -0.285600
v 0.076144 0.077030 -0.285248
v 0.075714 0.067943 -0.285593
v 0.075382 0.077030 -0.285239
v 0.077012 0.067984 -0.286162
v 0.076678 0.077072 -0.285810
v 0.076244 0.067984 -0.286159
v 0.075912 0.077072 -0.285805
v 0.054334 0.076880 -0.284989
v 0.076111 0.076883 -0.285221
v 0.054310 0.077745 -0.284950
v 0.076074 0.077748 -0.285187
v 0.054781 0.076926 -0.285730
v 0.076707 0.076929 -0.285848
v 0.054757 0.077791 -0.285691
v 0.076671 0.077794 -0.285814
v 0.054570 0.073487 -0.285379
v 0.076019 0.073506 -0.285547
v 0.054561 0.073805 -0.285365
v 0.076003 0.073824 -0.285534
v 0.054734 0.073504 -0.285652
v 0.076237 0.073523 -0.285778
v 0.054725 0.073822 -0.285637
v 0.076221 0.073841 -0.285766
v 0.054604 0.067943 -0.285436
v 0.054353 0.077030 -0.285021
v 0.053841 0.067943 -0.285432
v 0.053594 0.077030 -0.285014
v 0.055005 0.067984 -0.286100
v 0.054754 0.077072 -0.285685
v 0.054237 0.067984 -0.286099
v 0.053989 0.077072 -0.285681
v 0.032593 0.076880 -0.284828
v 0.054326 0.076883 -0.284989
v 0.032578 0.077745 -0.284784
v 0.054298 0.077748 -0.284949
v 0.032870 0.076926 -0.285648
v 0.054774 0.076929 -0.285730
v 0.032855 0.077791 -0.285604
v 0.054745 0.077794 -0.285690
v 0.032739 0.073487 -0.285260
v 0.054157 0.073506 -0.285376
v 0.032733 0.073805 -0.285244
v 0.054144 0.073824 -0.285361
v 0.032841 0.073504 -0.285561
v 0.054320 0.073523 -0.285649
v 0.032835 0.073822 -0.285545
v 0.054307 0.073841 -0.285634
v 0.032760 0.067943 -0.285323
v 0.032605 0.077030 -0.284863
v 0.031998 0.067943 -0.285320
v 0.031846 0.077030 -0.284859
v 0.033008 0.067984 -0.286058
v 0.032853 0.077072 -0.285598
v 0.032241 0.067984 -0.286057
v 0.032089 0.077072 -0.285596
v 0.010878 0.076880 -0.284746
v 0.032585 0.076883 -0.284828
v 0.010873 0.077745 -0.284700
v 0.032566 0.077748 -0.284784
v 0.010972 0.076926 -0.285606
v 0.032862 0.076929 -0.285648
v 0.010967 0.077791 -0.285560
v 0.032843 0.077794 -0.285604
v 0.010927 0.073487 -0.285199
v 0.032327 0.073506 -0.285257
v 0.010926 0.073805 -0.285182
v 0.032317 0.073824 -0.285241
v 0.010962 0.073504 -0.285515
v 0.032427 0.073523 -0.285559
v 0.010960 0.073822 -0.285498
v 0.032417 0.073841 -0.285543
v 0.010935 0.067943 -0.285265
v 0.010882 0.077030 -0.284783
v 0.010173 0.067943 -0.285264
v 0.010124 0.077030 -0.284781
v 0.011019 0.067984 -0.286036
v 0.010966 0.077072 -0.285554
v 0.010251 0.067984 -0.286036
v 0.010202 0.077072 -0.285553
v -0.010828 0.076880 -0.284746
v 0.010870 0.076883 -0.284746
v -0.010823 0.077745 -0.284700
v 0.010861 0.077748 -0.284700
v -0.010921 0.076926 -0.285606
v 0.010964 0.076929 -0.285606
v -0.010916 0.077791 -0.285560
v 0.010955 0.077794 -0.285560
v -0.010877 0.073487 -0.285199
v 0.010516 0.073506 -0.285197
v -0.010875 0.073805 -0.285182
v 0.010510 0.073824 -0.285180
v -0.010911 0.073504 -0.285515
v 0.010549 0.073523 -0.285514
v -0.010910 0.073822 -0.285498
v 0.010543 0.073841 -0.285497
v -0.010884 0.067943 -0.285265
v -0.010832 0.077030 -0.284783
v -0.011646 0.067943 -0.285266
v -0.011590 0.077030 -0.284784
v -0.010968 0.067984 -0.286036
v -0.010916 0.077072 -0.285554
v -0.011736 0.067984 -0.286036
v -0.011679 0.077072 -0.285554
v -0.032543 0.076880 -0.284828
v -0.010835 0.076883 -0.284746
v -0.032528 0.077745 -0.284784
v -0.010835 0.077748 -0.284700
v -0.032819 0.076926 -0.285648
v -0.010929 0.076929 -0.285606
v -0.032804 0.077791 -0.285604
v -0.010928 0.077794 -0.285560
v -0.032688 0.073487 -0.285260
v -0.011289 0.073506 -0.285198
v -0.032683 0.073805 -0.285244
v -0.011291 0.073824 -0.285181
v -0.032790 0.073504 -0.285561
v -0.011324 0.073523 -0.285514
v -0.032785 0.073822 -0.285545
v -0.011327 0.073841 -0.285498
v -0.032710 0.067943 -0.285323
v -0.032554 0.077030 -0.284863
v -0.033472 0.067943 -0.285326
v -0.033313 0.077030 -0.284867
v -0.032957 0.067984 -0.286058
v -0.032802 0.077072 -0.285598
v -0.033725 0.067984 -0.286059
v -0.033566 0.077072 -0.285600
v -0.054284 0.076880 -0.284989
v -0.032550 0.076883 -0.284828
v -0.054260 0.077745 -0.284949
v -0.032540 0.077748 -0.284784
v -0.054731 0.076926 -0.285730
v -0.032827 0.076929 -0.285648
v -0.054707 0.077791 -0.285690
v -0.032816 0.077794 -0.285604
v -0.054519 0.073487 -0.285379
v -0.033100 0.073506 -0.285260
v -0.054510 0.073805 -0.285364
v -0.033099 0.073824 -0.285244
v -0.054683 0.073504 -0.285651
v -0.033203 0.073523 -0.285562
v -0.054675 0.073822 -0.285637
v -0.033202 0.073841 -0.285545
v -0.054554 0.067943 -0.285436
v -0.054303 0.077030 -0.285020
v -0.055317 0.067943 -0.285441
v -0.055063 0.077030 -0.285027
v -0.054954 0.067984 -0.286100
v -0.054703 0.077072 -0.285685
v -0.055722 0.067984 -0.286102
v -0.055468 0.077072 -0.285688
v -0.076068 0.076880 -0.285220
v -0.054292 0.076883 -0.284989
v -0.076036 0.077745 -0.285187
v -0.054272 0.077748 -0.284949
v -0.076664 0.076926 -0.285848
v -0.054738 0.076929 -0.285730
v -0.076632 0.077791 -0.285814
v -0.054719 0.077794 -0.285690
v -0.076382 0.073487 -0.285551
v -0.054931 0.073506 -0.285381
v -0.076370 0.073805 -0.285538
v -0.054926 0.073824 -0.285366
v -0.076601 0.073504 -0.285781
v -0.055096 0.073523 -0.285653
v -0.076589 0.073822 -0.285769
v -0.055092 0.073841 -0.285638
v -0.076428 0.067943 -0.285599
v -0.076094 0.077030 -0.285247
v -0.077192 0.067943 -0.285606
v -0.076855 0.077030 -0.285256
v -0.076962 0.067984 -0.286162
v -0.076627 0.077072 -0.285810
v -0.077730 0.067984 -0.286164
v -0.077393 0.077072 -0.285814
v -0.078639 0.076880 -0.265849
v -0.076076 0.076883 -0.285220
v -0.078607 0.077745 -0.265816
v -0.076048 0.077748 -0.285187
v -0.079277 0.076926 -0.266433
v -0.076671 0.076929 -0.285848
v -0.079245 0.077791 -0.266401
v -0.076644 0.077794 -0.285814
v -0.078970 0.073487 -0.266162
v -0.076794 0.073506 -0.285554
v -0.078958 0.073805 -0.266150
v -0.076787 0.073824 -0.285541
v -0.079204 0.073504 -0.266377
v -0.077014 0.073523 -0.285784
v -0.079192 0.073822 -0.266365
v -0.077007 0.073841 -0.285771
v -0.079010 0.067943 -0.266217
v -0.078667 0.077030 -0.265873
v -0.079008 0.067943 -0.265448
v -0.078665 0.077030 -0.265104
v -0.079581 0.067984 -0.266741
v -0.079239 0.077072 -0.266397
v -0.079581 0.067984 -0.265971
v -0.079238 0.077072 -0.265627
v -0.078597 0.076880 -0.243809
v -0.078639 0.076883 -0.265841
v -0.078564 0.077745 -0.243776
v -0.078607 0.077748 -0.265804
v -0.079263 0.076926 -0.244362
v -0.079277 0.076929 -0.266426
v -0.079230 0.077791 -0.244329
v -0.079244 0.077794 -0.266389
v -0.078936 0.073487 -0.244113
v -0.078968 0.073506 -0.265745
v -0.078924 0.073805 -0.244101
v -0.078956 0.073824 -0.265729
v -0.079181 0.073504 -0.244316
v -0.079203 0.073523 -0.265960
v -0.079169 0.073822 -0.244304
v -0.079191 0.073841 -0.265944
v -0.078969 0.067943 -0.244176
v -0.078626 0.077030 -0.243832
v -0.078967 0.067943 -0.243407
v -0.078625 0.077030 -0.243063
v -0.079565 0.067985 -0.244671
v -0.079223 0.077072 -0.244327
v -0.079565 0.067985 -0.243901
v -0.079222 0.077072 -0.243557
v -0.078557 0.076880 -0.221771
v -0.078597 0.076883 -0.243801
v -0.078524 0.077746 -0.221739
v -0.078564 0.077748 -0.243764
v -0.079249 0.076926 -0.222291
v -0.079263 0.076929 -0.244354
v -0.079217 0.077792 -0.222258
v -0.079230 0.077794 -0.244317
v -0.078904 0.073487 -0.222065
v -0.078935 0.073506 -0.243696
v -0.078892 0.073805 -0.222053
v -0.078923 0.073824 -0.243679
v -0.079159 0.073504 -0.222256
v -0.079180 0.073523 -0.243899
v -0.079147 0.073822 -0.222243
v -0.079168 0.073841 -0.243882
v -0.078930 0.067944 -0.222137
v -0.078587 0.077031 -0.221793
v -0.078928 0.067944 -0.221368
v -0.078586 0.077031 -0.221024
v -0.079550 0.067985 -0.222602
v -0.079208 0.077072 -0.222258
v -0.079549 0.067985 -0.221832
v -0.079207 0.077072 -0.221488
v -0.078519 0.076881 -0.199736
v -0.078557 0.076883 -0.221764
v -0.078487 0.077746 -0.199703
v -0.078524 0.077749 -0.221726
v -0.079236 0.076926 -0.200220
v -0.079249 0.076929 -0.222283
v -0.079204 0.077792 -0.200188
v -0.079216 0.077794 -0.222246
v -0.078874 0.073488 -0.200018
v -0.078903 0.073506 -0.221648
v -0.078862 0.073806 -0.200006
v -0.078891 0.073824 -0.221631
v -0.079138 0.073504 -0.200196
v -0.079158 0.073523 -0.221838
v -0.079126 0.073823 -0.200184
v -0.079146 0.073841 -0.221822
v -0.078893 0.067944 -0.200100
v -0.078551 0.077031 -0.199755
v -0.078892 0.067944 -0.199331
v -0.078550 0.077031 -0.198986
v -0.079536 0.067985 -0.200534
v -0.079194 0.077072 -0.200190
v -0.079535 0.067985 -0.199764
v -0.079193 0.077072 -0.199419
v -0.078484 0.076882 -0.177702
v -0.078519 0.076884 -0.199728
v -0.078452 0.077747 -0.177669
v -0.078487 0.077749 -0.199691
v -0.079224 0.076927 -0.178151
v -0.079236 0.076929 -0.200213
v -0.079192 0.077792 -0.178118
v -0.079204 0.077795 -0.200175
v -0.078847 0.073488 -0.177973
v -0.078873 0.073507 -0.199601
v -0.078835 0.073806 -0.177961
v -0.078861 0.073825 -0.199585
v -0.079119 0.073505 -0.178138
v -0.079137 0.073523 -0.199779
v -0.079107 0.073823 -0.178126
v -0.079125 0.073841 -0.199763
v -0.078859 0.067945 -0.178064
v -0.078517 0.077032 -0.177720
v -0.078858 0.067945 -0.177295
v -0.078516 0.077032 -0.176950
v -0.079522 0.067985 -0.178466
v -0.079180 0.077072 -0.178122
v -0.079522 0.067985 -0.177696
v -0.079180 0.077072 -0.177351
v -0.078452 0.076883 -0.155669
v -0.078484 0.076885 -0.177694
v -0.078420 0.077748 -0.155637
v -0.078452 0.077750 -0.177657
v -0.079214 0.076927 -0.156081
v -0.079224 0.076929 -0.178143
v -0.079181 0.077792 -0.156049
v -0.079192 0.077795 -0.178106
v -0.078821 0.073489 -0.155929
v -0.078845 0.073507 -0.177556
v -0.078809 0.073807 -0.155917
v -0.078833 0.073825 -0.177540
v -0.079101 0.073505 -0.156081
v -0.079118 0.073524 -0.177721
v -0.079089 0.073823 -0.156068
v -0.079106 0.073842 -0.177704
v -0.078828 0.067946 -0.156030
v -0.078486 0.077033 -0.155685
v -0.078827 0.067946 -0.155261
v -0.078485 0.077033 -0.154916
v -0.079510 0.067986 -0.156399
v -0.079168 0.077073 -0.156054
v -0.079510 0.067986 -0.155629
v -0.079168 0.077073 -0.155284
v -0.078423 0.076884 -0.133639
v -0.078452 0.076886 -0.155662
v -0.078390 0.077749 -0.133606
v -0.078420 0.077751 -0.155624
v -0.079203 0.076927 -0.134013
v -0.079213 0.076930 -0.156074
v -0.079171 0.077793 -0.133980
v -0.079181 0.077795 -0.156036
v -0.078798 0.073490 -0.133887
v -0.078820 0.073508 -0.155512
v -0.078786 0.073808 -0.133874
v -0.078808 0.073826 -0.155496
v -0.079085 0.073506 -0.134024
v -0.079100 0.073524 -0.155663
v -0.079073 0.073824 -0.134012
v -0.079088 0.073842 -0.155647
v -0.078799 0.067947 -0.133998
v -0.078458 0.077034 -0.133653
v -0.078799 0.067947 -0.133229
v -0.078457 0.077034 -0.132884
v -0.079499 0.067986 -0.134333
v -0.079157 0.077073 -0.133988
v -0.079499 0.067986 -0.133563
v -0.079157 0.077073 -0.133217
v -0.078396 0.076885 -0.111609
v -0.078423 0.076887 -0.133631
v -0.078364 0.077750 -0.111576
v -0.078390 0.077752 -0.133594
v -0.079194 0.076928 -0.111944
v -0.079203 0.076930 -0.134005
v -0.079162 0.077793 -0.111911
v -0.079171 0.077796 -0.133968
v -0.078777 0.073491 -0.111845
v -0.078797 0.073509 -0.133470
v -0.078765 0.073809 -0.111833
v -0.078785 0.073827 -0.133453
v -0.079070 0.073507 -0.111968
v -0.079084 0.073525 -0.133607
v -0.079058 0.073825 -0.111956
v -0.079072 0.073843 -0.133590
v -0.078774 0.067948 -0.111967
v -0.078432 0.077035 -0.111621
v -0.078773 0.067948 -0.111198
v -0.078431 0.077035 -0.110852
v -0.079489 0.067986 -0.112267
v -0.079147 0.077073 -0.111921
v -0.079488 0.067986 -0.111497
v -0.079147 0.077073 -0.111151
v -0.078373 0.076886 -0.089581
v -0.078396 0.076888 -0.111601
v -0.078340 0.077752 -0.089548
v -0.078364 0.077753 -0.111564
v -0.079186 0.076928 -0.089877
v -0.079194 0.076931 -0.111937
v -0.079154 0.077794 -0.089844
v -0.079162 0.077796 -0.111899
v -0.078758 0.073492 -0.089804
v -0.078776 0.073510 -0.111428
v -0.078746 0.073810 -0.089792
v -0.078764 0.073828 -0.111412
v -0.079057 0.073507 -0.089913
v -0.079069 0.073525 -0.111551
v -0.079045 0.073826 -0.089901
v -0.079057 0.073844 -0.111535
v -0.078751 0.067950 -0.089937
v -0.078409 0.077037 -0.089591
v -0.078750 0.067950 -0.089168
v -0.078409 0.077037 -0.088822
v -0.079480 0.067987 -0.090202
v -0.079138 0.077074 -0.089856
v -0.079479 0.067987 -0.089432
v -0.079138 0.077074 -0.089085
v -0.078352 0.076888 -0.067554
v -0.078372 0.076889 -0.089573
v -0.078319 0.077753 -0.067521
v -0.078340 0.077755 -0.089536
v -0.079179 0.076929 -0.067809
v -0.079186 0.076931 -0.089869
v -0.079147 0.077794 -0.067776
v -0.079154 0.077796 -0.089831
v -0.078741 0.073493 -0.067765
v -0.078757 0.073511 -0.089388
v -0.078729 0.073811 -0.067752
v -0.078745 0.073829 -0.089371
v -0.079046 0.073508 -0.067858
v -0.079056 0.073526 -0.089496
v -0.079034 0.073826 -0.067846
v -0.079044 0.073844 -0.089479
v -0.078731 0.067951 -0.067908
v -0.078389 0.077038 -0.067562
v -0.078730 0.067951 -0.067139
v -0.078389 0.077038 -0.066793
v -0.079472 0.067988 -0.068137
v -0.079131 0.077075 -0.067790
v -0.079471 0.067988 -0.067367
v -0.079130 0.077075 -0.067020
v -0.078334 0.076890 -0.045528
v -0.078352 0.076891 -0.067546
v -0.078302 0.077755 -0.045495
v -0.078319 0.077756 -0.067509
v -0.079173 0.076929 -0.045742
v -0.079179 0.076932 -0.067801
v -0.079141 0.077795 -0.045709
v -0.079147 0.077797 -0.067764
v -0.078727 0.073495 -0.045726
v -0.078740 0.073512 -0.067348
v -0.078715 0.073813 -0.045714
v -0.078728 0.073830 -0.067331
v -0.079036 0.073509 -0.045804
v -0.079045 0.073527 -0.067441
v -0.079024 0.073827 -0.045792
v -0.079033 0.073845 -0.067425
v -0.078713 0.067953 -0.045880
v -0.078372 0.077040 -0.045533
v -0.078713 0.067953 -0.045111
v -0.078372 0.077040 -0.044764
v -0.079465 0.067988 -0.046072
v -0.079124 0.077075 -0.045725
v -0.079465 0.067988 -0.045302
v -0.079124 0.077075 -0.044955
v -0.078320 0.076891 -0.023502
v -0.078334 0.076893 -0.045520
v -0.078287 0.077757 -0.023469
v -0.078302 0.077758 -0.045483
v -0.079168 0.076930 -0.023675
v -0.079173 0.076932 -0.045734
v -0.079136 0.077795 -0.023642
v -0.079141 0.077798 -0.045697
v -0.078716 0.073496 -0.023687
v -0.078726 0.073513 -0.045309
v -0.078704 0.073814 -0.023675
v -0.078714 0.073832 -0.045292
v -0.079028 0.073510 -0.023751
v -0.079035 0.073528 -0.045387
v -0.079016 0.073828 -0.023739
v -0.079023 0.073846 -0.045371
v -0.078699 0.067954 -0.023853
v -0.078358 0.077041 -0.023506
v -0.078699 0.067955 -0.023084
v -0.078358 0.077042 -0.022737
v -0.079459 0.067989 -0.024008
v -0.079118 0.077076 -0.023660
v -0.079459 0.067989 -0.023238
v -0.079118 0.077076 -0.022890
v -0.078308 0.076893 -0.001478
v -0.078320 0.076894 -0.023495
v -0.078276 0.077759 -0.001445
v -0.078287 0.077760 -0.023457
v -0.079164 0.076930 -0.001609
v -0.079168 0.076933 -0.023667
v -0.079132 0.077796 -0.001575
v -0.079135 0.077798 -0.023630
v -0.078707 0.073498 -0.001649
v -0.078715 0.073515 -0.023271
v -0.078695 0.073816 -0.001637
v -0.078703 0.073833 -0.023254
v -0.079021 0.073511 -0.001698
v -0.079027 0.073529 -0.023334
v -0.079009 0.073829 -0.001685
v -0.079015 0.073847 -0.023317
v -0.078688 0.067956 -0.001827
v -0.078347 0.077043 -0.001479
v -0.078688 0.067956 -0.001058
v -0.078347 0.077043 -0.000710
v -0.079455 0.067990 -0.001944
v -0.079114 0.077077 -0.001596
v -0.079455 0.067990 -0.001174
v -0.079114 0.077077 -0.000826
v -0.078300 0.076896 0.020547
v -0.078308 0.076896 -0.001470
v -0.078267 0.077761 0.020580
v -0.078276 0.077762 -0.001432
v -0.079161 0.076931 0.020458
v -0.079164 0.076933 -0.001601
v -0.079129 0.077797 0.020491
v -0.079132 0.077799 -0.001563
v -0.078700 0.073499 0.020388
v -0.078706 0.073517 -0.001233
v -0.078688 0.073817 0.020400
v -0.078694 0.073835 -0.001216
v -0.079017 0.073512 0.020355
v -0.079020 0.073530 -0.001280
v -0.079005 0.073831 0.020368
v -0.079009 0.073848 -0.001264
v -0.078680 0.067959 0.020200
v -0.078339 0.077045 0.020548
v -0.078680 0.067959 0.020968
v -0.078339 0.077046 0.021316
v -0.079452 0.067990 0.020120
v -0.079111 0.077077 0.020468
v -0.079452 0.067991 0.020890
v -0.079111 0.077077 0.021238
v -0.078295 0.076898 0.042571
v -0.078300 0.076898 0.020555
v -0.078262 0.077763 0.042604
v -0.078267 0.077764 0.020592
v -0.079159 0.076932 0.042524
v -0.079161 0.076934 0.020466
v -0.079127 0.077797 0.042558
v -0.079129 0.077800 0.020503
v -0.078696 0.073501 0.042425
v -0.078699 0.073518 0.020805
v -0.078684 0.073819 0.042438
v -0.078687 0.073836 0.020821
v -0.079014 0.073514 0.042408
v -0.079016 0.073531 0.020772
v -0.079002 0.073832 0.042421
v -0.079004 0.073849 0.020789
v -0.078675 0.067961 0.042225
v -0.078334 0.077048 0.042574
v -0.078675 0.067961 0.042994
v -0.078334 0.077048 0.043343
v -0.079450 0.067991 0.042184
v -0.079109 0.077078 0.042533
v -0.079450 0.067991 0.042954
v -0.079109 0.077078 0.043303
v -0.078292 0.076900 0.064594
v -0.078294 0.076901 0.042578
v -0.078260 0.077766 0.064628
v -0.078262 0.077766 0.042616
v -0.079159 0.076933 0.064591
v -0.079159 0.076935 0.042532
v -0.079126 0.077798 0.064624
v -0.079127 0.077800 0.042570
v -0.078694 0.073503 0.064462
v -0.078695 0.073520 0.042842
v -0.078682 0.073821 0.064475
v -0.078683 0.073838 0.042859
v -0.079012 0.073515 0.064461
v -0.079013 0.073533 0.042825
v -0.079001 0.073833 0.064473
v -0.079001 0.073851 0.042842
v -0.078673 0.067963 0.064251
v -0.078332 0.077050 0.064600
v -0.078673 0.067963 0.065020
v -0.078332 0.077050 0.065369
v -0.079449 0.067992 0.064248
v -0.079108 0.077079 0.064597
v -0.079449 0.067992 0.065018
v -0.079108 0.077079 0.065367
v -0.078121 0.075561 0.086674
v -0.078292 0.076903 0.064602
v -0.078088 0.076426 0.086714
v -0.078260 0.077769 0.064640
v -0.078987 0.075593 0.086686
v -0.079158 0.076936 0.064599
v -0.078954 0.076458 0.086726
v -0.079126 0.077801 0.064636
v -0.078522 0.072164 0.086520
v -0.078693 0.073522 0.064879
v -0.078510 0.072482 0.086535
v -0.078681 0.073840 0.064896
v -0.078841 0.072176 0.086524
v -0.079012 0.073534 0.064878
v -0.078829 0.072494 0.086539
v -0.079000 0.073852 0.064895
v -0.078501 0.066627 0.086260
v -0.078160 0.075710 0.086682
v -0.078494 0.066567 0.087028
v -0.078152 0.075651 0.087453
v -0.079277 0.066655 0.086270
v -0.078936 0.075739 0.086692
v -0.079270 0.066596 0.087039
v -0.078928 0.075679 0.087464
v -0.077901 0.073854 0.108769
v -0.078120 0.075563 0.086682
v -0.077868 0.074719 0.108818
v -0.078088 0.076428 0.086727
v -0.078767 0.073886 0.108789
v -0.078986 0.075595 0.086694
v -0.078734 0.074751 0.108838
v -0.078954 0.076460 0.086738
v -0.078303 0.070460 0.108583
v -0.078518 0.072151 0.086937
v -0.078291 0.070778 0.108601
v -0.078506 0.072469 0.086956
v -0.078622 0.070471 0.108590
v -0.078836 0.072163 0.086941
v -0.078610 0.070789 0.108608
v -0.078824 0.072481 0.086961
v -0.078283 0.064925 0.108265
v -0.077941 0.074004 0.108779
v -0.078276 0.064866 0.109033
v -0.077933 0.073944 0.109550
v -0.079059 0.064953 0.108282
v -0.078716 0.074032 0.108796
v -0.079052 0.064894 0.109050
v -0.078709 0.073973 0.109568
v -0.077681 0.072147 0.130865
v -0.077901 0.073857 0.108777
v -0.077648 0.073011 0.130923
v -0.077868 0.074721 0.108831
v -0.078547 0.072178 0.130892
v -0.078767 0.073888 0.108797
v -0.078514 0.073042 0.130950
v -0.078734 0.074753 0.108850
v -0.078084 0.068755 0.130646
v -0.078299 0.070447 0.109000
v -0.078072 0.069072 0.130667
v -0.078287 0.070764 0.109023
v -0.078403 0.068766 0.130656
v -0.078617 0.070458 0.109007
v -0.078390 0.069084 0.130677
v -0.078605 0.070776 0.109030
v -0.078066 0.063224 0.130269
v -0.077721 0.072297 0.130876
v -0.078058 0.063164 0.131037
v -0.077713 0.072237 0.131647
v -0.078841 0.063251 0.130293
v -0.078496 0.072325 0.130900
v -0.078834 0.063192 0.131062
v -0.078488 0.072265 0.131672
v -0.077323 0.070441 0.152932
v -0.077681 0.072150 0.130873
v -0.077290 0.071305 0.152997
v -0.077648 0.073013 0.130935
v -0.078188 0.070471 0.152973
v -0.078547 0.072181 0.130900
v -0.078155 0.071335 0.153039
v -0.078514 0.073045 0.130962
v -0.077727 0.067051 0.152688
v -0.078079 0.068741 0.131063
v -0.077715 0.067368 0.152712
v -0.078067 0.069059 0.131089
v -0.078045 0.067062 0.152703
v -0.078398 0.068753 0.131073
v -0.078033 0.067379 0.152727
v -0.078386 0.069070 0.131099
v -0.077710 0.061523 0.152260
v -0.077362 0.070591 0.152945
v -0.077662 0.061464 0.153024
v -0.077314 0.070532 0.153709
v -0.078485 0.061550 0.152297
v -0.078137 0.070618 0.152983
v -0.078437 0.061491 0.153063
v -0.078089 0.070558 0.153748
v -0.075554 0.068753 0.174755
v -0.077322 0.070444 0.152940
v -0.075521 0.069617 0.174818
v -0.077289 0.071307 0.153010
v -0.076414 0.068778 0.174858
v -0.078187 0.070474 0.152981
v -0.076382 0.069642 0.174921
v -0.078154 0.071337 0.153051
v -0.075956 0.065360 0.174539
v -0.077700 0.067038 0.153103
v -0.075944 0.065677 0.174563
v -0.077687 0.067355 0.153131
v -0.076272 0.065369 0.174577
v -0.078018 0.067049 0.153118
v -0.076260 0.065687 0.174601
v -0.078006 0.067366 0.153147
v -0.075939 0.059833 0.174110
v -0.075593 0.068902 0.174771
v -0.075834 0.059774 0.174868
v -0.075488 0.068843 0.175528
v -0.076710 0.059855 0.174202
v -0.076364 0.068925 0.174864
v -0.076604 0.059796 0.174963
v -0.076259 0.068866 0.175623
v -0.072137 0.067076 0.196410
v -0.075553 0.068755 0.174762
v -0.072105 0.067940 0.196471
v -0.075520 0.069619 0.174830
v -0.072991 0.067097 0.196561
v -0.076413 0.068780 0.174866
v -0.072958 0.067961 0.196622
v -0.076380 0.069644 0.174933
v -0.072536 0.063681 0.196218
v -0.075898 0.065347 0.174951
v -0.072524 0.063999 0.196240
v -0.075886 0.065664 0.174978
v -0.072849 0.063689 0.196274
v -0.076214 0.065356 0.174989
v -0.072837 0.064006 0.196296
v -0.076202 0.065673 0.175017
v -0.072519 0.058154 0.195789
v -0.072176 0.067225 0.196429
v -0.072374 0.058095 0.196542
v -0.072031 0.067166 0.197182
v -0.073283 0.058173 0.195924
v -0.072941 0.067244 0.196564
v -0.073138 0.058114 0.196679
v -0.072795 0.067185 0.197318
v -0.067982 0.065404 0.217987
v -0.072136 0.067078 0.196418
v -0.067950 0.066268 0.218047
v -0.072102 0.067942 0.196483
v -0.068831 0.065424 0.218161
v -0.072989 0.067100 0.196569
v -0.068798 0.066288 0.218221
v -0.072956 0.067963 0.196635
v -0.068377 0.062008 0.217809
v -0.072456 0.063668 0.196627
v -0.068366 0.062326 0.217830
v -0.072444 0.063985 0.196654
v -0.068689 0.062015 0.217873
v -0.072770 0.063676 0.196683
v -0.068678 0.062333 0.217894
v -0.072757 0.063993 0.196709
v -0.068360 0.056480 0.217383
v -0.068020 0.065553 0.218006
v -0.068215 0.056422 0.218137
v -0.067875 0.065494 0.218760
v -0.069120 0.056498 0.217539
v -0.068781 0.065570 0.218162
v -0.068975 0.056440 0.218294
v -0.068636 0.065512 0.218916
v -0.063637 0.063748 0.239497
v -0.067980 0.065406 0.217995
v -0.063605 0.064612 0.239555
v -0.067947 0.066270 0.218059
v -0.064478 0.063765 0.239706
v -0.068829 0.065426 0.218169
v -0.064446 0.064629 0.239763
v -0.068796 0.066290 0.218233
v -0.064028 0.060351 0.239338
v -0.068298 0.061995 0.218217
v -0.064017 0.060669 0.239359
v -0.068286 0.062313 0.218243
v -0.064338 0.060357 0.239415
v -0.068610 0.062003 0.218282
v -0.064326 0.060675 0.239436
v -0.068598 0.062320 0.218308
v 0.063997 0.054819 0.238966
v 0.063663 0.063893 0.239567
v 0.064191 0.054874 0.238228
v 0.063857 0.063947 0.238831
v 0.064750 0.054835 0.239153
v 0.064416 0.063909 0.239754
v 0.064946 0.054889 0.238412
v 0.064611 0.063963 0.239014
v 0.067972 0.065400 0.218037
v 0.063626 0.063748 0.239539
v 0.067940 0.066264 0.218096
v 0.063595 0.064612 0.239592
v 0.068821 0.065420 0.218211
v 0.064467 0.063765 0.239748
v 0.068789 0.066284 0.218271
v 0.064436 0.064630 0.239801
v 0.068368 0.062004 0.217858
v 0.064120 0.060395 0.238989
v 0.068356 0.062322 0.217880
v 0.064109 0.060713 0.239006
v 0.068680 0.062011 0.217923
v 0.064429 0.060402 0.239065
v 0.068668 0.062329 0.217944
v 0.064419 0.060720 0.239082
v 0.068350 0.056476 0.217433
v 0.068011 0.065549 0.218056
v 0.068495 0.056535 0.216679
v 0.068156 0.065607 0.217303
v 0.069111 0.056494 0.217589
v 0.068771 0.065566 0.218212
v 0.069256 0.056553 0.216835
v 0.068916 0.065625 0.217459
v 0.072128 0.067072 0.196460
v 0.067974 0.065403 0.218030
v 0.072095 0.067936 0.196521
v 0.067942 0.066268 0.218085
v 0.072981 0.067093 0.196611
v 0.068822 0.065423 0.218204
v 0.072948 0.067957 0.196672
v 0.068791 0.066288 0.218259
v 0.072526 0.063677 0.196268
v 0.068446 0.062055 0.217452
v 0.072514 0.063995 0.196290
v 0.068435 0.062373 0.217470
v 0.072840 0.063685 0.196324
v 0.068758 0.062062 0.217516
v 0.072828 0.064003 0.196346
v 0.068747 0.062380 0.217534
v 0.072509 0.058150 0.195839
v 0.072167 0.067221 0.196478
v 0.072654 0.058208 0.195085
v 0.072312 0.067279 0.195725
v 0.073273 0.058169 0.195974
v 0.072931 0.067240 0.196614
v 0.073419 0.058227 0.195220
v 0.073076 0.067298 0.195860
v 0.075547 0.068749 0.174805
v 0.072129 0.067075 0.196453
v 0.075514 0.069613 0.174868
v 0.072097 0.067940 0.196509
v 0.076407 0.068774 0.174908
v 0.072982 0.067097 0.196604
v 0.076375 0.069638 0.174971
v 0.072951 0.067961 0.196661
v 0.075949 0.065356 0.174590
v 0.072604 0.063727 0.195862
v 0.075937 0.065674 0.174613
v 0.072593 0.064045 0.195880
v 0.076265 0.065365 0.174628
v 0.072917 0.063735 0.195917
v 0.076253 0.065683 0.174651
v 0.072906 0.064053 0.195935
v 0.075932 0.059829 0.174160
v 0.075586 0.068898 0.174821
v 0.076038 0.059887 0.173401
v 0.075692 0.068957 0.174063
v 0.076703 0.059851 0.174253
v 0.076357 0.068921 0.174914
v 0.076808 0.059910 0.173492
v 0.076463 0.068979 0.174154
v 0.077320 0.070438 0.152983
v 0.075548 0.068753 0.174797
v 0.077287 0.071301 0.153048
v 0.075516 0.069617 0.174856
v 0.078185 0.070468 0.153024
v 0.076408 0.068778 0.174901
v 0.078152 0.071331 0.153089
v 0.076376 0.069642 0.174960
v 0.077724 0.067047 0.152739
v 0.076005 0.065407 0.174181
v 0.077711 0.067364 0.152763
v 0.075994 0.065725 0.174200
v 0.078042 0.067058 0.152754
v 0.076321 0.065416 0.174219
v 0.078029 0.067375 0.152778
v 0.076310 0.065734 0.174237
v 0.077707 0.061519 0.152310
v 0.077359 0.070587 0.152996
v 0.077755 0.061578 0.151546
v 0.077407 0.070646 0.152233
v 0.078482 0.061546 0.152348
v 0.078134 0.070614 0.153033
v 0.078530 0.061606 0.151582
v 0.078182 0.070673 0.152268
v 0.077681 0.072143 0.130916
v 0.077320 0.070441 0.152975
v 0.077648 0.073007 0.130974
v 0.077287 0.071305 0.153036
v 0.078546 0.072174 0.130943
v 0.078185 0.070471 0.153017
v 0.078513 0.073039 0.131001
v 0.078152 0.071335 0.153078
v 0.078084 0.068751 0.130697
v 0.077749 0.067098 0.152327
v 0.078072 0.069069 0.130718
v 0.077737 0.067415 0.152347
v 0.078402 0.068762 0.130707
v 0.078067 0.067109 0.152342
v 0.078390 0.069080 0.130728
v 0.078055 0.067426 0.152361
v 0.078065 0.063220 0.130320
v 0.077720 0.072293 0.130927
v 0.078073 0.063279 0.129552
v 0.077728 0.072352 0.130156
v 0.078841 0.063248 0.130344
v 0.078496 0.072321 0.130951
v 0.078848 0.063307 0.129576
v 0.078503 0.072380 0.130180
v 0.077901 0.073850 0.108821
v 0.077681 0.072147 0.130908
v 0.077868 0.074715 0.108870
v 0.077648 0.073011 0.130962
v 0.078767 0.073882 0.108840
v 0.078546 0.072178 0.130935
v 0.078734 0.074747 0.108889
v 0.078513 0.073042 0.130989
v 0.078303 0.070456 0.108634
v 0.078087 0.068802 0.130281
v 0.078291 0.070774 0.108652
v 0.078075 0.069120 0.130298
v 0.078621 0.070468 0.108641
v 0.078405 0.068813 0.130291
v 0.078609 0.070785 0.108659
v 0.078393 0.069131 0.130308
v 0.078283 0.064921 0.108315
v 0.077940 0.074000 0.108830
v 0.078291 0.064980 0.107547
v 0.077948 0.074060 0.108059
v 0.079059 0.064949 0.108333
v 0.078716 0.074028 0.108847
v 0.079066 0.065009 0.107564
v 0.078724 0.074088 0.108076
v 0.078120 0.075557 0.086725
v 0.077901 0.073854 0.108813
v 0.078088 0.076422 0.086766
v 0.077868 0.074719 0.108858
v 0.078986 0.075589 0.086737
v 0.078766 0.073886 0.108832
v 0.078954 0.076454 0.086777
v 0.078734 0.074751 0.108877
v 0.078522 0.072161 0.086571
v 0.078306 0.070507 0.108218
v 0.078510 0.072479 0.086586
v 0.078294 0.070825 0.108232
v 0.078840 0.072172 0.086575
v 0.078625 0.070519 0.108225
v 0.078828 0.072490 0.086590
v 0.078613 0.070837 0.108239
v 0.078501 0.066623 0.086311
v 0.078159 0.075706 0.086733
v 0.078508 0.066682 0.085543
v 0.078167 0.075766 0.085962
v 0.079277 0.066651 0.086321
v 0.078935 0.075735 0.086743
v 0.079284 0.066711 0.085553
v 0.078943 0.075795 0.085972
v 0.078292 0.076900 0.064645
v 0.078120 0.075560 0.086718
v 0.078260 0.077766 0.064679
v 0.078088 0.076426 0.086754
v 0.079159 0.076933 0.064642
v 0.078986 0.075592 0.086729
v 0.079126 0.077798 0.064675
v 0.078954 0.076458 0.086765
v 0.078694 0.073503 0.064513
v 0.078525 0.072212 0.086155
v 0.078682 0.073821 0.064526
v 0.078513 0.072530 0.086166
v 0.079012 0.073515 0.064512
v 0.078844 0.072223 0.086159
v 0.079001 0.073833 0.064524
v 0.078832 0.072542 0.086170
v 0.078673 0.067963 0.064302
v 0.078332 0.077050 0.064651
v 0.078673 0.067963 0.063533
v 0.078332 0.077050 0.063882
v 0.079449 0.067992 0.064299
v 0.079108 0.077079 0.064648
v 0.079449 0.067992 0.063529
v 0.079108 0.077079 0.063878
v 0.078295 0.076898 0.042622
v 0.078292 0.076903 0.064638
v 0.078262 0.077763 0.042655
v 0.078260 0.077769 0.064667
v 0.079159 0.076932 0.042575
v 0.079158 0.076936 0.064634
v 0.079127 0.077797 0.042609
v 0.079126 0.077801 0.064663
v 0.078696 0.073501 0.042476
v 0.078693 0.073522 0.064098
v 0.078684 0.073819 0.042488
v 0.078681 0.073840 0.064106
v 0.079014 0.073514 0.042459
v 0.079012 0.073534 0.064097
v 0.079002 0.073832 0.042472
v 0.079000 0.073852 0.064104
v 0.078675 0.067961 0.042276
v 0.078334 0.077048 0.042625
v 0.078675 0.067961 0.041507
v 0.078334 0.077048 0.041856
v 0.079450 0.067991 0.042235
v 0.079109 0.077078 0.042584
v 0.079450 0.067991 0.041465
v 0.079109 0.077078 0.041813
v 0.078300 0.076896 0.020598
v 0.078294 0.076901 0.042614
v 0.078267 0.077761 0.020631
v 0.078262 0.077766 0.042643
v 0.079161 0.076931 0.020509
v 0.079159 0.076935 0.042568
v 0.079129 0.077797 0.020542
v 0.079127 0.077800 0.042597
v 0.078700 0.073499 0.020439
v 0.078695 0.073520 0.042061
v 0.078688 0.073817 0.020451
v 0.078683 0.073838 0.042069
v 0.079017 0.073512 0.020406
v 0.079013 0.073533 0.042044
v 0.079005 0.073831 0.020419
v 0.079001 0.073851 0.042052
v 0.078680 0.067959 0.020250
v 0.078339 0.077045 0.020599
v 0.078680 0.067958 0.019482
v 0.078339 0.077045 0.019830
v 0.079452 0.067990 0.020171
v 0.079111 0.077077 0.020519
v 0.079452 0.067990 0.019401
v 0.079111 0.077077 0.019749
v 0.078308 0.076893 -0.001427
v 0.078300 0.076898 0.020590
v 0.078276 0.077759 -0.001394
v 0.078267 0.077764 0.020619
v 0.079164 0.076930 -0.001557
v 0.079161 0.076934 0.020501
v 0.079132 0.077796 -0.001524
v 0.079129 0.077800 0.020530
v 0.078707 0.073498 -0.001598
v 0.078699 0.073518 0.020024
v 0.078695 0.073816 -0.001586
v 0.078687 0.073836 0.020032
v 0.079021 0.073511 -0.001647
v 0.079016 0.073531 0.019991
v 0.079009 0.073829 -0.001634
v 0.079004 0.073849 0.019999
v 0.078688 0.067956 -0.001776
v 0.078347 0.077043 -0.001428
v 0.078688 0.067956 -0.002544
v 0.078347 0.077043 -0.002197
v 0.079455 0.067990 -0.001893
v 0.079114 0.077077 -0.001545
v 0.079455 0.067990 -0.002663
v 0.079114 0.077077 -0.002315
v 0.078320 0.076891 -0.023452
v 0.078308 0.076896 -0.001434
v 0.078287 0.077757 -0.023418
v 0.078276 0.077762 -0.001406
v 0.079168 0.076930 -0.023624
v 0.079164 0.076933 -0.001565
v 0.079136 0.077795 -0.023591
v 0.079132 0.077799 -0.001536
v 0.078716 0.073496 -0.023636
v 0.078706 0.073516 -0.002014
v 0.078704 0.073814 -0.023624
v 0.078694 0.073835 -0.002006
v 0.079028 0.073510 -0.023700
v 0.079021 0.073530 -0.002062
v 0.079016 0.073828 -0.023688
v 0.079009 0.073848 -0.002054
v 0.078699 0.067954 -0.023802
v 0.078358 0.077041 -0.023455
v 0.078700 0.067954 -0.024571
v 0.078359 0.077041 -0.024224
v 0.079459 0.067989 -0.023957
v 0.079118 0.077076 -0.023609
v 0.079460 0.067989 -0.024727
v 0.079119 0.077076 -0.024380
v 0.078334 0.076890 -0.045477
v 0.078320 0.076894 -0.023459
v 0.078302 0.077755 -0.045444
v 0.078287 0.077760 -0.023430
v 0.079173 0.076929 -0.045691
v 0.079168 0.076933 -0.023632
v 0.079141 0.077795 -0.045658
v 0.079135 0.077798 -0.023603
v 0.078727 0.073495 -0.045675
v 0.078715 0.073515 -0.024052
v 0.078715 0.073813 -0.045663
v 0.078703 0.073833 -0.024044
v 0.079036 0.073509 -0.045753
v 0.079027 0.073529 -0.024115
v 0.079024 0.073827 -0.045741
v 0.079015 0.073847 -0.024108
v 0.078713 0.067953 -0.045829
v 0.078372 0.077040 -0.045482
v 0.078714 0.067953 -0.046598
v 0.078373 0.077040 -0.046251
v 0.079465 0.067988 -0.046021
v 0.079124 0.077075 -0.045674
v 0.079465 0.067988 -0.046791
v 0.079124 0.077075 -0.046444
v 0.078352 0.076888 -0.067503
v 0.078334 0.076893 -0.045485
v 0.078319 0.077753 -0.067470
v 0.078302 0.077758 -0.045456
v 0.079179 0.076929 -0.067758
v 0.079173 0.076932 -0.045699
v 0.079147 0.077794 -0.067725
v 0.079141 0.077798 -0.045670
v 0.078741 0.073493 -0.067714
v 0.078727 0.073513 -0.046090
v 0.078729 0.073811 -0.067702
v 0.078715 0.073832 -0.046082
v 0.079046 0.073508 -0.067807
v 0.079035 0.073528 -0.046169
v 0.079034 0.073826 -0.067795
v 0.079023 0.073846 -0.046161
v 0.078731 0.067951 -0.067857
v 0.078389 0.077038 -0.067511
v 0.078731 0.067951 -0.068626
v 0.078390 0.077038 -0.068280
v 0.079472 0.067988 -0.068086
v 0.079131 0.077075 -0.067739
v 0.079472 0.067988 -0.068856
v 0.079131 0.077075 -0.068509
v 0.078373 0.076886 -0.089530
v 0.078352 0.076891 -0.067511
v 0.078340 0.077752 -0.089497
v 0.078319 0.077756 -0.067482
v 0.079186 0.076928 -0.089826
v 0.079179 0.076932 -0.067766
v 0.079154 0.077794 -0.089793
v 0.079147 0.077797 -0.067737
v 0.078758 0.073492 -0.089753
v 0.078741 0.073512 -0.068129
v 0.078746 0.073810 -0.089741
v 0.078729 0.073830 -0.068121
v 0.079057 0.073507 -0.089862
v 0.079045 0.073527 -0.068223
v 0.079045 0.073826 -0.089850
v 0.079033 0.073845 -0.068215
v 0.078751 0.067950 -0.089886
v 0.078409 0.077037 -0.089540
v 0.078751 0.067949 -0.090655
v 0.078410 0.077036 -0.090309
v 0.079480 0.067987 -0.090151
v 0.079138 0.077074 -0.089805
v 0.079480 0.067987 -0.090921
v 0.079139 0.077074 -0.090575
v 0.078396 0.076885 -0.111558
v 0.078372 0.076889 -0.089538
v 0.078364 0.077750 -0.111525
v 0.078340 0.077755 -0.089509
v 0.079194 0.076928 -0.111893
v 0.079186 0.076931 -0.089833
v 0.079162 0.077793 -0.111861
v 0.079154 0.077796 -0.089805
v 0.078777 0.073491 -0.111794
v 0.078757 0.073511 -0.090169
v 0.078765 0.073809 -0.111782
v 0.078745 0.073829 -0.090161
v 0.079070 0.073507 -0.111917
v 0.079056 0.073526 -0.090278
v 0.079058 0.073825 -0.111905
v 0.079045 0.073844 -0.090270
v 0.078774 0.067948 -0.111916
v 0.078432 0.077035 -0.111570
v 0.078774 0.067948 -0.112685
v 0.078433 0.077035 -0.112339
v 0.079489 0.067986 -0.112216
v 0.079147 0.077073 -0.111870
v 0.079489 0.067986 -0.112986
v 0.079148 0.077073 -0.112641
v 0.078423 0.076884 -0.133588
v 0.078396 0.076888 -0.111566
v 0.078390 0.077749 -0.133555
v 0.078364 0.077753 -0.111537
v 0.079203 0.076927 -0.133962
v 0.079194 0.076931 -0.111901
v 0.079171 0.077793 -0.133929
v 0.079162 0.077796 -0.111873
v 0.078798 0.073490 -0.133836
v 0.078776 0.073510 -0.112209
v 0.078786 0.073808 -0.133823
v 0.078764 0.073828 -0.112202
v 0.079085 0.073506 -0.133973
v 0.079070 0.073525 -0.112333
v 0.079073 0.073824 -0.133961
v 0.079058 0.073844 -0.112325
v 0.078799 0.067947 -0.133947
v 0.078458 0.077034 -0.133602
v 0.078800 0.067947 -0.134716
v 0.078459 0.077034 -0.134371
v 0.079499 0.067986 -0.134282
v 0.079157 0.077073 -0.133937
v 0.079499 0.067986 -0.135052
v 0.079158 0.077073 -0.134707
v 0.078452 0.076883 -0.155619
v 0.078423 0.076887 -0.133595
v 0.078420 0.077748 -0.155586
v 0.078390 0.077752 -0.133567
v 0.079213 0.076927 -0.156030
v 0.079203 0.076930 -0.133969
v 0.079181 0.077792 -0.155998
v 0.079171 0.077796 -0.133941
v 0.078821 0.073489 -0.155878
v 0.078797 0.073509 -0.134251
v 0.078809 0.073807 -0.155866
v 0.078785 0.073827 -0.134243
v 0.079101 0.073505 -0.156030
v 0.079084 0.073525 -0.134389
v 0.079089 0.073823 -0.156018
v 0.079072 0.073843 -0.134381
v 0.078828 0.067946 -0.155979
v 0.078486 0.077033 -0.155634
v 0.078829 0.067946 -0.156749
v 0.078487 0.077033 -0.156403
v 0.079510 0.067986 -0.156348
v 0.079168 0.077073 -0.156003
v 0.079510 0.067986 -0.157119
v 0.079169 0.077073 -0.156774
v 0.078484 0.076882 -0.177651
v 0.078452 0.076886 -0.155626
v 0.078452 0.077747 -0.177618
v 0.078420 0.077751 -0.155598
v 0.079224 0.076927 -0.178100
v 0.079213 0.076930 -0.156038
v 0.079192 0.077792 -0.178067
v 0.079181 0.077795 -0.156010
v 0.078847 0.073488 -0.177922
v 0.078821 0.073508 -0.156294
v 0.078835 0.073806 -0.177910
v 0.078809 0.073826 -0.156286
v 0.079119 0.073505 -0.178087
v 0.079101 0.073524 -0.156445
v 0.079107 0.073823 -0.178075
v 0.079089 0.073842 -0.156438
v 0.078859 0.067945 -0.178013
v 0.078517 0.077032 -0.177669
v 0.078860 0.067945 -0.178782
v 0.078518 0.077032 -0.178438
v 0.079522 0.067985 -0.178415
v 0.079180 0.077072 -0.178071
v 0.079523 0.067985 -0.179186
v 0.079181 0.077072 -0.178841
v 0.078519 0.076881 -0.199685
v 0.078484 0.076885 -0.177659
v 0.078487 0.077746 -0.199652
v 0.078452 0.077750 -0.177630
v 0.079236 0.076926 -0.200169
v 0.079224 0.076929 -0.178107
v 0.079204 0.077792 -0.200137
v 0.079192 0.077795 -0.178079
v 0.078874 0.073488 -0.199967
v 0.078846 0.073507 -0.178337
v 0.078862 0.073806 -0.199955
v 0.078834 0.073825 -0.178330
v 0.079138 0.073504 -0.200145
v 0.079118 0.073524 -0.178503
v 0.079126 0.073823 -0.200133
v 0.079106 0.073842 -0.178495
v 0.078893 0.067944 -0.200049
v 0.078551 0.077031 -0.199704
v 0.078894 0.067944 -0.200818
v 0.078552 0.077031 -0.200474
v 0.079536 0.067985 -0.200483
v 0.079193 0.077072 -0.200139
v 0.079536 0.067985 -0.201253
v 0.079194 0.077072 -0.200909
v 0.078557 0.076880 -0.221721
v 0.078519 0.076884 -0.199692
v 0.078524 0.077746 -0.221688
v 0.078487 0.077749 -0.199664
v 0.079249 0.076926 -0.222240
v 0.079236 0.076929 -0.200177
v 0.079217 0.077792 -0.222207
v 0.079204 0.077795 -0.200149
v 0.078904 0.073487 -0.222014
v 0.078874 0.073507 -0.200383
v 0.078892 0.073805 -0.222002
v 0.078862 0.073825 -0.200375
v 0.079159 0.073504 -0.222205
v 0.079138 0.073523 -0.200561
v 0.079147 0.073822 -0.222193
v 0.079126 0.073841 -0.200553
v 0.078930 0.067944 -0.222086
v 0.078587 0.077031 -0.221742
v 0.078931 0.067944 -0.222855
v 0.078589 0.077031 -0.222511
v 0.079550 0.067985 -0.222551
v 0.079208 0.077072 -0.222207
v 0.079550 0.067985 -0.223321
v 0.079208 0.077072 -0.222977
v 0.078597 0.076880 -0.243758
v 0.078557 0.076883 -0.221728
v 0.078564 0.077745 -0.243725
v 0.078524 0.077749 -0.221700
v 0.079263 0.076926 -0.244311
v 0.079249 0.076929 -0.222247
v 0.079230 0.077791 -0.244278
v 0.079216 0.077794 -0.222219
v 0.078936 0.073487 -0.244062
v 0.078904 0.073506 -0.222429
v 0.078924 0.073805 -0.244050
v 0.078892 0.073824 -0.222421
v 0.079181 0.073504 -0.244265
v 0.079158 0.073523 -0.222620
v 0.079169 0.073822 -0.244253
v 0.079146 0.073841 -0.222613
v 0.078969 0.067943 -0.244125
v 0.078626 0.077030 -0.243781
v 0.078970 0.067943 -0.244894
v 0.078627 0.077030 -0.244551
v 0.079565 0.067985 -0.244620
v 0.079223 0.077072 -0.244276
v 0.079566 0.067985 -0.245391
v 0.079223 0.077072 -0.245047
v 0.078639 0.076880 -0.265798
v 0.078597 0.076883 -0.243766
v 0.078607 0.077745 -0.265765
v 0.078564 0.077748 -0.243737
v 0.079277 0.076926 -0.266383
v 0.079263 0.076929 -0.244318
v 0.079245 0.077791 -0.266350
v 0.079230 0.077794 -0.244290
v 0.078970 0.073487 -0.266111
v 0.078936 0.073506 -0.244477
v 0.078958 0.073805 -0.266099
v 0.078924 0.073824 -0.244470
v 0.079204 0.073504 -0.266326
v 0.079180 0.073523 -0.244681
v 0.079192 0.073822 -0.266314
v 0.079168 0.073841 -0.244673
v 0.079010 0.067943 -0.266166
v 0.078667 0.077030 -0.265823
v 0.079011 0.067943 -0.266935
v 0.078668 0.077030 -0.266592
v 0.079581 0.067984 -0.266690
v 0.079238 0.077072 -0.266347
v 0.079582 0.067984 -0.267460
v 0.079239 0.077072 -0.267117
v 0.076118 0.076880 -0.285221
v 0.078639 0.076883 -0.265805
v 0.076086 0.077745 -0.285187
v 0.078607 0.077748 -0.265777
v 0.076714 0.076926 -0.285848
v 0.079277 0.076929 -0.266390
v 0.076683 0.077791 -0.285815
v 0.079244 0.077794 -0.266362
v 0.076432 0.073487 -0.285551
v 0.078970 0.073506 -0.266527
v 0.076420 0.073805 -0.285539
v 0.078958 0.073824 -0.266519
v 0.076651 0.073504 -0.285782
v 0.079204 0.073523 -0.266742
v 0.076640 0.073822 -0.285769
v 0.079192 0.073841 -0.266734
v 0.076478 0.067943 -0.285600
v 0.076144 0.077030 -0.285248
v 0.075714 0.067943 -0.285593
v 0.075382 0.077030 -0.285239
v 0.077012 0.067984 -0.286162
v 0.076678 0.077072 -0.285810
v 0.076244 0.067984 -0.286159
v 0.075912 0.077072 -0.285805
v 0.054334 0.076880 -0.284989
v 0.076111 0.076883 -0.285221
v 0.054310 0.077745 -0.284950
v 0.076074 0.077748 -0.285187
v 0.054781 0.076926 -0.285730
v 0.076707 0.076929 -0.285848
v 0.054757 0.077791 -0.285691
v 0.076671 0.077794 -0.285814
v 0.054570 0.073487 -0.285379
v 0.076019 0.073506 -0.285547
v 0.054561 0.073805 -0.285365
v 0.076003 0.073824 -0.285534
v 0.054734 0.073504 -0.285652
v 0.076237 0.073523 -0.285778
v 0.054725 0.073822 -0.285637
v 0.076221 0.073841 -0.285766
v 0.054604 0.067943 -0.285436
v 0.054353 0.077030 -0.285021
v 0.053841 0.067943 -0.285432
v 0.053594 0.077030 -0.285014
v 0.055005 0.067984 -0.286100
v 0.054754 0.077072 -0.285685
v 0.054237 0.067984 -0.286099
v 0.053989 0.077072 -0.285681
v 0.032593 0.076880 -0.284828
v 0.054326 0.076883 -0.284989
v 0.032578 0.077745 -0.284784
v 0.054298 0.077748 -0.284949
v 0.032870 0.076926 -0.285648
v 0.054774 0.076929 -0.285730
v 0.032855 0.077791 -0.285604
v 0.054745 0.077794 -0.285690
v 0.032739 0.073487 -0.285260
v 0.054157 0.073506 -0.285376
v 0.032733 0.073805 -0.285244
v 0.054144 0.073824 -0.285361
v 0.032841 0.073504 -0.285561
v 0.054320 0.073523 -0.285649
v 0.032835 0.073822 -0.285545
v 0.054307 0.073841 -0.285634
v 0.032760 0.067943 -0.285323
v 0.032605 0.077030 -0.284863
v 0.031998 0.067943 -0.285320
v 0.031846 0.077030 -0.284859
v 0.033008 0.067984 -0.286058
v 0.032853 0.077072 -0.285598
v 0.032241 0.067984 -0.286057
v 0.032089 0.077072 -0.285596
v 0.010878 0.076880 -0.284746
v 0.032585 0.076883 -0.284828
v 0.010873 0.077745 -0.284700
v 0.032566 0.077748 -0.284784
v 0.010972 0.076926 -0.285606
v 0.032862 0.076929 -0.285648
v 0.010967 0.077791 -0.285560
v 0.032843 0.077794 -0.285604
v 0.010927 0.073487 -0.285199
v 0.032327 0.073506 -0.285257
v 0.010926 0.073805 -0.285182
v 0.032317 0.073824 -0.285241
v 0.010962 0.073504 -0.285515
v 0.032427 0.073523 -0.285559
v 0.010960 0.073822 -0.285498
v 0.032417 0.073841 -0.285543
v 0.010935 0.067943 -0.285265
v 0.010882 0.077030 -0.284783
v 0.010173 0.067943 -0.285264
v 0.010124 0.077030 -0.284781
v 0.011019 0.067984 -0.286036
v 0.010966 0.077072 -0.285554
v 0.010251 0.067984 -0.286036
v 0.010202 0.077072 -0.285553
v -0.010828 0.076880 -0.284746
v 0.010870 0.076883 -0.284746
v -0.010823 0.077745 -0.284700
v 0.010861 0.077748 -0.284700
v -0.010921 0.076926 -0.285606
v 0.010964 0.076929 -0.285606
v -0.010916 0.077791 -0.285560
v 0.010955 0.077794 -0.285560
v -0.010877 0.073487 -0.285199
v 0.010516 0.073506 -0.285197
v -0.010875 0.073805 -0.285182
v 0.010510 0.073824 -0.285180
v -0.010911 0.073504 -0.285515
v 0.010549 0.073523 -0.285514
v -0.010910 0.073822 -0.285498
v 0.010543 0.073841 -0.285497
v -0.010884 0.067943 -0.285265
v -0.010832 0.077030 -0.284783
v -0.011646 0.067943 -0.285266
v -0.011590 0.077030 -0.284784
v -0.010968 0.067984 -0.286036
v -0.010916 0.077072 -0.285554
v -0.011736 0.067984 -0.286036
v -0.011679 0.077072 -0.285554
v -0.032543 0.076880 -0.284828
v -0.010835 0.076883 -0.284746
v -0.032528 0.077745 -0.284784
v -0.010835 0.077748 -0.284700
v -0.032819 0.076926 -0.285648
v -0.010929 0.076929 -0.285606
v -0.032804 0.077791 -0.285604
v -0.010928 0.077794 -0.285560
v -0.032688 0.073487 -0.285260
v -0.011289 0.073506 -0.285198
v -0.032683 0.073805 -0.285244
v -0.011291 0.073824 -0.285181
v -0.032790 0.073504 -0.285561
v -0.011324 0.073523 -0.285514
v -0.032785 0.073822 -0.285545
v -0.011327 0.073841 -0.285498
v -0.032710 0.067943 -0.285323
v -0.032554 0.077030 -0.284863
v -0.033472 0.067943 -0.285326
v -0.033313 0.077030 -0.284867
v -0.032957 0.067984 -0.286058
v -0.032802 0.077072 -0.285598
v -0.033725 0.067984 -0.286059
v -0.033566 0.077072 -0.285600
v -0.054284 0.076880 -0.284989
v -0.032550 0.076883 -0.284828
v -0.054260 0.077745 -0.284949
v -0.032540 0.077748 -0.284784
v -0.054731 0.076926 -0.285730
v -0.032827 0.076929 -0.285648
v -0.054707 0.077791 -0.285690
v -0.032816 0.077794 -0.285604
v -0.054519 0.073487 -0.285379
v -0.033100 0.073506 -0.285260
v -0.054510 0.073805 -0.285364
v -0.033099 0.073824 -0.285244
v -0.054683 0.073504 -0.285651
v -0.033203 0.073523 -0.285562
v -0.054675 0.073822 -0.285637
v -0.033202 0.073841 -0.285545
v -0.054554 0.067943 -0.285436
v -0.054303 0.077030 -0.285020
v -0.055317 0.067943 -0.285441
v -0.055063 0.077030 -0.285027
v -0.054954 0.067984 -0.286100
v -0.054703 0.077072 -0.285685
v -0.055722 0.067984 -0.286102
v -0.055468 0.077072 -0.285688
v -0.076068 0.076880 -0.285220
v -0.054292 0.076883 -0.284989
v -0.076036 0.077745 -0.285187
v -0.054272 0.077748 -0.284949
v -0.076664 0.076926 -0.285848
v -0.054738 0.076929 -0.285730
v -0.076632 0.077791 -0.285814
v -0.054719 0.077794 -0.285690
v -0.076382 0.073487 -0.285551
v -0.054931 0.073506 -0.285381
v -0.076370 0.073805 -0.285538
v -0.054926 0.073824 -0.285366
v -0.076601 0.073504 -0.285781
v -0.055096 0.073523 -0.285653
v -0.076589 0.073822 -0.285769
v -0.055092 0.073841 -0.285638
v -0.076428 0.067943 -0.285599
v -0.076094 0.077030 -0.285247
v -0.077192 0.067943 -0.285606
v -0.076855 0.077030 -0.285256
v -0.076962 0.067984 -0.286162
v -0.076627 0.077072 -0.285810
v -0.077730 0.067984 -0.286164
v -0.077393 0.077072 -0.285814
v -0.078639 0.076880 -0.265849
v -0.076076 0.076883 -0.285220
v -0.078607 0.077745 -0.265816
v -0.076048 0.077748 -0.285187
v -0.079277 0.076926 -0.266433
v -0.076671 0.076929 -0.285848
v -0.079245 0.077791 -0.266401
v -0.076644 0.077794 -0.285814
v -0.078970 0.073487 -0.266162
v -0.076794 0.073506 -0.285554
v -0.078958 0.073805 -0.266150
v -0.076787 0.073824 -0.285541
v -0.079204 0.073504 -0.266377
v -0.077014 0.073523 -0.285784
v -0.079192 0.073822 -0.266365
v -0.077007 0.073841 -0.285771
v -0.079010 0.067943 -0.266217
v -0.078667 0.077030 -0.265873
v -0.079008 0.067943 -0.265448
v -0.078665 0.077030 -0.265104
v -0.079581 0.067984 -0.266741
v -0.079239 0.077072 -0.266397
v -0.079581 0.067984 -0.265971
v -0.079238 0.077072 -0.265627
v -0.078597 0.076880 -0.243809
v -0.078639 0.076883 -0.265841
v -0.078564 0.077745 -0.243776
v -0.078607 0.077748 -0.265804
v -0.079263 0.076926 -0.244362
v -0.079277 0.076929 -0.266426
v -0.079230 0.077791 -0.244329
v -0.079244 0.077794 -0.266389
v -0.078936 0.073487 -0.244113
v -0.078968 0.073506 -0.265745
v -0.078924 0.073805 -0.244101
v -0.078956 0.073824 -0.265729
v -0.079181 0.073504 -0.244316
v -0.079203 0.073523 -0.265960
v -0.079169 0.073822 -0.244304
v -0.079191 0.073841 -0.265944
v -0.078969 0.067943 -0.244176
v -0.078626 0.077030 -0.243832
v -0.078967 0.067943 -0.243407
v -0.078625 0.077030 -0.243063
v -0.079565 0.067985 -0.244671
v -0.079223 0.077072 -0.244327
v -0.079565 0.067985 -0.243901
v -0.079222 0.077072 -0.243557
v -0.078557 0.076880 -0.221771
v -0.078597 0.076883 -0.243801
v -0.078524 0.077746 -0.221739
v -0.078564 0.077748 -0.243764
v -0.079249 0.076926 -0.222291
v -0.079263 0.076929 -0.244354
v -0.079217 0.077792 -0.222258
v -0.079230 0.077794 -0.244317
v -0.078904 0.073487 -0.222065
v -0.078935 0.073506 -0.243696
v -0.078892 0.073805 -0.222053
v -0.078923 0.073824 -0.243679
v -0.079159 0.073504 -0.222256
v -0.079180 0.073523 -0.243899
v -0.079147 0.073822 -0.222243
v -0.079168 0.073841 -0.243882
v -0.078930 0.067944 -0.222137
v -0.078587 0.077031 -0.221793
v -0.078928 0.067944 -0.221368
v -0.078586 0.077031 -0.221024
v -0.079550 0.067985 -0.222602
v -0.079208 0.077072 -0.222258
v -0.079549 0.067985 -0.221832
v -0.079207 0.077072 -0.221488
v -0.078519 0.076881 -0.199736
v -0.078557 0.076883 -0.221764
v -0.078487 0.077746 -0.199703
v -0.078524 0.077749 -0.221726
v -0.079236 0.076926 -0.200220
v -0.079249 0.076929 -0.222283
v -0.079204 0.077792 -0.200188
v -0.079216 0.077794 -0.222246
v -0.078874 0.073488 -0.200018
v -0.078903 0.073506 -0.221648
v -0.078862 0.073806 -0.200006
v -0.078891 0.073824 -0.221631
v -0.079138 0.073504 -0.200196
v -0.079158 0.073523 -0.221838
v -0.079126 0.073823 -0.200184
v -0.079146 0.073841 -0.221822
v -0.078893 0.067944 -0.200100
v -0.078551 0.077031 -0.199755
v -0.078892 0.067944 -0.199331
v -0.078550 0.077031 -0.198986
v -0.079536 0.067985 -0.200534
v -0.079194 0.077072 -0.200190
v -0.079535 0.067985 -0.199764
v -0.079193 0.077072 -0.199419
v -0.078484 0.076882 -0.177702
v -0.078519 0.076884 -0.199728
v -0.078452 0.077747 -0.177669
v -0.078487 0.077749 -0.199691
v -0.079224 0.076927 -0.178151
v -0.079236 0.076929 -0.200213
v -0.079192 0.077792 -0.178118
v -0.079204 0.077795 -0.200175
v -0.078847 0.073488 -0.177973
v -0.078873 0.073507 -0.199601
v -0.078835 0.073806 -0.177961
v -0.078861 0.073825 -0.199585
v -0.079119 0.073505 -0.178138
v -0.079137 0.073523 -0.199779
v -0.079107 0.073823 -0.178126
v -0.079125 0.073841 -0.199763
v -0.078859 0.067945 -0.178064
v -0.078517 0.077032 -0.177720
v -0.078858 0.067945 -0.177295
v -0.078516 0.077032 -0.176950
v -0.079522 0.067985 -0.178466
v -0.079180 0.077072 -0.178122
v -0.079522 0.067985 -0.177696
v -0.079180 0.077072 -0.177351
v -0.078452 0.076883 -0.155669
v -0.078484 0.076885 -0.177694
v -0.078420 0.077748 -0.155637
v -0.078452 0.077750 -0.177657
v -0.079214 0.076927 -0.156081
v -0.079224 0.076929 -0.178143
v -0.079181 0.077792 -0.156049
v -0.079192 0.077795 -0.178106
v -0.078821 0.073489 -0.155929
v -0.078845 0.073507 -0.177556
v -0.078809 0.073807 -0.155917
v -0.078833 0.073825 -0.177540
v -0.079101 0.073505 -0.156081
v -0.079118 0.073524 -0.177721
v -0.079089 0.073823 -0.156068
v -0.079106 0.073842 -0.177704
v -0.078828 0.067946 -0.156030
v -0.078486 0.077033 -0.155685
v -0.078827 0.067946 -0.155261
v -0.078485 0.077033 -0.154916
v -0.079510 0.067986 -0.156399
v -0.079168 0.077073 -0.156054
v -0.079510 0.067986 -0.155629
v -0.079168 0.077073 -0.155284
v -0.078423 0.076884 -0.133639
v -0.078452 0.076886 -0.155662
v -0.078390 0.077749 -0.133606
v -0.078420 0.077751 -0.155624
v -0.079203 0.076927 -0.134013
v -0.079213 0.076930 -0.156074
v -0.079171 0.077793 -0.133980
v -0.079181 0.077795 -0.156036
v -0.078798 0.073490 -0.133887
v -0.078820 0.073508 -0.155512
v -0.078786 0.073808 -0.133874
v -0.078808 0.073826 -0.155496
v -0.079085 0.073506 -0.134024
v -0.079100 0.073524 -0.155663
v -0.079073 0.073824 -0.134012
v -0.079088 0.073842 -0.155647
v -0.078799 0.067947 -0.133998
v -0.078458 0.077034 -0.133653
v -0.078799 0.067947 -0.133229
v -0.078457 0.077034 -0.132884
v -0.079499 0.067986 -0.134333
v -0.079157 0.077073 -0.133988
v -0.079499 0.067986 -0.133563
v -0.079157 0.077073 -0.133217
v -0.078396 0.076885 -0.111609
v -0.078423 0.076887 -0.133631
v -0.078364 0.077750 -0.111576
v -0.078390 0.077752 -0.133594
v -0.079194 0.076928 -0.111944
v -0.079203 0.076930 -0.134005
v -0.079162 0.077793 -0.111911
v -0.079171 0.077796 -0.133968
v -0.078777 0.073491 -0.111845
v -0.078797 0.073509 -0.133470
v -0.078765 0.073809 -0.111833
v -0.078785 0.073827 -0.133453
v -0.079070 0.073507 -0.111968
v -0.079084 0.073525 -0.133607
v -0.079058 0.073825 -0.111956
v -0.079072 0.073843 -0.133590
v -0.078774 0.067948 -0.111967
v -0.078432 0.077035 -0.111621
v -0.078773 0.067948 -0.111198
v -0.078431 0.077035 -0.110852
v -0.079489 0.067986 -0.112267
v -0.079147 0.077073 -0.111921
v -0.079488 0.067986 -0.111497
v -0.079147 0.077073 -0.111151
v -0.078373 0.076886 -0.089581
v -0.078396 0.076888 -0.111601
v -0.078340 0.077752 -0.089548
v -0.078364 0.077753 -0.111564
v -0.079186 0.076928 -0.089877
v -0.079194 0.076931 -0.111937
v -0.079154 0.077794 -0.089844
v -0.079162 0.077796 -0.111899
v -0.078758 0.073492 -0.089804
v -0.078776 0.073510 -0.111428
v -0.078746 0.073810 -0.089792
v -0.078764 0.073828 -0.111412
v -0.079057 0.073507 -0.089913
v -0.079069 0.073525 -0.111551
v -0.079045 0.073826 -0.089901
v -0.079057 0.073844 -0.111535
v -0.078751 0.067950 -0.089937
v -0.078409 0.077037 -0.089591
v -0.078750 0.067950 -0.089168
v -0.078409 0.077037 -0.088822
v -0.079480 0.067987 -0.090202
v -0.079138 0.077074 -0.089856
v -0.079479 0.067987 -0.089432
v -0.079138 0.077074 -0.089085
v -0.078352 0.076888 -0.067554
v -0.078372 0.076889 -0.089573
v -0.078319 0.077753 -0.067521
v -0.078340 0.077755 -0.089536
v -0.079179 0.076929 -0.067809
v -0.079186 0.076931 -0.089869
v -0.079147 0.077794 -0.067776
v -0.079154 0.077796 -0.089831
v -0.078741 0.073493 -0.067765
v -0.078757 0.073511 -0.089388
v -0.078729 0.073811 -0.067752
v -0.078745 0.073829 -0.089371
v -0.079046 0.073508 -0.067858
v -0.079056 0.073526 -0.089496
v -0.079034 0.073826 -0.067846
v -0.079044 0.073844 -0.089479
v -0.078731 0.067951 -0.067908
v -0.078389 0.077038 -0.067562
v -0.078730 0.067951 -0.067139
v -0.078389 0.077038 -0.066793
v -0.079472 0.067988 -0.068137
v -0.079131 0.077075 -0.067790
v -0.079471 0.067988 -0.067367
v -0.079130 0.077075 -0.067020
v -0.078334 0.076890 -0.045528
v -0.078352 0.076891 -0.067546
v -0.078302 0.077755 -0.045495
v -0.078319 0.077756 -0.067509
v -0.079173 0.076929 -0.045742
v -0.079179 0.076932 -0.067801
v -0.079141 0.077795 -0.045709
v -0.079147 0.077797 -0.067764
v -0.078727 0.073495 -0.045726
v -0.078740 0.073512 -0.067348
v -0.078715 0.073813 -0.045714
v -0.078728 0.073830 -0.067331
v -0.079036 0.073509 -0.045804
v -0.079045 0.073527 -0.067441
v -0.079024 0.073827 -0.045792
v -0.079033 0.073845 -0.067425
v -0.078713 0.067953 -0.045880
v -0.078372 0.077040 -0.045533
v -0.078713 0.067953 -0.045111
v -0.078372 0.077040 -0.044764
v -0.079465 0.067988 -0.046072
v -0.079124 0.077075 -0.045725
v -0.079465 0.067988 -0.045302
v -0.079124 0.077075 -0.044955
v -0.078320 0.076891 -0.023502
v -0.078334 0.076893 -0.045520
v -0.078287 0.077757 -0.023469
v -0.078302 0.077758 -0.045483
v -0.079168 0.076930 -0.023675
v -0.079173 0.076932 -0.045734
v -0.079136 0.077795 -0.023642
v -0.079141 0.077798 -0.045697
v -0.078716 0.073496 -0.023687
v -0.078726 0.073513 -0.045309
v -0.078704 0.073814 -0.023675
v -0.078714 0.073832 -0.045292
v -0.079028 0.073510 -0.023751
v -0.079035 0.073528 -0.045387
v -0.079016 0.073828 -0.023739
v -0.079023 0.073846 -0.045371
v -0.078699 0.067954 -0.023853
v -0.078358 0.077041 -0.023506
v -0.078699 0.067955 -0.023084
v -0.078358 0.077042 -0.022737
v -0.079459 0.067989 -0.024008
v -0.079118 0.077076 -0.023660
v -0.079459 0.067989 -0.023238
v -0.079118 0.077076 -0.022890
v -0.078308 0.076893 -0.001478
v -0.078320 0.076894 -0.023495
v -0.078276 0.077759 -0.001445
v -0.078287 0.077760 -0.023457
v -0.079164 0.076930 -0.001609
v -0.079168 0.076933 -0.023667
v -0.079132 0.077796 -0.001575
v -0.079135 0.077798 -0.023630
v -0.078707 0.073498 -0.001649
v -0.078715 0.073515 -0.023271
v -0.078695 0.073816 -0.001637
v -0.078703 0.073833 -0.023254
v -0.079021 0.073511 -0.001698
v -0.079027 0.073529 -0.023334
v -0.079009 0.073829 -0.001685
v -0.079015 0.073847 -0.023317
v -0.078688 0.067956 -0.001827
v -0.078347 0.077043 -0.001479
v -0.078688 0.067956 -0.001058
v -0.078347 0.077043 -0.000710
v -0.079455 0.067990 -0.001944
v -0.079114 0.077077 -0.001596
v -0.079455 0.067990 -0.001174
v -0.079114 0.077077 -0.000826
v -0.078300 0.076896 0.020547
v -0.078308 0.076896 -0.001470
v -0.078267 0.077761 0.020580
v -0.078276 0.077762 -0.001432
v -0.079161 0.076931 0.020458
v -0.079164 0.076933 -0.001601
v -0.079129 0.077797 0.020491
v -0.079132 0.077799 -0.001563
v -0.078700 0.073499 0.020388
v -0.078706 0.073517 -0.001233
v -0.078688 0.073817 0.020400
v -0.078694 0.073835 -0.001216
v -0.079017 0.073512 0.020355
v -0.079020 0.073530 -0.001280
v -0.079005 0.073831 0.020368
v -0.079009 0.073848 -0.001264
v -0.078680 0.067959 0.020200
v -0.078339 0.077045 0.020548
v -0.078680 0.067959 0.020968
v -0.078339 0.077046 0.021316
v -0.079452 0.067990 0.020120
v -0.079111 0.077077 0.020468
v -0.079452 0.067991 0.020890
v -0.079111 0.077077 0.021238
v -0.078295 0.076898 0.042571
v -0.078300 0.076898 0.020555
v -0.078262 0.077763 0.042604
v -0.078267 0.077764 0.020592
v -0.079159 0.076932 0.042524
v -0.079161 0.076934 0.020466
v -0.079127 0.077797 0.042558
v -0.079129 0.077800 0.020503
v -0.078696 0.073501 0.042425
v -0.078699 0.073518 0.020805
v -0.078684 0.073819 0.042438
v -0.078687 0.073836 0.020821
v -0.079014 0.073514 0.042408
v -0.079016 0.073531 0.020772
v -0.079002 0.073832 0.042421
v -0.079004 0.073849 0.020789
v -0.078675 0.067961 0.042225
v -0.078334 0.077048 0.042574
v -0.078675 0.067961 0.042994
v -0.078334 0.077048 0.043343
v -0.079450 0.067991 0.042184
v -0.079109 0.077078 0.042533
v -0.079450 0.067991 0.042954
v -0.079109 0.077078 0.043303
v -0.078292 0.076900 0.064594
v -0.078294 0.076901 0.042578
v -0.078260 0.077766 0.064628
v -0.078262 0.077766 0.042616
v -0.079159 0.076933 0.064591
v -0.079159 0.076935 0.042532
v -0.079126 0.077798 0.064624
v -0.079127 0.077800 0.042570
v -0.078694 0.073503 0.064462
v -0.078695 0.073520 0.042842
v -0.078682 0.073821 0.064475
v -0.078683 0.073838 0.042859
v -0.079012 0.073515 0.064461
v -0.079013 0.073533 0.042825
v -0.079001 0.073833 0.064473
v -0.079001 0.073851 0.042842
v -0.078673 0.067963 0.064251
v -0.078332 0.077050 0.064600
v -0.078673 0.067963 0.065020
v -0.078332 0.077050 0.065369
v -0.079449 0.067992 0.064248
v -0.079108 0.077079 0.064597
v -0.079449 0.067992 0.065018
v -0.079108 0.077079 0.065367
v -0.078121 0.075561 0.086674
v -0.078292 0.076903 0.064602
v -0.078088 0.076426 0.086714
v -0.078260 0.077769 0.064640
v -0.078987 0.075593 0.086686
v -0.079158 0.076936 0.064599
v -0.078954 0.076458 0.086726
v -0.079126 0.077801 0.064636
v -0.078522 0.072164 0.086520
v -0.078693 0.073522 0.064879
v -0.078510 0.072482 0.086535
v -0.078681 0.073840 0.064896
v -0.078841 0.072176 0.086524
v -0.079012 0.073534 0.064878
v -0.078829 0.072494 0.086539
v -0.079000 0.073852 0.064895
v -0.078501 0.066627 0.086260
v -0.078160 0.075710 0.086682
v -0.078494 0.066567 0.087028
v -0.078152 0.075651 0.087453
v -0.079277 0.066655 0.086270
v -0.078936 0.075739 0.086692
v -0.079270 0.066596 0.087039
v -0.078928 0.075679 0.087464
v -0.077901 0.073854 0.108769
v -0.078120 0.075563 0.086682
v -0.077868 0.074719 0.108818
v -0.078088 0.076428 0.086727
v -0.078767 0.073886 0.108789
v -0.078986 0.075595 0.086694
v -0.078734 0.074751 0.108838
v -0.078954 0.076460 0.086738
v -0.078303 0.070460 0.108583
v -0.078518 0.072151 0.086937
v -0.078291 0.070778 0.108601
v -0.078506 0.072469 0.086956
v -0.078622 0.070471 0.108590
v -0.078836 0.072163 0.086941
v -0.078610 0.070789 0.108608
v -0.078824 0.072481 0.086961
v -0.078283 0.064925 0.108265
v -0.077941 0.074004 0.108779
v -0.078276 0.064866 0.109033
v -0.077933 0.073944 0.109550
v -0.079059 0.064953 0.108282
v -0.078716 0.074032 0.108796
v -0.079052 0.064894 0.109050
v -0.078709 0.073973 0.109568
v -0.077681 0.072147 0.130865
v -0.077901 0.073857 0.108777
v -0.077648 0.073011 0.130923
v -0.077868 0.074721 0.108831
v -0.078547 0.072178 0.130892
v -0.078767 0.073888 0.108797
v -0.078514 0.073042 0.130950
v -0.078734 0.074753 0.108850
v -0.078084 0.068755 0.130646
v -0.078299 0.070447 0.109000
v -0.078072 0.069072 0.130667
v -0.078287 0.070764 0.109023
v -0.078403 0.068766 0.130656
v -0.078617 0.070458 0.109007
v -0.078390 0.069084 0.130677
v -0.078605 0.070776 0.109030
v -0.078066 0.063224 0.130269
v -0.077721 0.072297 0.130876
v -0.078058 0.063164 0.131037
v -0.077713 0.072237 0.131647
v -0.078841 0.063251 0.130293
v -0.078496 0.072325 0.130900
v -0.078834 0.063192 0.131062
v -0.078488 0.072265 0.131672
v -0.077323 0.070441 0.152932
v -0.077681 0.072150 0.130873
v -0.077290 0.071305 0.152997
v -0.077648 0.073013 0.130935
v -0.078188 0.070471 0.152973
v -0.078547 0.072181 0.130900
v -0.078155 0.071335 0.153039
v -0.078514 0.073045 0.130962
v -0.077727 0.067051 0.152688
v -0.078079 0.068741 0.131063
v -0.077715 0.067368 0.152712
v -0.078067 0.069059 0.131089
v -0.078045 0.067062 0.152703
v -0.078398 0.068753 0.131073
v -0.078033 0.067379 0.152727
v -0.078386 0.069070 0.131099
v -0.077710 0.061523 0.152260
v -0.077362 0.070591 0.152945
v -0.077662 0.061464 0.153024
v -0.077314 0.070532 0.153709
v -0.078485 0.061550 0.152297
v -0.078137 0.070618 0.152983
v -0.078437 0.061491 0.153063
v -0.078089 0.070558 0.153748
v -0.075554 0.068753 0.174755
v -0.077322 0.070444 0.152940
v -0.075521 0.069617 0.174818
v -0.077289 0.071307 0.153010
v -0.076414 0.068778 0.174858
v -0.078187 0.070474 0.152981
v -0.076382 0.069642 0.174921
v -0.078154 0.071337 0.153051
v -0.075956 0.065360 0.174539
v -0.077700 0.067038 0.153103
v -0.075944 0.065677 0.174563
v -0.077687 0.067355 0.153131
v -0.076272 0.065369 0.174577
v -0.078018 0.067049 0.153118
v -0.076260 0.065687 0.174601
v -0.078006 0.067366 0.153147
v -0.075939 0.059833 0.174110
v -0.075593 0.068902 0.174771
v -0.075834 0.059774 0.174868
v -0.075488 0.068843 0.175528
v -0.076710 0.059855 0.174202
v -0.076364 0.068925 0.174864
v -0.076604 0.059796 0.174963
v -0.076259 0.068866 0.175623
v -0.072137 0.067076 0.196410
v -0.075553 0.068755 0.174762
v -0.072105 0.067940 0.196471
v -0.075520 0.069619 0.174830
v -0.072991 0.067097 0.196561
v -0.076413 0.068780 0.174866
v -0.072958 0.067961 0.196622
v -0.076380 0.069644 0.174933
v -0.072536 0.063681 0.196218
v -0.075898 0.065347 0.174951
v -0.072524 0.063999 0.196240
v -0.075886 0.065664 0.174978
v -0.072849 0.063689 0.196274
v -0.076214 0.065356 0.174989
v -0.072837 0.064006 0.196296
v -0.076202 0.065673 0.175017
v -0.072519 0.058154 0.195789
v -0.072176 0.067225 0.196429
v -0.072374 0.058095 0.196542
v -0.072031 0.067166 0.197182
v -0.073283 0.058173 0.195924
v -0.072941 0.067244 0.196564
v -0.073138 0.058114 0.196679
v -0.072795 0.067185 0.197318
v -0.067982 0.065404 0.217987
v -0.072136 0.067078 0.196418
v -0.067950 0.066268 0.218047
v -0.072102 0.067942 0.196483
v -0.068831 0.065424 0.218161
v -0.072989 0.067100 0.196569
v -0.068798 0.066288 0.218221
v -0.072956 0.067963 0.196635
v -0.068377 0.062008 0.217809
v -0.072456 0.063668 0.196627
v -0.068366 0.062326 0.217830
v -0.072444 0.063985 0.196654
v -0.068689 0.062015 0.217873
v -0.072770 0.063676 0.196683
v -0.068678 0.062333 0.217894
v -0.072757 0.063993 0.196709
v -0.068360 0.056480 0.217383
v -0.068020 0.065553 0.218006
v -0.068215 0.056422 0.218137
v -0.067875 0.065494 0.218760
v -0.069120 0.056498 0.217539
v -0.068781 0.065570 0.218162
v -0.068975 0.056440 0.218294
v -0.068636 0.065512 0.218916
v -0.063637 0.063748 0.239497
v -0.067980 0.065406 0.217995
v -0.063605 0.064612 0.239555
v -0.067947 0.066270 0.218059
v -0.064478 0.063765 0.239706
v -0.068829 0.065426 0.218169
v -0.064446 0.064629 0.239763
v -0.068796 0.066290 0.218233
v -0.064028 0.060351 0.239338
v -0.068298 0.061995 0.218217
v -0.064017 0.060669 0.239359
v -0.068286 0.062313 0.218243
v -0.064338 0.060357 0.239415
v -0.068610 0.062003 0.218282
v -0.064326 0.060675 0.239436
v -0.068598 0.062320 0.218308
v -0.074184 0.066298 0.084050
v -0.072278 0.066237 0.084836
v -0.071489 0.066090 0.086736
v -0.072278 0.065943 0.088636
v -0.074184 0.065882 0.089423
v -0.076089 0.065943 0.088636
v -0.076878 0.066090 0.086736
v -0.076089 0.066237 0.084836
v -0.074184 0.070115 0.085121
v -0.074184 0.069462 0.084295
v -0.072825 0.070072 0.085682
v -0.072278 0.069401 0.085082
v -0.072262 0.069967 0.087037
v -0.071489 0.069254 0.086981
v -0.072825 0.069862 0.088391
v -0.072278 0.069107 0.088881
v -0.074184 0.069818 0.088952
v -0.074184 0.069046 0.089668
v -0.075542 0.069862 0.088391
v -0.076089 0.069107 0.088881
v -0.076105 0.069967 0.087037
v -0.076878 0.069254 0.086981
v -0.075542 0.070072 0.085682
v -0.076089 0.069401 0.085082
v -0.018679 0.055712 0.218151
v -0.016226 0.055633 0.219164
v -0.015210 0.055444 0.221610
v -0.016226 0.055254 0.224055
v -0.018679 0.055176 0.225068
v -0.021131 0.055254 0.224055
v -0.022147 0.055444 0.221610
v -0.021131 0.055633 0.219164
v -0.018679 0.060625 0.219531
v -0.018679 0.059785 0.218467
v -0.016930 0.060569 0.220253
v -0.016226 0.059707 0.219480
v -0.016206 0.060434 0.221996
v -0.015210 0.059517 0.221925
v -0.016930 0.060299 0.223740
v -0.016226 0.059328 0.224371
v -0.018679 0.060243 0.224462
v -0.018679 0.059249 0.225384
v -0.020427 0.060299 0.223740
v -0.021131 0.059328 0.224371
v -0.021152 0.060434 0.221996
v -0.022147 0.059517 0.221925
v -0.020427 0.060569 0.220253
v -0.021131 0.059707 0.219480
v -0.000089 0.054889 0.228774
v 0.002364 0.054810 0.229787
v 0.003380 0.054621 0.232232
v 0.002364 0.054431 0.234678
v -0.000089 0.054353 0.235691
v -0.002542 0.054431 0.234678
v -0.003558 0.054621 0.232232
v -0.002542 0.054810 0.229787
v -0.000089 0.059802 0.230154
v -0.000089 0.058962 0.229090
v 0.001660 0.059746 0.230876
v 0.002364 0.058884 0.230103
v 0.002384 0.059611 0.232619
v 0.003380 0.058694 0.232548
v 0.001660 0.059476 0.234363
v 0.002364 0.058505 0.234994
v -0.000089 0.059420 0.235085
v -0.000089 0.058426 0.236006
v -0.001837 0.059476 0.234363
v -0.002542 0.058505 0.234994
v -0.002562 0.059611 0.232619
v -0.003558 0.058694 0.232548
v -0.001837 0.059746 0.230876
v -0.002542 0.058884 0.230103
v 0.011921 0.056063 0.215376
v 0.013992 0.055997 0.216231
v 0.014849 0.055837 0.218296
v 0.013992 0.055677 0.220360
v 0.011921 0.055611 0.221215
v 0.009850 0.055677 0.220360
v 0.008992 0.055837 0.218296
v 0.009850 0.055997 0.216231
v 0.011921 0.060212 0.216541
v 0.011921 0.059502 0.215642
v 0.013397 0.060164 0.217150
v 0.013992 0.059436 0.216498
v 0.014009 0.060050 0.218622
v 0.014849 0.059276 0.218562
v 0.013397 0.059936 0.220094
v 0.013992 0.059116 0.220627
v 0.011921 0.059889 0.220704
v 0.011921 0.059050 0.221482
v 0.010444 0.059936 0.220094
v 0.009850 0.059116 0.220627
v 0.009833 0.060050 0.218622
v 0.008992 0.059276 0.218562
v 0.010444 0.060164 0.217150
v 0.009850 0.059436 0.216498
v -0.035975 0.061720 0.143138
v -0.034070 0.061659 0.143925
v -0.033280 0.061511 0.145825
v -0.034070 0.061364 0.147725
v -0.035975 0.061303 0.148511
v -0.037881 0.061364 0.147725
v -0.038670 0.061511 0.145825
v -0.037881 0.061659 0.143925
v -0.035975 0.065537 0.144210
v -0.035975 0.064884 0.143383
v -0.034617 0.065493 0.144771
v -0.034070 0.064823 0.144170
v -0.034054 0.065388 0.146125
v -0.033280 0.064676 0.146070
v -0.034617 0.065283 0.147480
v -0.034070 0.064529 0.147970
v -0.035975 0.065240 0.148041
v -0.035975 0.064468 0.148757
v -0.037334 0.065283 0.147480
v -0.037881 0.064529 0.147970
v -0.037896 0.065388 0.146125
v -0.038670 0.064676 0.146070
v -0.037334 0.065493 0.144771
v -0.037881 0.064823 0.144170
v -0.032521 0.061241 0.149313
v -0.030616 0.061180 0.150100
v -0.029827 0.061033 0.151999
v -0.030616 0.060886 0.153899
v -0.032521 0.060825 0.154686
v -0.034427 0.060886 0.153899
v -0.035216 0.061033 0.151999
v -0.034427 0.061180 0.150100
v -0.032521 0.065058 0.150384
v -0.032521 0.064405 0.149558
v -0.031163 0.065015 0.150945
v -0.030616 0.064345 0.150345
v -0.030600 0.064910 0.152300
v -0.029827 0.064197 0.152245
v -0.031163 0.064805 0.153654
v -0.030616 0.064050 0.154144
v -0.032521 0.064761 0.154215
v -0.032521 0.063989 0.154931
v -0.033880 0.064805 0.153654
v -0.034427 0.064050 0.154144
v -0.034442 0.064910 0.152300
v -0.035216 0.064197 0.152245
v -0.033880 0.065015 0.150945
v -0.034427 0.064345 0.150345
v 0.074906 0.066298 0.084050
v 0.076811 0.066237 0.084836
v 0.077600 0.066090 0.086736
v 0.076811 0.065943 0.088636
v 0.074906 0.065882 0.089423
v 0.073000 0.065943 0.088636
v 0.072211 0.066090 0.086736
v 0.073000 0.066237 0.084836
v 0.074906 0.070115 0.085121
v 0.074906 0.069462 0.084295
v 0.076264 0.070072 0.085682
v 0.076811 0.069401 0.085082
v 0.076827 0.069967 0.087037
v 0.077600 0.069254 0.086981
v 0.076264 0.069862 0.088391
v 0.076811 0.069107 0.088881
v 0.074906 0.069818 0.088952
v 0.074906 0.069046 0.089668
v 0.073547 0.069862 0.088391
v 0.073000 0.069107 0.088881
v 0.072984 0.069967 0.087037
v 0.072211 0.069254 0.086981
v 0.073547 0.070072 0.085682
v 0.073000 0.069401 0.085082
v -0.022097 0.109851 -0.049777
v -0.022097 0.119851 -0.049777
v -0.021359 0.109851 -0.049664
v -0.021359 0.119851 -0.049664
v -0.022210 0.109851 -0.049038
v -0.022210 0.119851 -0.049038
v -0.021472 0.109851 -0.048927
v -0.021472 0.119851 -0.048927
v -0.023844 0.109851 -0.031494
v -0.023844 0.119851 -0.031494
v -0.023099 0.109851 -0.031458
v -0.023099 0.119851 -0.031458
v -0.023844 0.109851 -0.030747
v -0.023844 0.119851 -0.030747
v -0.023099 0.109851 -0.030713
v -0.023099 0.119851 -0.030713
v -0.023843 0.109851 -0.013067
v -0.023843 0.119851 -0.013067
v -0.023100 0.109851 -0.013132
v -0.023100 0.119851 -0.013132
v -0.023843 0.109851 -0.012317
v -0.023843 0.119851 -0.012317
v -0.023100 0.109851 -0.012389
v -0.023100 0.119851 -0.012389
v -0.023824 0.109851 0.005399
v -0.023824 0.119851 0.005399
v -0.023119 0.109851 0.005156
v -0.023119 0.119851 0.005156
v -0.023823 0.109851 0.006149
v -0.023823 0.119851 0.006149
v -0.023120 0.109851 0.005899
v -0.023120 0.119851 0.005899
v -0.018741 0.109851 0.021316
v -0.018741 0.119851 0.021316
v -0.018001 0.109851 0.021406
v -0.018001 0.119851 0.021406
v -0.018736 0.109851 0.022031
v -0.018736 0.119851 0.022031
v -0.018006 0.109851 0.022184
v -0.018006 0.119851 0.022184
v -0.026630 0.109851 0.035915
v -0.026630 0.119851 0.035915
v -0.025884 0.109851 0.035945
v -0.025884 0.119851 0.035945
v -0.026630 0.109851 0.036669
v -0.026630 0.119851 0.036669
v -0.025884 0.109851 0.036684
v -0.025884 0.119851 0.036684
v -0.017820 0.109851 0.050402
v -0.017820 0.119851 0.050402
v -0.017481 0.109851 0.049738
v -0.017481 0.119851 0.049738
v -0.017170 0.109851 0.050784
v -0.017170 0.119851 0.050784
v -0.016844 0.109851 0.050113
v -0.016844 0.119851 0.050113
v 0.000135 0.109851 0.053938
v 0.000135 0.119851 0.053938
v 0.000133 0.109851 0.053192
v 0.000133 0.119851 0.053192
v 0.000885 0.109851 0.053938
v 0.000885 0.119851 0.053938
v 0.000876 0.109851 0.053192
v 0.000876 0.119851 0.053192
v 0.018054 0.109851 0.050265
v 0.018054 0.119851 0.050265
v 0.017709 0.109851 0.049603
v 0.017709 0.119851 0.049603
v 0.018704 0.109851 0.049883
v 0.018704 0.119851 0.049883
v 0.018346 0.109851 0.049229
v 0.018346 0.119851 0.049229
v 0.026630 0.109851 0.035644
v 0.026630 0.119851 0.035644
v 0.025884 0.109851 0.035679
v 0.025884 0.119851 0.035679
v 0.026630 0.109851 0.034891
v 0.026630 0.119851 0.034891
v 0.025885 0.109851 0.034940
v 0.025885 0.119851 0.034940
v 0.018743 0.109851 0.021059
v 0.018743 0.119851 0.021059
v 0.017999 0.109851 0.021127
v 0.017999 0.119851 0.021127
v 0.018744 0.109851 0.020344
v 0.018744 0.119851 0.020344
v 0.017998 0.109851 0.020349
v 0.017998 0.119851 0.020349
v 0.023825 0.109851 0.005130
v 0.023825 0.119851 0.005130
v 0.023118 0.109851 0.004889
v 0.023118 0.119851 0.004889
v 0.023826 0.109851 0.004380
v 0.023826 0.119851 0.004380
v 0.023117 0.109851 0.004146
v 0.023117 0.119851 0.004146
v 0.023844 0.109851 -0.013336
v 0.023844 0.119851 -0.013336
v 0.023100 0.109851 -0.013399
v 0.023100 0.119851 -0.013399
v 0.023844 0.109851 -0.014086
v 0.023844 0.119851 -0.014086
v 0.023100 0.109851 -0.014141
v 0.023100 0.119851 -0.014141
v 0.023844 0.109851 -0.031763
v 0.023844 0.119851 -0.031763
v 0.023099 0.109851 -0.031726
v 0.023099 0.119851 -0.031726
v 0.023844 0.109851 -0.032510
v 0.023844 0.119851 -0.032510
v 0.023099 0.109851 -0.032471
v 0.023099 0.119851 -0.032471
v 0.022056 0.109851 -0.050042
v 0.022056 0.119851 -0.050042
v 0.021318 0.109851 -0.049929
v 0.021318 0.119851 -0.049929
v 0.021943 0.109851 -0.050780
v 0.021943 0.119851 -0.050780
v 0.021206 0.109851 -0.050667
v 0.021206 0.119851 -0.050667
v -0.021076 0.120320 -0.051641
v -0.021433 0.119957 -0.051705
v -0.021076 0.119593 -0.051641
v -0.020718 0.119957 -0.051576
v -0.023472 0.120320 -0.038333
v -0.023834 0.119957 -0.038365
v -0.023472 0.119593 -0.038333
v -0.023110 0.119957 -0.038300
v -0.023472 0.120320 -0.019677
v -0.023835 0.119957 -0.019677
v -0.023472 0.119593 -0.019677
v -0.023108 0.119957 -0.019677
v -0.023472 0.120320 0.012076
v -0.023803 0.119957 0.012225
v -0.023472 0.119593 0.012076
v -0.023140 0.119957 0.011927
v -0.018371 0.120320 0.016601
v -0.018702 0.119957 0.016750
v -0.018371 0.119593 0.016601
v -0.018039 0.119957 0.016452
v -0.018371 0.120320 0.024611
v -0.018691 0.119957 0.024439
v -0.018371 0.119593 0.024611
v -0.018051 0.119957 0.024783
v -0.024370 0.120320 0.028575
v -0.024609 0.119957 0.028301
v -0.024370 0.119593 0.028575
v -0.024131 0.119957 0.028849
v -0.025704 0.120320 0.030094
v -0.026023 0.119957 0.029920
v -0.025704 0.119593 0.030094
v -0.025386 0.119957 0.030269
v -0.026257 0.120320 0.032001
v -0.026617 0.119957 0.031949
v -0.026257 0.119593 0.032001
v -0.025897 0.119957 0.032052
v -0.026257 0.120320 0.042291
v -0.026618 0.119957 0.042336
v -0.026257 0.119593 0.042291
v -0.025896 0.119957 0.042246
v -0.025847 0.120320 0.043917
v -0.026174 0.119957 0.044074
v -0.025847 0.119593 0.043917
v -0.025519 0.119957 0.043759
v -0.024855 0.120320 0.045221
v -0.025113 0.119957 0.045477
v -0.024855 0.119593 0.045221
v -0.024597 0.119957 0.044964
v -0.021434 0.120320 0.047846
v -0.021637 0.119957 0.048148
v -0.021434 0.119593 0.047846
v -0.021231 0.119957 0.047545
v -0.016569 0.120320 0.050706
v -0.016723 0.119957 0.051035
v -0.016569 0.119593 0.050706
v -0.016415 0.119957 0.050376
v -0.010730 0.120320 0.052799
v -0.010818 0.119957 0.053152
v -0.010730 0.119593 0.052799
v -0.010642 0.119957 0.052446
v -0.005482 0.120320 0.053565
v -0.005508 0.119957 0.053928
v -0.005482 0.119593 0.053565
v -0.005456 0.119957 0.053202
v 0.000000 0.120320 0.053565
v 0.000000 0.119957 0.053929
v 0.000000 0.119593 0.053565
v 0.000000 0.119957 0.053201
v 0.005482 0.120320 0.053565
v 0.005508 0.119957 0.053928
v 0.005482 0.119593 0.053565
v 0.005456 0.119957 0.053202
v 0.010730 0.120320 0.052799
v 0.010818 0.119957 0.053152
v 0.010730 0.119593 0.052799
v 0.010642 0.119957 0.052446
v 0.016569 0.120320 0.050706
v 0.016723 0.119957 0.051035
v 0.016569 0.119593 0.050706
v 0.016415 0.119957 0.050376
v 0.021434 0.120320 0.047846
v 0.021637 0.119957 0.048148
v 0.021434 0.119593 0.047846
v 0.021231 0.119957 0.047545
v 0.024855 0.120320 0.045221
v 0.025113 0.119957 0.045477
v 0.024855 0.119593 0.045221
v 0.024597 0.119957 0.044964
v 0.025847 0.120320 0.043917
v 0.026174 0.119957 0.044074
v 0.025847 0.119593 0.043917
v 0.025519 0.119957 0.043759
v 0.026257 0.120320 0.042291
v 0.026618 0.119957 0.042336
v 0.026257 0.119593 0.042291
v 0.025896 0.119957 0.042246
v 0.026257 0.120320 0.032001
v 0.026617 0.119957 0.031949
v 0.026257 0.119593 0.032001
v 0.025897 0.119957 0.032052
v 0.025704 0.120320 0.030094
v 0.026023 0.119957 0.029920
v 0.025704 0.119593 0.030094
v 0.025386 0.119957 0.030269
v 0.024370 0.120320 0.028575
v 0.024609 0.119957 0.028301
v 0.024370 0.119593 0.028575
v 0.024131 0.119957 0.028849
v 0.018371 0.120320 0.024611
v 0.018691 0.119957 0.024439
v 0.018371 0.119593 0.024611
v 0.018051 0.119957 0.024783
v 0.018371 0.120320 0.016601
v 0.018702 0.119957 0.016750
v 0.018371 0.119593 0.016601
v 0.018039 0.119957 0.016452
v 0.023472 0.120320 0.012076
v 0.023803 0.119957 0.012225
v 0.023472 0.119593 0.012076
v 0.023140 0.119957 0.011927
v 0.023472 0.120320 -0.019677
v 0.023835 0.119957 -0.019677
v 0.023472 0.119593 -0.019677
v 0.023108 0.119957 -0.019677
v 0.023472 0.120320 -0.038333
v 0.023834 0.119957 -0.038365
v 0.023472 0.119593 -0.038333
v 0.023110 0.119957 -0.038300
v 0.021076 0.120320 -0.051641
v 0.021433 0.119957 -0.051705
v 0.021076 0.119593 -0.051641
v 0.020718 0.119957 -0.051576
v -0.021076 0.115516 -0.051641
v -0.021296 0.115292 -0.051681
v -0.021076 0.115068 -0.051641
v -0.020855 0.115292 -0.051601
v -0.023472 0.115516 -0.038333
v -0.023695 0.115292 -0.038353
v -0.023472 0.115068 -0.038333
v -0.023249 0.115292 -0.038313
v -0.023472 0.115516 -0.019677
v -0.023695 0.115292 -0.019677
v -0.023472 0.115068 -0.019677
v -0.023248 0.115292 -0.019677
v -0.023472 0.115516 0.012076
v -0.023676 0.115292 0.012167
v -0.023472 0.115068 0.012076
v -0.023268 0.115292 0.011984
v -0.018371 0.115516 0.016601
v -0.018575 0.115292 0.016693
v -0.018371 0.115068 0.016601
v -0.018167 0.115292 0.016509
v -0.018371 0.115516 0.024611
v -0.018568 0.115292 0.024505
v -0.018371 0.115068 0.024611
v -0.018174 0.115292 0.024717
v -0.024370 0.115516 0.028575
v -0.024517 0.115292 0.028406
v -0.024370 0.115068 0.028575
v -0.024223 0.115292 0.028743
v -0.025704 0.115516 0.030094
v -0.025901 0.115292 0.029987
v -0.025704 0.115068 0.030094
v -0.025508 0.115292 0.030202
v -0.026257 0.115516 0.032001
v -0.026479 0.115292 0.031969
v -0.026257 0.115068 0.032001
v -0.026036 0.115292 0.032032
v -0.026257 0.115516 0.042291
v -0.026479 0.115292 0.042318
v -0.026257 0.115068 0.042291
v -0.026035 0.115292 0.042263
v -0.025847 0.115516 0.043917
v -0.026048 0.115292 0.044014
v -0.025847 0.115068 0.043917
v -0.025645 0.115292 0.043820
v -0.024855 0.115516 0.045221
v -0.025014 0.115292 0.045378
v -0.024855 0.115068 0.045221
v -0.024697 0.115292 0.045063
v -0.021434 0.115516 0.047846
v -0.021559 0.115292 0.048032
v -0.021434 0.115068 0.047846
v -0.021309 0.115292 0.047661
v -0.016569 0.115516 0.050706
v -0.016664 0.115292 0.050908
v -0.016569 0.115068 0.050706
v -0.016474 0.115292 0.050503
v -0.010730 0.115516 0.052799
v -0.010785 0.115292 0.053016
v -0.010730 0.115068 0.052799
v -0.010676 0.115292 0.052582
v -0.005482 0.115516 0.053565
v -0.005498 0.115292 0.053788
v -0.005482 0.115068 0.053565
v -0.005466 0.115292 0.053342
v 0.000000 0.115516 0.053565
v 0.000000 0.115292 0.053789
v 0.000000 0.115068 0.053565
v 0.000000 0.115292 0.053341
v 0.005482 0.115516 0.053565
v 0.005498 0.115292 0.053788
v 0.005482 0.115068 0.053565
v 0.005466 0.115292 0.053342
v 0.010730 0.115516 0.052799
v 0.010785 0.115292 0.053016
v 0.010730 0.115068 0.052799
v 0.010676 0.115292 0.052582
v 0.016569 0.115516 0.050706
v 0.016664 0.115292 0.050908
v 0.016569 0.115068 0.050706
v 0.016474 0.115292 0.050503
v 0.021434 0.115516 0.047846
v 0.021559 0.115292 0.048032
v 0.021434 0.115068 0.047846
v 0.021309 0.115292 0.047661
v 0.024855 0.115516 0.045221
v 0.025014 0.115292 0.045378
v 0.024855 0.115068 0.045221
v 0.024697 0.115292 0.045063
v 0.025847 0.115516 0.043917
v 0.026048 0.115292 0.044014
v 0.025847 0.115068 0.043917
v 0.025645 0.115292 0.043820
v 0.026257 0.115516 0.042291
v 0.026479 0.115292 0.042318
v 0.026257 0.115068 0.042291
v 0.026035 0.115292 0.042263
v 0.026257 0.115516 0.032001
v 0.026479 0.115292 0.031969
v 0.026257 0.115068 0.032001
v 0.026036 0.115292 0.032032
v 0.025704 0.115516 0.030094
v 0.025901 0.115292 0.029987
v 0.025704 0.115068 0.030094
v 0.025508 0.115292 0.030202
v 0.024370 0.115516 0.028575
v 0.024517 0.115292 0.028406
v 0.024370 0.115068 0.028575
v 0.024223 0.115292 0.028743
v 0.018371 0.115516 0.024611
v 0.018568 0.115292 0.024505
v 0.018371 0.115068 0.024611
v 0.018174 0.115292 0.024717
v 0.018371 0.115516 0.016601
v 0.018575 0.115292 0.016693
v 0.018371 0.115068 0.016601
v 0.018167 0.115292 0.016509
v 0.023472 0.115516 0.012076
v 0.023676 0.115292 0.012167
v 0.023472 0.115068 0.012076
v 0.023268 0.115292 0.011984
v 0.023472 0.115516 -0.019677
v 0.023695 0.115292 -0.019677
v 0.023472 0.115068 -0.019677
v 0.023248 0.115292 -0.019677
v 0.023472 0.115516 -0.038333
v 0.023695 0.115292 -0.038353
v 0.023472 0.115068 -0.038333
v 0.023249 0.115292 -0.038313
v 0.021076 0.115516 -0.051641
v 0.021296 0.115292 -0.051681
v 0.021076 0.115068 -0.051641
v 0.020855 0.115292 -0.051601
v -0.007719 0.072453 0.105336
v 0.007763 0.072453 0.105336
v -0.007719 0.072453 0.090547
v 0.007763 0.072453 0.090547
v -0.002559 0.072453 0.109804
v 0.002602 0.072453 0.109804
v 0.002602 0.072453 0.090547
v -0.002559 0.072453 0.090547
v -0.007719 0.080259 0.105336
v 0.007763 0.080259 0.105336
v -0.007719 0.080259 0.090547
v 0.007763 0.080259 0.090547
v -0.002559 0.080259 0.109804
v 0.002602 0.080259 0.109804
v -0.010097 0.080259 0.106393
v 0.010141 0.080259 0.106393
v -0.010097 0.080259 0.090547
v 0.010141 0.080259 0.090547
v -0.003351 0.080259 0.112233
v 0.003395 0.080259 0.112233
v -0.010097 0.085843 0.106393
v 0.010141 0.085843 0.106393
v -0.010097 0.085843 0.090547
v 0.010141 0.085843 0.090547
v -0.003351 0.085843 0.112233
v 0.003395 0.085843 0.112233
v -0.008430 0.071828 0.105661
v 0.008473 0.071828 0.105661
v -0.008426 0.071745 0.090547
v 0.008470 0.071745 0.090547
v -0.002828 0.071816 0.110527
v 0.002872 0.071816 0.110527
v 0.002602 0.071453 0.090547
v -0.002559 0.071453 0.090547
v -0.008248 0.079446 0.105578
v 0.008292 0.079446 0.105578
v -0.008426 0.079552 0.090547
v 0.008470 0.079552 0.090547
v -0.002771 0.079464 0.110373
v 0.002814 0.079464 0.110373
v -0.010808 0.079635 0.106717
v 0.010851 0.079635 0.106717
v -0.010804 0.079552 0.090547
v 0.010848 0.079552 0.090547
v -0.003621 0.079623 0.112956
v 0.003664 0.079623 0.112956
v -0.011007 0.085843 0.106808
v 0.011051 0.085843 0.106808
v -0.011097 0.085843 0.090547
v 0.011141 0.085843 0.090547
v -0.003701 0.085843 0.113170
v 0.003744 0.085843 0.113170
vn -0.0000 -0.0000 -1.0000
vn 0.7071 -0.0000 -0.7071
vn 1.0000 -0.0000 -0.0000
vn 0.7071 -0.0000 0.7071
vn -0.0000 -0.0000 1.0000
vn -0.7071 -0.0000 0.7071
vn -1.0000 -0.0000 -0.0000
vn -0.7071 -0.0000 -0.7071
vn 0.7436 0.6669 0.0483
vn 0.6815 -0.7268 -0.0861
vn 0.6815 0.7268 -0.0861
vn 0.6733 0.6680 0.3169
vn 0.7436 -0.6669 0.0483
vn -0.7222 0.6855 0.0916
vn -0.6572 -0.7525 -0.0430
vn -0.6571 0.7525 -0.0430
vn -0.0345 -0.0000 -0.9994
vn 0.5234 -0.6728 0.5228
vn -0.5975 -0.7507 -0.2819
vn 0.6733 -0.6680 0.3169
vn -0.3109 -0.7408 -0.5954
vn -0.4718 0.7449 -0.4717
vn -0.4718 -0.7449 -0.4717
vn 0.5234 0.6728 0.5228
vn -0.5975 0.7507 -0.2819
vn 0.1443 -0.6770 0.7217
vn 0.3412 -0.6762 0.6530
vn 0.3412 0.6762 0.6530
vn -0.0000 0.6945 0.7195
vn 0.1443 0.6770 0.7217
vn -0.1313 -0.7401 -0.6595
vn -0.3109 0.7408 -0.5954
vn -0.0000 -0.7199 -0.6941
vn -0.1313 0.7401 -0.6595
vn -0.0000 -0.6944 0.7195
vn -0.0000 0.7199 -0.6941
vn 0.7826 -0.0000 0.6225
vn 0.6227 -0.0000 -0.7825
vn 0.6397 -0.0000 -0.7686
vn -0.7687 -0.0000 -0.6396
vn -0.7826 -0.0000 -0.6225
vn -0.6397 -0.0000 0.7686
vn -0.6227 -0.0000 0.7824
vn 0.7687 -0.0000 0.6396
vn 0.3551 -0.0000 0.9348
vn 0.9349 -0.0000 -0.3549
vn 0.9425 -0.0000 -0.3343
vn -0.3345 -0.0000 -0.9424
vn -0.3551 -0.0000 -0.9348
vn -0.9425 -0.0000 0.3343
vn -0.9349 -0.0000 0.3549
vn 0.3345 -0.0000 0.9424
vn -0.0599 -0.0000 0.9982
vn 0.9982 -0.0000 0.0601
vn 0.9966 -0.0000 0.0820
vn 0.0818 -0.0000 -0.9966
vn 0.0599 -0.0000 -0.9982
vn -0.9966 -0.0000 -0.0820
vn -0.9982 -0.0000 -0.0602
vn -0.0818 -0.0000 0.9966
vn -0.6815 -0.7268 -0.0861
vn -0.7436 0.6669 0.0483
vn -0.6815 0.7268 -0.0861
vn -0.7436 -0.6669 0.0483
vn -0.6733 0.6680 0.3169
vn 0.6572 -0.7525 -0.0430
vn 0.7222 0.6856 0.0916
vn 0.6571 0.7525 -0.0430
vn 0.0345 -0.0000 -0.9994
vn 0.7222 -0.6856 0.0916
vn 0.5975 -0.7507 -0.2819
vn -0.5234 -0.6728 0.5228
vn -0.6733 -0.6680 0.3169
vn 0.5975 0.7507 -0.2819
vn 0.4718 0.7449 -0.4717
vn 0.3109 -0.7408 -0.5954
vn 0.4718 -0.7449 -0.4717
vn -0.5234 0.6728 0.5228
vn -0.1443 -0.6770 0.7217
vn -0.3412 -0.6762 0.6530
vn -0.3412 0.6762 0.6530
vn 0.3109 0.7408 -0.5954
vn -0.1443 0.6770 0.7217
vn 0.1313 -0.7401 -0.6595
vn 0.1313 0.7401 -0.6595
vn -0.0000 0.7198 -0.6941
vn 0.7222 0.6855 0.0916
vn -0.0000 -0.7198 -0.6941
vn -0.6227 -0.0000 -0.7825
vn -0.7826 -0.0000 0.6225
vn -0.6397 -0.0000 -0.7686
vn 0.7687 -0.0000 -0.6396
vn 0.6397 -0.0000 0.7686
vn 0.6227 -0.0000 0.7824
vn -0.7687 -0.0000 0.6396
vn -0.9349 -0.0000 -0.3549
vn -0.3551 -0.0000 0.9348
vn -0.9425 -0.0000 -0.3343
vn 0.3345 -0.0000 -0.9424
vn 0.9425 -0.0000 0.3343
vn 0.9349 -0.0000 0.3549
vn -0.3345 -0.0000 0.9424
vn -0.9982 -0.0000 0.0601
vn 0.0599 -0.0000 0.9982
vn -0.9966 -0.0000 0.0820
vn -0.0818 -0.0000 -0.9966
vn 0.9966 -0.0000 -0.0820
vn 0.9982 -0.0000 -0.0602
vn 0.0818 -0.0000 0.9966
vn -0.0000 -0.6356 -0.7720
vn -0.5095 -0.6519 -0.5616
vn -0.0000 0.0773 -0.9970
vn 0.7071 0.0546 -0.7050
vn -0.7071 0.0546 -0.7050
vn 0.7071 -0.0546 0.7050
vn -0.0000 -0.0773 0.9970
vn -0.7071 -0.0546 0.7050
vn -0.0000 0.9970 0.0773
vn -0.5095 -0.7306 0.4545
vn -0.7206 -0.6913 -0.0536
vn -0.0000 -0.7469 0.6649
vn 0.5095 -0.7306 0.4545
vn 0.7206 -0.6913 -0.0536
vn 0.5095 -0.6519 -0.5616
vn 0.8171 0.0445 -0.5748
vn -0.5765 0.0631 -0.8146
vn -0.8171 -0.0445 0.5748
vn 0.5765 -0.0631 0.8146
vn -0.0000 0.9970 0.0772
vn 0.5096 -0.6519 -0.5616
vn -0.0000 0.0833 -0.9965
vn -0.0000 -0.0833 0.9965
vn -0.9669 -0.2543 -0.0213
vn -0.0000 0.9965 0.0833
vn -0.8698 -0.4917 -0.0411
vn -0.0000 -0.9965 -0.0833
vn 0.8698 -0.4917 -0.0411
vn 0.9669 -0.2543 -0.0213
vn -0.0000 -0.0832 0.9965
vn 0.2963 0.9518 0.0796
vn 0.7834 0.6194 0.0518
vn -0.7834 0.6194 0.0518
vn -0.2963 0.9518 0.0796
vn -0.9315 0.3624 0.0303
vn 0.9315 0.3624 0.0303
vn -0.0000 -0.2661 0.9640
vn -0.7680 -0.0000 0.6405
vn 0.7680 -0.0000 -0.6405
vn 0.6174 -0.2661 0.7403
vn 0.0017 -0.0000 1.0000
vn -0.0017 -0.0000 -1.0000
vn 0.9640 -0.2661 -0.0016
vn 0.7680 -0.0000 0.6405
vn -0.7680 -0.0000 -0.6405
vn -0.6174 -0.2661 0.7403
vn -0.0017 -0.0000 1.0000
vn 0.0017 -0.0000 -1.0000
vn -0.9640 -0.2661 -0.0016
vn -0.0000 0.2396 -0.9709
vn 0.6584 -0.3128 -0.6846
vn -0.0000 -0.2917 -0.9565
vn 0.9865 0.1634 0.0126
vn 0.9311 -0.3637 -0.0282
vn 0.6976 0.1095 0.7081
vn 0.6584 -0.4145 0.6282
vn -0.0000 0.0872 0.9962
vn -0.0000 -0.4356 0.9001
vn -0.6584 -0.4145 0.6282
vn -0.6976 0.1095 0.7081
vn -0.9311 -0.3637 -0.0282
vn -0.9865 0.1634 0.0127
vn -0.6584 -0.3128 -0.6846
vn -0.6976 0.2172 -0.6828
vn 0.1263 0.9907 -0.0499
vn -0.0000 0.9948 -0.1021
vn 0.6975 0.2172 -0.6828
vn 0.1786 0.9810 0.0760
vn 0.1263 0.9712 0.2019
vn -0.1263 0.9712 0.2019
vn -0.0000 0.9672 0.2541
vn -0.1786 0.9810 0.0760
vn -0.1263 0.9907 -0.0499
vn -0.0000 0.6172 0.7868
vn 0.5210 0.6339 0.5716
vn 0.7368 0.6741 0.0522
vn 0.5210 0.7144 -0.4672
vn -0.0000 0.7311 -0.6823
vn -0.5210 0.7144 -0.4672
vn -0.7368 0.6741 0.0522
vn -0.5210 0.6339 0.5716
vn -0.6975 0.2173 -0.6828
vn 0.9865 0.1634 0.0127
vn -0.1263 0.9712 0.2020
vn 0.1263 0.9712 0.2020
vn -0.0000 0.7310 -0.6823
vn -0.4377 0.8964 0.0695
vn -0.0000 0.8626 0.5059
vn 0.4377 0.8964 0.0695
vn -0.9328 -0.3596 -0.0256
vn -0.7093 0.0415 -0.7037
vn -1.0000 -0.0003 0.0045
vn -0.6626 -0.3951 0.6363
vn -0.7048 -0.0417 0.7082
vn -0.0000 -0.4099 0.9122
vn -0.0000 -0.0588 0.9983
vn 0.7048 -0.0417 0.7082
vn 1.0000 -0.0003 0.0045
vn 0.6626 -0.3951 0.6363
vn 0.7093 0.0415 -0.7037
vn 0.9328 -0.3596 -0.0256
vn -0.6563 -0.3243 -0.6812
vn -0.0000 0.0588 -0.9983
vn 0.6563 -0.3243 -0.6812
vn -0.0000 -0.2165 -0.9763
vn 0.6469 0.4478 -0.6172
vn 0.6779 -0.2324 -0.6974
vn 0.9141 0.4044 0.0283
vn 0.9624 -0.2710 -0.0205
vn 0.6458 0.3611 0.6727
vn 0.6830 -0.3097 0.6615
vn -0.0000 0.3432 0.9393
vn -0.0000 -0.3257 0.9455
vn -0.6831 -0.3097 0.6615
vn -0.6458 0.3611 0.6727
vn -0.9624 -0.2710 -0.0205
vn -0.9141 0.4044 0.0283
vn -0.6779 -0.2324 -0.6974
vn -0.6469 0.4478 -0.6172
vn -0.0000 0.4658 -0.8849
vn -0.0000 -0.3097 -0.9508
vn -0.0000 0.9302 -0.3669
vn 0.3095 0.9203 -0.2391
vn 0.3095 0.8725 0.3780
vn -0.3095 0.8725 0.3780
vn -0.3095 0.9203 -0.2391
vn -0.6563 -0.3242 -0.6812
vn 0.6831 -0.3097 0.6615
vn -0.8295 0.4041 -0.3856
vn 0.6038 0.7821 -0.1541
vn 0.8295 0.4041 -0.3856
vn 0.5995 0.4512 0.6610
vn -0.0000 0.7071 -0.7071
vn -0.0000 0.9842 0.1771
vn -0.0000 -0.9001 0.4357
vn -0.0000 0.4270 0.9043
vn -0.5995 0.4512 0.6611
vn -0.6038 0.7821 -0.1541
vn -0.0000 -0.5787 -0.8156
vn -0.0000 -0.9001 0.4358
vn -0.5995 0.4512 0.6610
vn -0.6975 0.1095 0.7081
vn -0.6975 0.2172 -0.6828
vn 0.6976 0.2172 -0.6828
vn -0.0000 0.0871 0.9962
vn 0.6975 0.1095 0.7081
vn 0.6975 0.2173 -0.6828
vn 0.6584 -0.4145 0.6283
vn -0.0000 -0.4356 0.9002
vn -0.9865 0.1634 0.0126
vn -0.0000 0.4168 0.9090
vn -0.0000 0.7215 0.6924
vn 0.9087 0.4163 0.0322
vn 0.7530 0.6561 0.0507
vn -0.0000 0.5516 -0.8341
vn -0.0000 0.8194 -0.5733
vn -0.9087 0.4163 0.0322
vn -0.7530 0.6561 0.0507
vn -0.3002 0.9259 -0.2295
vn -0.9576 0.2871 0.0222
vn -0.3002 0.8796 0.3691
vn 0.3002 0.9259 -0.2295
vn -0.0000 0.3609 -0.9326
vn 0.3002 0.8796 0.3691
vn 0.9576 0.2871 0.0222
vn -0.0000 0.2133 0.9770
vn -0.8595 -0.0652 0.5070
vn -0.5130 0.0380 -0.8575
vn -0.5118 0.0381 -0.8583
vn 0.8575 0.0655 -0.5103
vn 0.8583 0.0655 -0.5089
vn 0.5111 -0.0380 0.8587
vn -0.8588 -0.0653 0.5082
vn -0.6666 -0.7207 -0.1901
vn -0.7119 0.6964 -0.0904
vn -0.7193 0.6886 -0.0925
vn 0.6658 0.7215 0.1900
vn 0.6778 0.7098 0.1916
vn 0.7190 -0.6889 0.0924
vn -0.6549 -0.7318 -0.1886
vn -0.6670 -0.7207 -0.1889
vn -0.7137 0.6946 -0.0906
vn -0.7197 0.6881 -0.0923
vn 0.6659 0.7217 0.1888
vn 0.6797 0.7083 0.1906
vn 0.7187 -0.6893 0.0920
vn -0.6538 -0.7332 -0.1872
vn -0.8305 -0.0690 0.5528
vn -0.5570 0.0362 -0.8297
vn -0.8299 -0.0691 0.5536
vn -0.5562 0.0363 -0.8302
vn 0.8302 0.0691 -0.5532
vn 0.5566 -0.0362 0.8300
vn 0.5558 -0.0363 0.8305
vn -0.6635 -0.7252 -0.1839
vn -0.7196 0.6891 -0.0853
vn -0.7171 0.6919 -0.0846
vn 0.6712 0.7179 0.1848
vn 0.6712 0.7178 0.1848
vn 0.7239 -0.6845 0.0865
vn 0.7213 -0.6873 0.0858
vn -0.6634 -0.7255 -0.1833
vn -0.7213 0.6872 -0.0863
vn -0.7171 0.6917 -0.0852
vn 0.6730 0.7163 0.1845
vn 0.6715 0.7177 0.1843
vn 0.7236 -0.6847 0.0869
vn 0.7194 -0.6892 0.0858
vn -0.8226 -0.0708 0.5641
vn -0.5679 0.0366 -0.8223
vn -0.5677 0.0366 -0.8224
vn 0.8223 0.0709 -0.5647
vn 0.8224 0.0709 -0.5645
vn 0.5675 -0.0366 0.8226
vn 0.5673 -0.0366 0.8227
vn -0.6621 -0.7319 -0.1611
vn -0.7223 0.6889 -0.0608
vn -0.7168 0.6947 -0.0595
vn 0.6766 0.7182 0.1623
vn 0.6806 0.7144 0.1627
vn 0.7327 -0.6776 0.0633
vn 0.7271 -0.6838 0.0619
vn -0.6622 -0.7320 -0.1602
vn -0.7238 0.6873 -0.0612
vn -0.7171 0.6944 -0.0596
vn 0.6787 0.7164 0.1616
vn 0.6808 0.7144 0.1617
vn 0.7324 -0.6779 0.0633
vn 0.7253 -0.6857 0.0616
vn -0.7909 -0.0744 0.6074
vn -0.6121 0.0343 -0.7900
vn -0.6117 0.0344 -0.7903
vn 0.7902 0.0745 -0.6084
vn 0.7898 0.0746 -0.6088
vn 0.6111 -0.0344 0.7908
vn 0.6108 -0.0344 0.7911
vn -0.6688 -0.7351 -0.1111
vn -0.7247 0.6891 -0.0056
vn -0.7239 0.6899 -0.0055
vn 0.6860 0.7190 0.1112
vn 0.6874 0.7177 0.1113
vn 0.7386 -0.6741 0.0079
vn -0.6675 -0.7363 -0.1111
vn -0.6689 -0.7352 -0.1098
vn -0.7262 0.6874 -0.0056
vn -0.7243 0.6894 -0.0053
vn 0.6860 0.7192 0.1100
vn 0.6895 0.7159 0.1100
vn 0.7383 -0.6744 0.0076
vn -0.6660 -0.7378 -0.1098
vn -0.7439 -0.0787 0.6637
vn -0.6685 0.0306 -0.7431
vn -0.6682 0.0307 -0.7434
vn 0.7430 0.0788 -0.6646
vn 0.7427 0.0788 -0.6650
vn 0.6676 -0.0307 0.7439
vn 0.6672 -0.0307 0.7442
vn -0.6846 -0.7258 -0.0672
vn -0.7285 0.6838 0.0409
vn -0.7340 0.6779 0.0403
vn 0.6744 0.7352 0.0678
vn 0.6877 0.7229 0.0670
vn 0.7329 -0.6791 -0.0404
vn -0.6715 -0.7379 -0.0679
vn -0.6847 -0.7259 -0.0661
vn -0.7302 0.6820 0.0408
vn -0.7344 0.6775 0.0404
vn 0.6744 0.7353 0.0666
vn 0.6895 0.7213 0.0658
vn 0.7326 -0.6795 -0.0406
vn -0.6699 -0.7394 -0.0669
vn -0.7224 -0.0735 0.6875
vn -0.6951 0.0214 -0.7185
vn -0.7181 -0.0736 0.6920
vn 0.7180 0.0734 -0.6922
vn 0.7224 0.0732 -0.6876
vn 0.6949 -0.0217 0.7188
vn 0.6903 -0.0221 0.7232
vn -0.6865 -0.7244 -0.0627
vn -0.7327 0.6790 0.0451
vn -0.7312 0.6807 0.0452
vn 0.6728 0.7371 0.0636
vn 0.6874 0.7236 0.0627
vn 0.7356 -0.6759 -0.0448
vn -0.6718 -0.7380 -0.0636
vn -0.6864 -0.7246 -0.0622
vn -0.7345 0.6772 0.0444
vn -0.7313 0.6806 0.0447
vn 0.6729 0.7370 0.0630
vn 0.6892 0.7219 0.0620
vn 0.7355 -0.6761 -0.0443
vn -0.6699 -0.7398 -0.0632
vn -0.7218 -0.0663 0.6889
vn -0.7004 0.0138 -0.7136
vn -0.7130 -0.0665 0.6980
vn -0.6909 0.0146 -0.7228
vn 0.7218 0.0661 -0.6889
vn 0.7002 -0.0140 0.7138
vn 0.6909 -0.0149 0.7228
vn -0.6869 -0.7241 -0.0626
vn -0.7367 0.6748 0.0447
vn -0.7269 0.6853 0.0456
vn 0.6725 0.7373 0.0635
vn 0.6877 0.7233 0.0626
vn 0.7396 -0.6716 -0.0444
vn -0.6716 -0.7382 -0.0636
vn -0.6867 -0.7242 -0.0622
vn -0.7384 0.6729 0.0440
vn -0.7270 0.6851 0.0451
vn 0.6727 0.7372 0.0630
vn 0.6895 0.7216 0.0620
vn 0.7394 -0.6718 -0.0440
vn -0.6696 -0.7400 -0.0632
vn -0.7212 -0.0592 0.6902
vn -0.7055 0.0062 -0.7087
vn -0.7078 -0.0593 0.7040
vn 0.7076 0.0591 -0.7041
vn 0.7212 0.0589 -0.6902
vn 0.7053 -0.0064 0.7089
vn 0.6915 -0.0076 0.7223
vn -0.6819 -0.7298 -0.0496
vn -0.7365 0.6755 0.0352
vn -0.7252 0.6876 0.0361
vn 0.6851 0.7267 0.0495
vn 0.6782 0.7331 0.0498
vn 0.7408 -0.6708 -0.0349
vn 0.7298 -0.6827 -0.0357
vn -0.6817 -0.7300 -0.0489
vn -0.7382 0.6737 0.0344
vn -0.7255 0.6874 0.0354
vn 0.6869 0.7251 0.0486
vn 0.6785 0.7330 0.0490
vn 0.7406 -0.6711 -0.0343
vn 0.7280 -0.6846 -0.0352
vn -0.7127 -0.0536 0.6994
vn -0.7181 -0.0002 -0.6960
vn -0.7009 0.0011 -0.7132
vn 0.7121 0.0536 -0.7000
vn 0.6947 0.0536 -0.7173
vn 0.7175 0.0002 0.6966
vn -0.6953 -0.0536 0.7167
vn -0.6887 -0.7250 0.0001
vn -0.7307 0.6827 -0.0002
vn -0.6577 -0.7533 0.0001
vn 0.6711 0.7413 -0.0002
vn 0.7006 0.7136 -0.0001
vn 0.7394 -0.6732 0.0002
vn 0.7371 -0.6758 0.0001
vn -0.6871 -0.7265 0.0006
vn -0.7309 0.6825 -0.0007
vn -0.6575 -0.7534 0.0006
vn 0.6728 0.7398 -0.0006
vn 0.7008 0.7134 -0.0006
vn 0.7376 -0.6753 0.0007
vn 0.7369 -0.6760 0.0007
vn -0.6958 -0.0536 0.7162
vn -0.7345 -0.0015 -0.6786
vn -0.7186 -0.0003 -0.6954
vn 0.6951 0.0536 -0.7169
vn 0.6764 0.0535 -0.7346
vn 0.7339 0.0015 0.6792
vn 0.7180 0.0002 0.6960
vn -0.6996 -0.7146 -0.0000
vn -0.7211 0.6928 -0.0003
vn -0.6456 -0.7636 -0.0000
vn 0.6589 0.7522 -0.0001
vn 0.7116 0.7026 -0.0001
vn 0.7297 -0.6838 0.0002
vn 0.7487 -0.6629 0.0002
vn -0.6980 -0.7161 0.0005
vn -0.7213 0.6926 -0.0008
vn -0.6454 -0.7638 0.0006
vn 0.6606 0.7507 -0.0006
vn 0.7118 0.7024 -0.0005
vn 0.7278 -0.6858 0.0008
vn 0.7485 -0.6631 0.0007
vn -0.6784 -0.0535 0.7327
vn -0.7505 -0.0028 -0.6609
vn -0.7358 -0.0017 -0.6772
vn 0.6576 0.0535 -0.7514
vn 0.6778 0.0535 -0.7333
vn 0.7500 0.0028 0.6615
vn 0.7353 0.0016 0.6778
vn -0.7106 -0.7036 -0.0001
vn -0.7118 0.7024 -0.0004
vn -0.6337 -0.7736 -0.0001
vn 0.6469 0.7626 -0.0001
vn 0.7229 0.6910 -0.0000
vn 0.7201 -0.6939 0.0003
vn 0.7604 -0.6495 0.0002
vn -0.7090 -0.7052 0.0004
vn -0.7120 0.7022 -0.0009
vn -0.6335 -0.7738 0.0005
vn 0.6486 0.7612 -0.0006
vn 0.7230 0.6908 -0.0005
vn 0.7182 -0.6958 0.0008
vn 0.7603 -0.6496 0.0008
vn -0.6608 -0.0534 0.7487
vn -0.7661 -0.0041 -0.6427
vn -0.7525 -0.0030 -0.6586
vn 0.6385 0.0533 -0.7678
vn 0.6600 0.0534 -0.7493
vn 0.7656 0.0041 0.6433
vn 0.7520 0.0030 0.6591
vn -0.7219 -0.6920 -0.0002
vn -0.7026 0.7115 -0.0005
vn -0.6219 -0.7831 -0.0002
vn 0.6350 0.7725 -0.0001
vn 0.7343 0.6788 -0.0000
vn 0.7107 -0.7035 0.0003
vn 0.7722 -0.6354 0.0002
vn -0.7204 -0.6936 0.0003
vn -0.7029 0.7113 -0.0010
vn -0.6217 -0.7833 0.0004
vn 0.6366 0.7712 -0.0005
vn 0.7345 0.6787 -0.0004
vn 0.7089 -0.7054 0.0009
vn 0.7721 -0.6355 0.0008
vn -0.6427 -0.0533 0.7642
vn -0.7812 -0.0055 -0.6242
vn -0.7687 -0.0044 -0.6396
vn 0.6188 0.0532 -0.7837
vn 0.6420 0.0533 -0.7649
vn 0.7808 0.0054 0.6247
vn 0.7683 0.0044 0.6401
vn -0.7334 -0.6798 -0.0003
vn -0.6937 0.7202 -0.0006
vn -0.6102 -0.7922 -0.0003
vn 0.6232 0.7821 -0.0000
vn 0.7460 0.6660 0.0001
vn 0.7016 -0.7125 0.0003
vn 0.7840 -0.6208 0.0003
vn -0.7319 -0.6814 0.0002
vn -0.6940 0.7200 -0.0010
vn -0.6100 -0.7924 0.0004
vn 0.6249 0.7807 -0.0005
vn 0.7461 0.6658 -0.0003
vn 0.6998 -0.7144 0.0010
vn 0.7839 -0.6209 0.0009
vn -0.6244 -0.0532 0.7793
vn -0.7960 -0.0068 -0.6053
vn -0.7844 -0.0058 -0.6202
vn 0.6236 0.0532 -0.7800
vn 0.5988 0.0530 -0.7992
vn 0.7956 0.0067 0.6058
vn 0.7840 0.0057 0.6207
vn -0.7451 -0.6669 -0.0005
vn -0.6851 0.7285 -0.0007
vn -0.5987 -0.8010 -0.0004
vn 0.6116 0.7912 -0.0000
vn 0.7578 0.6525 0.0001
vn 0.6927 -0.7212 0.0004
vn 0.7959 -0.6055 0.0003
vn -0.7436 -0.6686 0.0001
vn -0.6854 0.7282 -0.0011
vn -0.5984 -0.8012 0.0003
vn 0.6132 0.7899 -0.0005
vn 0.7579 0.6524 -0.0002
vn 0.6909 -0.7229 0.0010
vn 0.7958 -0.6056 0.0009
vn -0.6057 -0.0530 0.7939
vn -0.8103 -0.0081 -0.5860
vn -0.7997 -0.0071 -0.6004
vn 0.5783 0.0528 -0.8141
vn 0.6048 0.0530 -0.7946
vn 0.8099 0.0080 0.5865
vn -0.5792 -0.0528 0.8135
vn -0.7570 -0.6534 -0.0006
vn -0.6767 0.7363 -0.0007
vn -0.5873 -0.8093 -0.0004
vn 0.6000 0.8000 -0.0000
vn 0.7697 0.6384 0.0001
vn 0.6841 -0.7294 0.0004
vn 0.8078 -0.5895 0.0004
vn -0.7555 -0.6551 -0.0000
vn -0.6770 0.7360 -0.0012
vn -0.5870 -0.8096 0.0003
vn 0.6017 0.7987 -0.0004
vn 0.7699 0.6382 -0.0002
vn 0.6823 -0.7311 0.0011
vn 0.8077 -0.5895 0.0010
vn -0.5868 -0.0528 0.8080
vn -0.8241 -0.0094 -0.5664
vn -0.8144 -0.0085 -0.5803
vn 0.5574 0.0525 -0.8286
vn 0.5858 0.0528 -0.8087
vn 0.8238 0.0093 0.5668
vn 0.8141 0.0084 0.5807
vn -0.7690 -0.6393 -0.0007
vn -0.6686 0.7436 -0.0008
vn -0.5761 -0.8174 -0.0005
vn 0.5887 0.8083 -0.0000
vn 0.7818 0.6235 0.0002
vn 0.6757 -0.7371 0.0004
vn 0.8197 -0.5728 0.0004
vn -0.7675 -0.6410 -0.0001
vn -0.6689 0.7434 -0.0013
vn -0.5758 -0.8176 0.0002
vn 0.5904 0.8071 -0.0004
vn 0.7819 0.6234 -0.0001
vn 0.6739 -0.7389 0.0011
vn 0.8197 -0.5728 0.0010
vn -0.5675 -0.0526 0.8217
vn -0.8375 -0.0107 -0.5464
vn -0.8286 -0.0098 -0.5598
vn 0.5361 0.0522 -0.8425
vn 0.5665 0.0526 -0.8224
vn 0.8372 0.0106 0.5468
vn -0.5371 -0.0522 0.8419
vn -0.7811 -0.6244 -0.0008
vn -0.6607 0.7507 -0.0009
vn -0.5650 -0.8251 -0.0006
vn 0.5775 0.8164 0.0001
vn 0.7940 0.6079 0.0002
vn 0.6676 -0.7445 0.0005
vn 0.8316 -0.5554 0.0004
vn -0.7797 -0.6261 -0.0002
vn -0.6611 0.7503 -0.0013
vn -0.5646 -0.8254 0.0002
vn 0.5791 0.8152 -0.0004
vn 0.7941 0.6077 -0.0000
vn 0.6658 -0.7461 0.0012
vn 0.8316 -0.5554 0.0011
vn -0.5480 -0.0523 0.8348
vn -0.8504 -0.0120 -0.5261
vn -0.8423 -0.0112 -0.5390
vn 0.5469 0.0523 -0.8355
vn 0.5144 0.0519 -0.8560
vn 0.8501 0.0119 0.5265
vn 0.8420 0.0111 0.5394
vn -0.7934 -0.6087 -0.0009
vn -0.6531 0.7573 -0.0009
vn -0.5539 -0.8326 -0.0007
vn 0.5664 0.8242 0.0001
vn 0.8062 0.5916 0.0003
vn 0.6598 -0.7515 0.0005
vn 0.8434 -0.5374 0.0005
vn -0.7920 -0.6106 -0.0003
vn -0.6535 0.7569 -0.0014
vn -0.5536 -0.8328 0.0001
vn 0.5681 0.8230 -0.0003
vn 0.8064 0.5914 0.0001
vn 0.6579 -0.7531 0.0012
vn 0.8434 -0.5374 0.0011
vn -0.5282 -0.0520 0.8475
vn -0.8628 -0.0133 -0.5055
vn -0.8554 -0.0125 -0.5178
vn 0.4922 0.0515 -0.8689
vn 0.5271 0.0520 -0.8482
vn 0.8625 0.0132 0.5058
vn 0.8552 0.0125 0.5182
vn -0.8057 -0.5924 -0.0011
vn -0.6458 0.7635 -0.0010
vn -0.5430 -0.8397 -0.0007
vn 0.5554 0.8316 0.0001
vn 0.8185 0.5744 0.0003
vn 0.6522 -0.7580 0.0005
vn 0.8551 -0.5185 0.0005
vn -0.8043 -0.5942 -0.0004
vn -0.6463 0.7631 -0.0014
vn -0.5426 -0.8400 0.0001
vn 0.5570 0.8305 -0.0003
vn 0.8187 0.5743 0.0002
vn 0.6504 -0.7596 0.0012
vn 0.8551 -0.5185 0.0012
vn -0.5083 -0.0517 0.8596
vn -0.8746 -0.0145 -0.4845
vn -0.8680 -0.0138 -0.4964
vn 0.4697 0.0511 -0.8813
vn 0.5072 0.0517 -0.8603
vn 0.8745 0.0145 0.4849
vn 0.8678 0.0138 0.4967
vn -0.8180 -0.5752 -0.0012
vn -0.6389 0.7693 -0.0011
vn -0.5322 -0.8466 -0.0008
vn 0.5445 0.8388 0.0001
vn 0.8308 0.5565 0.0004
vn 0.6449 -0.7642 0.0005
vn 0.8667 -0.4989 0.0005
vn -0.8168 -0.5770 -0.0005
vn -0.6393 0.7689 -0.0015
vn -0.5317 -0.8469 -0.0000
vn 0.5460 0.8378 -0.0003
vn 0.8310 0.5563 0.0003
vn 0.6432 -0.7657 0.0013
vn 0.8667 -0.4988 0.0012
vn -0.4881 -0.0514 0.8713
vn -0.8861 -0.0158 -0.4633
vn -0.8801 -0.0152 -0.4746
vn 0.4467 0.0507 -0.8932
vn 0.4869 0.0514 -0.8719
vn 0.8859 0.0158 0.4636
vn 0.8799 0.0151 0.4749
vn -0.8304 -0.5572 -0.0013
vn -0.6322 0.7748 -0.0011
vn -0.5213 -0.8533 -0.0008
vn 0.5336 0.8457 0.0001
vn 0.8431 0.5378 0.0004
vn 0.6380 -0.7701 0.0006
vn 0.8781 -0.4785 0.0006
vn -0.8292 -0.5590 -0.0006
vn -0.6327 0.7744 -0.0015
vn -0.5209 -0.8536 -0.0000
vn 0.5351 0.8448 -0.0003
vn 0.8432 0.5376 0.0003
vn 0.6363 -0.7715 0.0013
vn 0.8781 -0.4784 0.0013
vn -0.4679 -0.0510 0.8823
vn -0.8970 -0.0171 -0.4418
vn -0.8916 -0.0165 -0.4526
vn 0.4234 0.0502 -0.9045
vn 0.4666 0.0510 -0.8830
vn 0.8968 0.0171 0.4421
vn -0.4246 -0.0502 0.9040
vn -0.8427 -0.5384 -0.0015
vn -0.6259 0.7799 -0.0012
vn -0.5106 -0.8598 -0.0009
vn 0.5228 0.8525 0.0001
vn 0.8553 0.5182 0.0005
vn 0.6313 -0.7755 0.0006
vn 0.8893 -0.4573 0.0006
vn -0.8416 -0.5402 -0.0008
vn -0.6264 0.7795 -0.0016
vn -0.5101 -0.8601 -0.0000
vn 0.5244 0.8515 -0.0002
vn 0.8554 0.5180 0.0004
vn 0.6296 -0.7769 0.0014
vn 0.8894 -0.4572 0.0013
vn -0.4474 -0.0506 0.8929
vn -0.9073 -0.0183 -0.4200
vn -0.9026 -0.0178 -0.4302
vn 0.4461 0.0506 -0.8935
vn 0.3996 0.0497 -0.9153
vn 0.9072 0.0183 0.4203
vn -0.4009 -0.0497 0.9148
vn -0.8549 -0.5187 -0.0016
vn -0.6199 0.7847 -0.0012
vn -0.4997 -0.8662 -0.0009
vn 0.5120 0.8590 0.0001
vn 0.8674 0.4977 0.0005
vn 0.6250 -0.7806 0.0006
vn 0.9003 -0.4352 0.0007
vn -0.8538 -0.5205 -0.0009
vn -0.6205 0.7842 -0.0016
vn -0.4992 -0.8665 -0.0000
vn 0.5135 0.8581 -0.0002
vn 0.8675 0.4975 0.0005
vn 0.6234 -0.7819 0.0014
vn 0.9004 -0.4351 0.0014
vn -0.4269 -0.0502 0.9029
vn -0.9172 -0.0196 -0.3980
vn -0.9129 -0.0191 -0.4076
vn 0.4255 0.0502 -0.9035
vn 0.3754 0.0491 -0.9256
vn 0.9171 0.0196 0.3982
vn 0.9128 0.0190 0.4079
vn -0.8250 -0.5548 0.1072
vn -0.6225 0.7784 0.0808
vn -0.5090 -0.8582 0.0661
vn 0.5252 0.8481 -0.0694
vn 0.8425 0.5272 -0.1110
vn 0.6308 -0.7715 -0.0829
vn 0.8806 -0.4595 -0.1159
vn -0.8230 -0.5572 0.1103
vn -0.6234 0.7776 0.0824
vn -0.5087 -0.8582 0.0687
vn 0.5274 0.8466 -0.0716
vn 0.8415 0.5282 -0.1133
vn 0.6290 -0.7729 -0.0835
vn 0.8798 -0.4605 -0.1175
vn 0.3953 -0.0212 0.9183
vn -0.9038 -0.0492 0.4251
vn 0.4030 -0.0206 0.9150
vn -0.4056 0.0208 -0.9138
vn -0.3949 0.0213 -0.9185
vn 0.9057 0.0500 -0.4209
vn 0.9282 0.0484 -0.3690
vn 0.0090 -0.5788 0.8154
vn 0.0062 0.7865 0.6175
vn 0.0093 0.5077 0.8615
vn -0.0029 0.8404 -0.5419
vn -0.0048 0.4877 -0.8730
vn -0.0038 -0.7630 -0.6464
vn 0.0057 -0.8700 0.4930
vn 0.0070 -0.5801 0.8145
vn 0.0040 0.7847 0.6198
vn 0.0064 0.5087 0.8609
vn -0.0039 0.8401 -0.5424
vn -0.0056 0.4874 -0.8732
vn -0.0033 -0.7634 -0.6459
vn 0.0047 -0.8702 0.4926
vn 0.4912 -0.0264 0.8707
vn -0.8592 -0.0466 0.5096
vn 0.4988 -0.0258 0.8664
vn -0.8740 -0.0460 0.4837
vn -0.4918 0.0265 -0.8703
vn 0.8614 0.0471 -0.5058
vn 0.8774 0.0461 -0.4775
vn 0.0058 -0.6554 0.7552
vn 0.0045 0.7625 0.6470
vn 0.0061 0.5811 0.8138
vn -0.0023 0.8072 -0.5902
vn -0.0031 0.5804 -0.8143
vn -0.0027 -0.7316 -0.6817
vn 0.0043 -0.8413 0.5406
vn 0.0047 -0.6562 0.7546
vn 0.0028 0.7603 0.6496
vn 0.0039 0.5815 0.8135
vn -0.0031 0.8070 -0.5905
vn -0.0038 0.5800 -0.8146
vn -0.0022 -0.7319 -0.6814
vn 0.0037 -0.8417 0.5399
vn 0.5821 -0.0312 0.8125
vn -0.8044 -0.0434 0.5925
vn 0.5879 -0.0309 0.8083
vn -0.5906 0.0310 -0.8064
vn -0.5837 0.0313 -0.8113
vn 0.8069 0.0437 -0.5891
vn 0.8162 0.0431 -0.5762
vn 0.0028 -0.7171 0.6969
vn 0.0024 0.7306 0.6828
vn 0.0029 0.6418 0.7669
vn -0.0013 0.7673 -0.6413
vn -0.0015 0.6562 -0.7546
vn -0.0014 -0.6919 -0.7220
vn 0.0024 -0.8080 0.5891
vn 0.0026 -0.7175 0.6966
vn 0.0012 0.7282 0.6854
vn 0.0016 0.6420 0.7667
vn -0.0020 0.7672 -0.6414
vn -0.0021 0.6554 -0.7552
vn -0.0009 -0.6921 -0.7218
vn 0.0023 -0.8086 0.5883
vn 0.6671 -0.0357 0.7441
vn -0.7401 -0.0396 0.6713
vn 0.6694 -0.0355 0.7420
vn -0.6720 0.0357 -0.7397
vn -0.6695 0.0358 -0.7419
vn 0.7427 0.0398 -0.6684
vn 0.7456 0.0396 -0.6652
vn 0.0001 -0.7668 0.6418
vn -0.0001 0.6904 0.7235
vn -0.0001 0.6914 0.7225
vn -0.0001 0.7182 -0.6958
vn -0.0001 0.7171 -0.6970
vn 0.0001 -0.6429 -0.7659
vn 0.0001 -0.7679 0.6406
vn 0.0006 -0.7671 0.6415
vn -0.0007 0.6878 0.7259
vn -0.0007 0.6911 0.7228
vn -0.0006 0.7164 -0.6977
vn -0.0006 0.7182 -0.6959
vn 0.0006 -0.6430 -0.7659
vn 0.0006 -0.6468 -0.7626
vn 0.7424 -0.0398 0.6688
vn -0.6644 -0.0355 0.7465
vn -0.6669 -0.0354 0.7443
vn -0.7481 0.0398 -0.6624
vn -0.7450 0.0400 -0.6659
vn 0.6668 0.0356 -0.7444
vn 0.7450 -0.0397 0.6658
vn -0.0026 -0.7183 0.6957
vn -0.0026 0.7314 0.6819
vn -0.0022 -0.8071 0.5903
vn 0.0011 0.7663 -0.6425
vn 0.0014 0.6573 -0.7536
vn 0.0016 -0.6929 -0.7211
vn 0.0016 -0.5830 -0.8125
vn -0.0014 -0.7192 0.6948
vn -0.0026 0.7310 0.6824
vn -0.0010 -0.8073 0.5902
vn 0.0007 0.7657 -0.6432
vn 0.0011 0.6571 -0.7538
vn 0.0022 -0.6953 -0.7187
vn 0.0023 -0.5831 -0.8124
vn 0.8063 -0.0435 0.5898
vn -0.5793 -0.0311 0.8146
vn -0.5852 -0.0307 0.8103
vn -0.8088 0.0438 -0.5865
vn -0.8184 0.0432 -0.5731
vn 0.5808 0.0312 -0.8134
vn 0.8150 -0.0432 0.5779
vn -0.0056 -0.6567 0.7542
vn -0.0047 0.7632 0.6461
vn -0.0041 -0.8405 0.5418
vn 0.0021 0.8063 -0.5914
vn 0.0030 0.5817 -0.8134
vn 0.0029 -0.7324 -0.6808
vn 0.0033 -0.5106 -0.8598
vn -0.0036 -0.6579 0.7531
vn -0.0042 0.7626 0.6468
vn -0.0023 -0.8406 0.5417
vn 0.0018 0.8057 -0.5924
vn 0.0029 0.5815 -0.8136
vn 0.0036 -0.7347 -0.6784
vn 0.0040 -0.5105 -0.8599
vn 0.8608 -0.0467 0.5069
vn -0.4882 -0.0262 0.8724
vn -0.4958 -0.0257 0.8681
vn -0.8792 0.0461 -0.4742
vn -0.8629 0.0472 -0.5031
vn 0.4887 0.0263 -0.8720
vn 0.4984 0.0259 -0.8665
vn -0.0088 -0.5802 0.8145
vn -0.0064 0.7872 0.6167
vn -0.0055 -0.8693 0.4942
vn 0.0027 0.8396 -0.5432
vn 0.0046 0.4890 -0.8723
vn 0.0040 -0.7638 -0.6455
vn 0.0049 -0.4243 -0.9055
vn -0.0060 -0.5818 0.8133
vn -0.0055 0.7863 0.6178
vn -0.0033 -0.8695 0.4939
vn 0.0025 0.8390 -0.5441
vn 0.0048 0.4888 -0.8724
vn 0.0047 -0.7657 -0.6432
vn 0.0058 -0.4240 -0.9057
vn 0.9051 -0.0493 0.4223
vn -0.3921 -0.0210 0.9197
vn -0.3997 -0.0204 0.9164
vn -0.9296 0.0485 -0.3653
vn -0.9070 0.0500 -0.4181
vn 0.3917 0.0211 -0.9199
vn 0.4023 0.0207 -0.9153
vn 0.8247 -0.5550 0.1089
vn 0.6212 0.7793 0.0824
vn 0.8654 0.4879 0.1144
vn -0.5243 0.8487 -0.0702
vn -0.8437 0.5247 -0.1132
vn -0.6319 -0.7704 -0.0847
vn 0.5107 -0.8571 0.0674
vn 0.8321 -0.5468 0.0926
vn 0.6181 0.7830 0.0701
vn 0.8717 0.4802 0.0981
vn -0.5218 0.8511 -0.0580
vn -0.8540 0.5114 -0.0959
vn -0.6300 -0.7733 -0.0717
vn 0.5111 -0.8576 0.0565
vn 0.9169 -0.0195 -0.3987
vn 0.4276 -0.0502 0.9026
vn 0.9126 -0.0190 -0.4084
vn 0.3775 -0.0492 0.9247
vn -0.9168 0.0195 0.3990
vn -0.4262 0.0502 -0.9032
vn -0.3762 0.0492 -0.9252
vn 0.8556 -0.5176 -0.0017
vn 0.6208 0.7840 -0.0010
vn 0.8896 0.4567 -0.0017
vn -0.5109 0.8597 0.0004
vn -0.8680 0.4965 0.0006
vn -0.6259 -0.7799 0.0004
vn 0.4986 -0.8668 -0.0011
vn 0.8555 -0.5177 -0.0017
vn 0.6223 0.7828 -0.0002
vn 0.8896 0.4568 -0.0009
vn -0.5113 0.8594 0.0012
vn -0.8689 0.4949 0.0013
vn -0.6254 -0.7803 -0.0000
vn 0.4972 -0.8677 -0.0015
vn 0.9070 -0.0183 -0.4207
vn 0.4481 -0.0507 0.8926
vn 0.9022 -0.0177 -0.4310
vn 0.4017 -0.0497 0.9144
vn -0.9069 0.0183 0.4210
vn -0.4468 0.0506 -0.8932
vn -0.4004 0.0497 -0.9150
vn 0.8435 -0.5372 -0.0016
vn 0.6268 0.7792 -0.0010
vn 0.8784 0.4779 -0.0015
vn -0.5216 0.8532 0.0004
vn -0.8560 0.5170 0.0006
vn -0.6323 -0.7747 0.0004
vn 0.5094 -0.8605 -0.0011
vn 0.8433 -0.5374 -0.0016
vn 0.6284 0.7779 -0.0002
vn 0.8783 0.4780 -0.0008
vn -0.5221 0.8529 0.0012
vn -0.8570 0.5152 0.0013
vn -0.6317 -0.7752 -0.0000
vn 0.5078 -0.8615 -0.0015
vn 0.8966 -0.0170 -0.4425
vn 0.4685 -0.0511 0.8820
vn 0.8912 -0.0164 -0.4533
vn 0.4254 -0.0502 0.9036
vn -0.8965 0.0170 0.4428
vn -0.4673 0.0510 -0.8826
vn -0.4242 0.0502 -0.9042
vn 0.8312 -0.5560 -0.0015
vn 0.6331 0.7740 -0.0009
vn 0.8670 0.4984 -0.0014
vn -0.5324 0.8465 0.0003
vn -0.8438 0.5366 0.0006
vn -0.6389 -0.7693 0.0003
vn 0.5202 -0.8541 -0.0011
vn 0.8310 -0.5562 -0.0016
vn 0.6348 0.7727 -0.0002
vn 0.8669 0.4985 -0.0007
vn -0.5329 0.8462 0.0012
vn -0.8450 0.5348 0.0012
vn -0.6384 -0.7697 -0.0001
vn 0.5186 -0.8550 -0.0014
vn 0.8857 -0.0158 -0.4640
vn 0.4888 -0.0514 0.8709
vn 0.8797 -0.0151 -0.4753
vn 0.4487 -0.0507 0.8923
vn -0.8855 0.0157 0.4643
vn -0.4876 0.0514 -0.8716
vn -0.4475 0.0507 -0.8928
vn 0.8189 -0.5740 -0.0014
vn 0.6398 0.7685 -0.0009
vn 0.8553 0.5181 -0.0013
vn -0.5433 0.8396 0.0003
vn -0.8316 0.5553 0.0005
vn -0.6459 -0.7634 0.0003
vn 0.5310 -0.8474 -0.0010
vn 0.8187 -0.5742 -0.0015
vn 0.6415 0.7671 -0.0001
vn 0.8553 0.5181 -0.0006
vn -0.5437 0.8393 0.0011
vn -0.8328 0.5536 0.0012
vn -0.6454 -0.7638 -0.0001
vn 0.5294 -0.8484 -0.0014
vn 0.8743 -0.0145 -0.4852
vn 0.5090 -0.0518 0.8592
vn 0.8676 -0.0138 -0.4970
vn 0.4716 -0.0511 0.8803
vn -0.8741 0.0145 0.4856
vn -0.5078 0.0517 -0.8599
vn -0.4704 0.0511 -0.8810
vn 0.8065 -0.5912 -0.0012
vn 0.6468 0.7627 -0.0008
vn 0.8436 0.5370 -0.0012
vn -0.5542 0.8324 0.0003
vn -0.8194 0.5733 0.0005
vn -0.6532 -0.7572 0.0003
vn 0.5418 -0.8405 -0.0009
vn 0.8064 -0.5914 -0.0014
vn 0.6485 0.7612 -0.0001
vn 0.8436 0.5370 -0.0005
vn -0.5546 0.8321 0.0011
vn -0.8206 0.5715 0.0011
vn -0.6527 -0.7576 -0.0001
vn 0.5402 -0.8415 -0.0013
vn 0.8624 -0.0132 -0.5061
vn 0.5289 -0.0521 0.8471
vn 0.8550 -0.0125 -0.5185
vn 0.4940 -0.0515 0.8679
vn -0.8621 0.0132 0.5065
vn -0.5278 0.0520 -0.8478
vn -0.4930 0.0515 -0.8685
vn 0.7943 -0.6076 -0.0011
vn 0.6541 0.7564 -0.0007
vn 0.8318 0.5551 -0.0011
vn -0.5652 0.8250 0.0003
vn -0.8071 0.5904 0.0004
vn -0.6608 -0.7506 0.0003
vn 0.5527 -0.8333 -0.0009
vn 0.7941 -0.6078 -0.0013
vn 0.6559 0.7548 -0.0000
vn 0.8318 0.5551 -0.0004
vn -0.5655 0.8247 0.0011
vn -0.8084 0.5886 0.0011
vn -0.6604 -0.7509 -0.0001
vn 0.5511 -0.8345 -0.0013
vn 0.8499 -0.0119 -0.5267
vn 0.5486 -0.0524 0.8344
vn 0.8418 -0.0111 -0.5396
vn 0.5161 -0.0519 0.8549
vn -0.8497 0.0119 0.5272
vn -0.5476 0.0523 -0.8351
vn -0.5151 0.0519 -0.8556
vn 0.7821 -0.6232 -0.0010
vn 0.6617 0.7498 -0.0007
vn 0.8199 0.5725 -0.0009
vn -0.5763 0.8173 0.0003
vn -0.7949 0.6068 0.0004
vn -0.6686 -0.7436 0.0002
vn 0.5638 -0.8259 -0.0008
vn 0.7819 -0.6234 -0.0012
vn 0.6635 0.7482 -0.0000
vn 0.8199 0.5725 -0.0003
vn -0.5766 0.8170 0.0010
vn -0.7962 0.6050 0.0010
vn -0.6682 -0.7440 -0.0002
vn 0.5621 -0.8271 -0.0012
vn 0.8370 -0.0106 -0.5470
vn 0.5681 -0.0526 0.8212
vn 0.8281 -0.0098 -0.5605
vn 0.5378 -0.0522 0.8415
vn -0.8367 0.0106 0.5475
vn -0.5671 0.0526 -0.8219
vn -0.5368 0.0522 -0.8421
vn 0.7699 -0.6381 -0.0009
vn 0.6695 0.7428 -0.0006
vn 0.8080 0.5892 -0.0008
vn -0.5875 0.8092 0.0002
vn -0.7827 0.6223 0.0004
vn -0.6767 -0.7362 0.0002
vn 0.5749 -0.8182 -0.0007
vn 0.7698 -0.6383 -0.0012
vn 0.6713 0.7411 0.0001
vn 0.8080 0.5892 -0.0002
vn -0.5878 0.8090 0.0010
vn -0.7841 0.6206 0.0010
vn -0.6764 -0.7366 -0.0002
vn 0.5732 -0.8194 -0.0012
vn 0.8237 -0.0093 -0.5670
vn 0.5874 -0.0528 0.8076
vn 0.8139 -0.0084 -0.5809
vn -0.8136 0.0084 0.5814
vn -0.8233 0.0093 0.5675
vn -0.5864 0.0528 -0.8083
vn -0.5581 0.0525 -0.8281
vn 0.7580 -0.6523 -0.0007
vn 0.6777 0.7354 -0.0005
vn 0.7961 0.6052 -0.0007
vn -0.5989 0.8009 0.0002
vn -0.7707 0.6372 0.0003
vn -0.6851 -0.7284 0.0002
vn 0.5861 -0.8102 -0.0007
vn 0.7578 -0.6525 -0.0011
vn 0.6795 0.7337 0.0001
vn 0.7961 0.6051 -0.0001
vn -0.5991 0.8006 0.0009
vn -0.7721 0.6355 0.0009
vn -0.6848 -0.7288 -0.0003
vn 0.5844 -0.8114 -0.0011
vn 0.8098 -0.0080 -0.5866
vn 0.6063 -0.0530 0.7934
vn 0.7992 -0.0071 -0.6011
vn 0.5799 -0.0528 0.8130
vn -0.8095 0.0080 0.5871
vn -0.6054 0.0530 -0.7941
vn -0.5790 0.0528 -0.8136
vn 0.7461 -0.6658 -0.0006
vn 0.6861 0.7275 -0.0004
vn 0.7842 0.6205 -0.0006
vn -0.6104 0.7921 0.0002
vn -0.7588 0.6514 0.0003
vn -0.6937 -0.7202 0.0002
vn 0.5975 -0.8019 -0.0006
vn 0.7460 -0.6660 -0.0010
vn 0.6879 0.7258 0.0002
vn 0.7842 0.6205 -0.0000
vn -0.6106 0.7919 0.0009
vn -0.7602 0.6497 0.0009
vn -0.6934 -0.7205 -0.0003
vn 0.5958 -0.8031 -0.0010
vn 0.7955 -0.0067 -0.6059
vn 0.6250 -0.0532 0.7788
vn 0.7839 -0.0057 -0.6208
vn -0.7835 0.0057 0.6213
vn -0.7951 0.0067 0.6064
vn -0.6242 0.0532 -0.7795
vn -0.5994 0.0530 -0.7987
vn 0.7345 -0.6787 -0.0005
vn 0.6947 0.7193 -0.0004
vn 0.7723 0.6352 -0.0005
vn -0.6220 0.7830 0.0002
vn -0.7470 0.6648 0.0002
vn -0.7026 -0.7116 0.0001
vn 0.6090 -0.7932 -0.0005
vn 0.7343 -0.6788 -0.0009
vn 0.6965 0.7175 0.0003
vn 0.7724 0.6351 0.0001
vn -0.6222 0.7828 0.0008
vn -0.7484 0.6632 0.0008
vn -0.7023 -0.7118 -0.0003
vn 0.6074 -0.7944 -0.0010
vn 0.7808 -0.0054 -0.6248
vn 0.6434 -0.0533 0.7637
vn 0.7682 -0.0043 -0.6402
vn 0.6203 -0.0532 0.7826
vn -0.7803 0.0054 0.6253
vn -0.6426 0.0533 -0.7644
vn -0.6195 0.0532 -0.7832
vn 0.7230 -0.6909 -0.0004
vn 0.7036 0.7106 -0.0003
vn 0.7605 0.6493 -0.0004
vn -0.6338 0.7735 0.0001
vn -0.7354 0.6777 0.0002
vn -0.7117 -0.7024 0.0001
vn 0.6207 -0.7841 -0.0004
vn 0.7228 -0.6911 -0.0008
vn 0.7054 0.7088 0.0003
vn 0.7606 0.6492 0.0002
vn -0.6340 0.7733 0.0008
vn -0.7368 0.6761 0.0007
vn -0.7115 -0.7027 -0.0004
vn 0.6190 -0.7854 -0.0009
vn 0.7656 -0.0041 -0.6433
vn 0.6614 -0.0534 0.7482
vn 0.7519 -0.0030 -0.6592
vn 0.6398 -0.0533 0.7666
vn -0.7651 0.0041 0.6439
vn -0.6606 0.0534 -0.7488
vn -0.6391 0.0533 -0.7673
vn 0.7117 -0.7025 -0.0003
vn 0.7128 0.7014 -0.0002
vn 0.7488 0.6628 -0.0003
vn -0.6457 0.7636 0.0001
vn -0.7239 0.6899 0.0002
vn -0.7211 -0.6928 0.0001
vn 0.6325 -0.7746 -0.0003
vn 0.7115 -0.7027 -0.0008
vn 0.7145 0.6996 0.0004
vn 0.7489 0.6627 0.0003
vn -0.6459 0.7634 0.0007
vn -0.7254 0.6883 0.0007
vn -0.7209 -0.6931 -0.0004
vn 0.6308 -0.7759 -0.0008
vn 0.7500 -0.0028 -0.6615
vn 0.6790 -0.0535 0.7322
vn 0.7352 -0.0016 -0.6778
vn -0.7347 0.0016 0.6784
vn -0.7495 0.0027 0.6620
vn -0.6783 0.0535 -0.7328
vn -0.6583 0.0535 -0.7509
vn 0.7006 -0.7135 -0.0002
vn 0.7221 0.6918 -0.0001
vn 0.7372 0.6757 -0.0001
vn -0.6578 0.7532 0.0001
vn -0.7127 0.7015 0.0001
vn -0.7306 -0.6828 -0.0000
vn 0.6445 -0.7646 -0.0002
vn 0.7005 -0.7137 -0.0007
vn 0.7239 0.6899 0.0005
vn 0.7373 0.6756 0.0004
vn -0.6579 0.7531 0.0007
vn -0.7142 0.7000 0.0006
vn -0.7305 -0.6830 -0.0005
vn 0.6428 -0.7660 -0.0007
vn 0.7339 -0.0015 -0.6792
vn 0.6963 -0.0536 0.7157
vn 0.7180 -0.0002 -0.6960
vn -0.7174 0.0002 0.6966
vn -0.7334 0.0014 0.6798
vn -0.6957 0.0536 -0.7163
vn -0.6770 0.0535 -0.7340
vn 0.6898 -0.7240 -0.0001
vn 0.7317 0.6816 -0.0000
vn 0.7256 0.6881 -0.0000
vn -0.6700 0.7424 -0.0000
vn -0.7017 0.7125 0.0001
vn -0.7404 -0.6722 -0.0000
vn 0.6565 -0.7543 -0.0001
vn 0.6896 -0.7242 -0.0006
vn 0.7336 0.6796 0.0005
vn 0.7258 0.6879 0.0005
vn -0.6701 0.7422 0.0006
vn -0.7033 0.7109 0.0006
vn -0.7402 -0.6723 -0.0005
vn 0.6548 -0.7558 -0.0006
vn 0.7175 -0.0002 -0.6965
vn 0.7133 -0.0536 0.6988
vn 0.7003 0.0011 -0.7138
vn -0.6997 -0.0012 0.7144
vn -0.7169 0.0001 0.6972
vn -0.7127 0.0536 -0.6994
vn -0.6953 0.0536 -0.7168
vn 0.6808 -0.7308 -0.0497
vn 0.7355 0.6766 0.0354
vn 0.6759 -0.7353 -0.0500
vn 0.7263 0.6864 0.0361
vn -0.6840 0.7278 0.0496
vn -0.7398 -0.6720 -0.0351
vn -0.7309 -0.6816 -0.0358
vn 0.6793 -0.7320 -0.0513
vn 0.7360 0.6760 0.0366
vn 0.6754 -0.7356 -0.0515
vn 0.7279 0.6846 0.0372
vn -0.6844 0.7273 0.0510
vn -0.7381 -0.6737 -0.0364
vn -0.7304 -0.6820 -0.0370
vn 0.7054 0.0064 -0.7088
vn 0.7212 -0.0594 0.6901
vn 0.7079 -0.0595 0.7038
vn -0.6915 -0.0078 0.7223
vn -0.7052 -0.0067 0.7090
vn -0.7212 0.0592 -0.6902
vn -0.7078 0.0593 -0.7040
vn 0.6858 -0.7251 -0.0629
vn 0.7357 0.6758 0.0450
vn 0.6727 -0.7372 -0.0637
vn -0.6737 0.7363 0.0636
vn -0.6866 0.7243 0.0628
vn -0.7386 -0.6727 -0.0447
vn -0.7311 -0.6808 -0.0454
vn 0.6840 -0.7267 -0.0635
vn 0.7359 0.6756 0.0455
vn 0.6725 -0.7373 -0.0643
vn -0.6756 0.7345 0.0641
vn -0.6868 0.7241 0.0634
vn -0.7368 -0.6746 -0.0454
vn -0.7309 -0.6809 -0.0460
vn 0.7002 0.0140 -0.7138
vn 0.7218 -0.0665 0.6889
vn 0.7132 -0.0667 0.6978
vn -0.6909 -0.0151 0.7228
vn -0.7000 -0.0143 0.7140
vn -0.7218 0.0663 -0.6889
vn 0.6909 0.0149 -0.7228
vn 0.6854 -0.7254 -0.0630
vn 0.7317 0.6801 0.0453
vn 0.6729 -0.7370 -0.0637
vn -0.6739 0.7361 0.0637
vn -0.6863 0.7246 0.0629
vn -0.7346 -0.6770 -0.0451
vn -0.7354 -0.6762 -0.0450
vn 0.6836 -0.7271 -0.0636
vn 0.7319 0.6799 0.0459
vn 0.6727 -0.7371 -0.0643
vn -0.6758 0.7343 0.0641
vn -0.6864 0.7244 0.0634
vn -0.7328 -0.6789 -0.0458
vn -0.7352 -0.6763 -0.0456
vn 0.6950 0.0216 -0.7187
vn 0.7225 -0.0737 0.6875
vn 0.7183 -0.0739 0.6918
vn -0.6903 -0.0224 0.7232
vn -0.6948 -0.0219 0.7189
vn -0.7224 0.0735 -0.6875
vn 0.6903 0.0221 -0.7232
vn 0.6835 -0.7268 -0.0674
vn 0.7276 0.6847 0.0412
vn 0.6725 -0.7370 -0.0680
vn -0.6756 0.7342 0.0678
vn -0.6865 0.7240 0.0672
vn -0.7318 -0.6802 -0.0408
vn -0.7395 -0.6719 -0.0400
vn 0.6723 -0.7371 -0.0686
vn 0.7369 0.6748 0.0407
vn 0.7278 0.6845 0.0416
vn -0.6775 0.7324 0.0683
vn -0.6866 0.7239 0.0678
vn -0.7394 -0.6721 -0.0405
vn -0.7300 -0.6821 -0.0414
vn 0.6676 0.0306 -0.7439
vn 0.7446 -0.0786 0.6628
vn 0.6673 0.0307 -0.7442
vn -0.6664 -0.0307 0.7450
vn -0.6667 -0.0307 0.7447
vn -0.7438 0.0787 -0.6637
vn -0.7435 0.0787 -0.6641
vn 0.6685 -0.7353 -0.1112
vn 0.7250 0.6888 -0.0054
vn 0.7237 0.6901 -0.0052
vn -0.6871 0.7179 0.1113
vn -0.6862 0.7188 0.1113
vn -0.7389 -0.6738 0.0077
vn -0.7376 -0.6752 0.0074
vn 0.6684 -0.7354 -0.1119
vn 0.7268 0.6868 -0.0054
vn 0.7240 0.6898 -0.0049
vn -0.6887 0.7163 0.1121
vn -0.6863 0.7187 0.1121
vn -0.7387 -0.6740 0.0073
vn -0.7356 -0.6773 0.0068
vn 0.6112 0.0344 -0.7907
vn 0.7916 -0.0743 0.6065
vn 0.6108 0.0344 -0.7910
vn 0.7913 -0.0743 0.6068
vn -0.6102 -0.0344 0.7915
vn -0.7908 0.0744 -0.6075
vn -0.7905 0.0745 -0.6079
vn 0.6671 -0.7272 -0.1617
vn 0.7179 0.6936 -0.0595
vn 0.7213 0.6900 -0.0603
vn -0.6755 0.7193 0.1624
vn -0.6817 0.7132 0.1629
vn -0.7282 -0.6826 0.0619
vn 0.6609 -0.7329 -0.1612
vn 0.6669 -0.7273 -0.1624
vn 0.7197 0.6917 -0.0596
vn 0.7216 0.6897 -0.0601
vn -0.6754 0.7192 0.1631
vn -0.6833 0.7116 0.1638
vn -0.7280 -0.6828 0.0616
vn 0.6593 -0.7343 -0.1618
vn 0.5675 0.0366 -0.8226
vn 0.8229 -0.0708 0.5638
vn 0.5673 0.0366 -0.8227
vn 0.8228 -0.0708 0.5639
vn -0.5671 -0.0366 0.8228
vn -0.8226 0.0709 -0.5641
vn -0.8225 0.0709 -0.5643
vn 0.6646 -0.7242 -0.1842
vn 0.7181 0.6908 -0.0847
vn 0.7187 0.6901 -0.0848
vn -0.6701 0.7189 0.1849
vn -0.6723 0.7167 0.1851
vn -0.7223 -0.6862 0.0859
vn 0.6623 -0.7263 -0.1839
vn 0.6643 -0.7243 -0.1847
vn 0.7199 0.6889 -0.0846
vn 0.7190 0.6899 -0.0844
vn -0.6701 0.7187 0.1854
vn -0.6738 0.7151 0.1858
vn -0.7223 -0.6863 0.0853
vn 0.6606 -0.7278 -0.1843
vn 0.5567 0.0362 -0.8299
vn 0.8307 -0.0690 0.5524
vn 0.8301 -0.0690 0.5533
vn -0.5563 -0.0362 0.8302
vn -0.5555 -0.0363 0.8308
vn -0.8304 0.0690 -0.5528
vn -0.8299 0.0691 -0.5536
vn 0.6559 -0.7309 -0.1888
vn 0.7203 0.6874 -0.0925
vn 0.7111 0.6974 -0.0898
vn -0.6669 0.7205 0.1903
vn -0.6766 0.7110 0.1915
vn -0.7274 -0.6797 0.0945
vn -0.7180 -0.6900 0.0918
vn 0.6556 -0.7310 -0.1894
vn 0.7220 0.6856 -0.0926
vn 0.7113 0.6971 -0.0895
vn -0.6684 0.7188 0.1911
vn -0.6766 0.7108 0.1921
vn -0.7273 -0.6798 0.0941
vn -0.7163 -0.6918 0.0910
vn -0.0000 0.4396 -0.8982
vn 0.6572 0.4185 -0.6268
vn 0.9295 0.3677 0.0285
vn 0.6572 0.3170 0.6838
vn -0.0000 0.2959 0.9552
vn -0.6572 0.3170 0.6838
vn -0.9295 0.3677 0.0285
vn -0.6572 0.4185 -0.6268
vn 0.9295 0.3678 0.0285
vn -0.9295 0.3678 0.0285
vn -0.0000 0.4395 -0.8982
vn 0.6573 0.4185 -0.6268
vn -0.5919 -0.0000 -0.8060
vn 0.8060 -0.0000 -0.5919
vn 0.5930 -0.0000 0.8052
vn 0.5929 -0.0000 0.8052
vn -0.8052 -0.0000 0.5930
vn -0.8052 -0.0000 0.5929
vn -0.6899 -0.0000 -0.7239
vn 0.7239 -0.0000 -0.6899
vn 0.6910 -0.0000 0.7228
vn -0.7229 -0.0000 0.6910
vn -0.7375 -0.0000 -0.6753
vn 0.6757 -0.0000 -0.7372
vn 0.7406 -0.0000 0.6720
vn -0.6716 -0.0000 0.7409
vn -0.6717 -0.0000 0.7409
vn -0.8147 -0.0000 -0.5798
vn 0.5812 -0.0000 -0.8138
vn 0.8167 -0.0000 0.5771
vn 0.8166 -0.0000 0.5771
vn -0.5758 -0.0000 0.8176
vn -0.6655 -0.0000 -0.7464
vn 0.7510 -0.0000 -0.6603
vn 0.7511 -0.0000 -0.6602
vn 0.6276 -0.0000 0.7785
vn -0.7741 -0.0000 0.6330
vn -0.6927 -0.0000 -0.7212
vn 0.7210 -0.0000 -0.6929
vn 0.6998 -0.0000 0.7143
vn -0.7145 -0.0000 0.6996
vn -0.9600 -0.0000 0.2801
vn -0.2794 -0.0000 -0.9602
vn 0.9572 -0.0000 -0.2893
vn 0.9573 -0.0000 -0.2892
vn 0.2899 -0.0000 0.9570
vn -0.7065 -0.0000 0.7077
vn -0.7077 -0.0000 -0.7065
vn -0.7065 -0.0000 0.7078
vn 0.7030 -0.0000 -0.7112
vn 0.7112 -0.0000 0.7030
vn -0.2764 -0.0000 0.9610
vn -0.9612 -0.0000 -0.2760
vn 0.2661 -0.0000 -0.9639
vn 0.2662 -0.0000 -0.9639
vn 0.9638 -0.0000 0.2665
vn 0.9638 -0.0000 0.2666
vn 0.7237 -0.0000 0.6901
vn -0.6905 -0.0000 0.7233
vn -0.7299 -0.0000 -0.6836
vn 0.6832 -0.0000 -0.7303
vn 0.7378 -0.0000 0.6750
vn -0.6734 -0.0000 0.7393
vn 0.7379 -0.0000 0.6750
vn -0.6734 -0.0000 0.7392
vn -0.7099 -0.0000 -0.7044
vn -0.7098 -0.0000 -0.7044
vn 0.7058 -0.0000 -0.7084
vn 0.5813 -0.0000 0.8137
vn -0.8127 -0.0000 0.5826
vn -0.8128 -0.0000 0.5826
vn -0.5866 -0.0000 -0.8098
vn -0.5866 -0.0000 -0.8099
vn 0.8108 -0.0000 -0.5854
vn 0.6767 -0.0000 0.7363
vn -0.7360 -0.0000 0.6770
vn -0.7360 -0.0000 0.6769
vn -0.6806 -0.0000 -0.7326
vn -0.6806 -0.0000 -0.7327
vn 0.7329 -0.0000 -0.6803
vn 0.7243 -0.0000 0.6895
vn -0.6895 -0.0000 0.7242
vn -0.6896 -0.0000 0.7242
vn -0.7253 -0.0000 -0.6884
vn -0.7253 -0.0000 -0.6885
vn 0.6884 -0.0000 -0.7253
vn 0.8060 -0.0000 0.5919
vn -0.5919 -0.0000 0.8060
vn -0.8060 -0.0000 -0.5919
vn 0.5919 -0.0000 -0.8060
vn -0.0000 1.0000 0.0001
vn 0.9960 -0.0000 0.0890
vn 0.9842 -0.0000 0.1773
vn -0.9842 -0.0000 -0.1772
vn -0.0398 0.9992 -0.0036
vn -0.0398 -0.9992 -0.0035
vn -0.0000 -1.0000 0.0001
vn 0.0001 1.0000 0.0002
vn -0.9960 -0.0000 -0.0889
vn 0.0001 -1.0000 0.0002
vn 0.9120 -0.0000 -0.4101
vn 1.0000 -0.0000 0.0005
vn -0.1677 0.9829 0.0758
vn -0.1677 -0.9829 0.0758
vn 0.1678 0.9829 -0.0752
vn -0.9117 -0.0000 0.4109
vn -0.9119 -0.0000 0.4105
vn 0.1678 -0.9829 -0.0752
vn 0.1875 0.9773 0.0991
vn 0.9121 -0.0000 -0.4101
vn -0.8807 -0.0000 -0.4738
vn 0.1875 -0.9773 0.0991
vn 0.6561 -0.0000 0.7547
vn 0.8815 -0.0000 0.4722
vn -0.0387 0.9982 -0.0459
vn -0.0387 -0.9982 -0.0459
vn 0.8769 -0.0000 0.4806
vn -0.6553 -0.0000 -0.7554
vn -0.0853 0.9953 -0.0467
vn -0.0853 -0.9953 -0.0467
vn -0.0623 0.9980 -0.0094
vn -0.9900 -0.0000 -0.1409
vn -0.8770 -0.0000 -0.4806
vn -0.0623 -0.9980 -0.0094
vn -0.0547 0.9985 0.0073
vn 0.9903 -0.0000 0.1392
vn -0.9923 -0.0000 0.1236
vn -0.0547 -0.9985 0.0073
vn 0.9010 -0.0000 -0.4338
vn 0.9925 -0.0000 -0.1219
vn -0.0806 0.9960 0.0389
vn -0.0806 -0.9960 0.0389
vn -0.0425 0.9982 0.0414
vn -0.7090 -0.0000 0.7052
vn -0.9009 -0.0000 0.4339
vn -0.0425 -0.9982 0.0414
vn -0.0155 0.9996 0.0228
vn 0.7076 -0.0000 -0.7066
vn -0.5589 -0.0000 0.8293
vn -0.0155 -0.9996 0.0228
vn 0.4240 -0.0000 -0.9057
vn 0.5587 -0.0000 -0.8294
vn -0.0178 0.9991 0.0381
vn -0.0178 -0.9991 0.0381
vn 0.2422 -0.0000 -0.9702
vn -0.4239 -0.0000 0.9057
vn -0.0109 0.9990 0.0434
vn -0.0109 -0.9990 0.0434
vn -0.0024 0.9995 0.0325
vn -0.0725 -0.0000 0.9974
vn -0.2422 -0.0000 0.9702
vn -0.0024 -0.9995 0.0325
vn -0.0000 1.0000 -0.0001
vn 0.0723 -0.0000 -0.9974
vn -0.0000 -1.0000 -0.0001
vn -0.0723 -0.0000 -0.9974
vn 0.0024 0.9995 0.0325
vn 0.0024 -0.9995 0.0325
vn -0.2422 -0.0000 -0.9702
vn 0.0725 -0.0000 0.9974
vn 0.0109 0.9990 0.0434
vn 0.0109 -0.9990 0.0434
vn 0.0178 0.9991 0.0381
vn 0.4239 -0.0000 0.9057
vn 0.2422 -0.0000 0.9702
vn 0.0178 -0.9991 0.0381
vn 0.0155 0.9996 0.0228
vn -0.4240 -0.0000 -0.9057
vn 0.5589 -0.0000 0.8293
vn 0.0155 -0.9996 0.0228
vn -0.7076 -0.0000 -0.7066
vn -0.5587 -0.0000 -0.8294
vn 0.0425 0.9982 0.0414
vn 0.0425 -0.9982 0.0414
vn -0.9010 -0.0000 -0.4338
vn 0.7090 -0.0000 0.7052
vn 0.0806 0.9960 0.0389
vn 0.0806 -0.9960 0.0389
vn 0.0547 0.9985 0.0073
vn 0.9923 -0.0000 0.1236
vn 0.9009 -0.0000 0.4339
vn 0.0547 -0.9985 0.0073
vn -0.9903 -0.0000 0.1392
vn -0.9925 -0.0000 -0.1219
vn 0.0623 0.9980 -0.0094
vn 0.0623 -0.9980 -0.0094
vn -0.8769 -0.0000 0.4806
vn 0.9900 -0.0000 -0.1409
vn 0.0853 0.9953 -0.0467
vn 0.0853 -0.9953 -0.0467
vn 0.0387 0.9982 -0.0459
vn 0.6553 -0.0000 -0.7554
vn 0.8770 -0.0000 -0.4806
vn 0.0387 -0.9982 -0.0459
vn -0.1875 0.9773 0.0991
vn -0.6561 -0.0000 0.7547
vn 0.8807 -0.0000 -0.4738
vn -0.1875 -0.9773 0.0991
vn -0.9121 -0.0000 -0.4101
vn -0.8815 -0.0000 0.4722
vn -0.1678 0.9829 -0.0752
vn -0.1678 -0.9829 -0.0752
vn -0.9120 -0.0000 -0.4101
vn 0.9117 -0.0000 0.4109
vn 0.1677 0.9829 0.0758
vn 0.1677 -0.9829 0.0758
vn -0.0001 1.0000 0.0002
vn 0.9119 -0.0000 0.4105
vn -0.0001 -1.0000 0.0002
vn -0.9960 -0.0000 0.0890
vn -1.0000 -0.0000 0.0005
vn 0.0398 0.9992 -0.0035
vn 0.0398 -0.9992 -0.0035
vn 0.9842 -0.0000 -0.1772
vn 0.9960 -0.0000 -0.0889
vn -0.0000 1.0000 -0.0000
vn -0.0398 -0.9992 -0.0036
vn -0.0000 -1.0000 -0.0000
vn 0.0001 1.0000 0.0001
vn 0.0001 -1.0000 0.0001
vn 1.0000 -0.0000 0.0003
vn -0.1678 0.9829 0.0757
vn -0.1678 -0.9829 0.0757
vn 0.1679 0.9829 -0.0753
vn -0.9118 -0.0000 0.4106
vn -0.9119 -0.0000 0.4103
vn 0.1679 -0.9829 -0.0753
vn 0.1874 0.9772 0.0997
vn -0.8807 -0.0000 -0.4737
vn 0.1874 -0.9772 0.0997
vn 0.6565 -0.0000 0.7543
vn 0.8812 -0.0000 0.4727
vn -0.0389 0.9982 -0.0456
vn -0.0389 -0.9982 -0.0456
vn -0.6560 -0.0000 -0.7548
vn -0.0855 0.9952 -0.0468
vn -0.0855 -0.9952 -0.0468
vn -0.0624 0.9980 -0.0092
vn -0.9900 -0.0000 -0.1407
vn -0.0624 -0.9980 -0.0092
vn -0.0548 0.9985 0.0072
vn 0.9902 -0.0000 0.1398
vn -0.9923 -0.0000 0.1235
vn -0.0548 -0.9985 0.0072
vn 0.9010 -0.0000 -0.4339
vn 0.9925 -0.0000 -0.1225
vn -0.0808 0.9960 0.0389
vn -0.0808 -0.9960 0.0389
vn -0.0424 0.9982 0.0417
vn -0.7089 -0.0000 0.7054
vn -0.9010 -0.0000 0.4339
vn -0.0424 -0.9982 0.0417
vn -0.0155 0.9996 0.0229
vn 0.7081 -0.0000 -0.7061
vn -0.5588 -0.0000 0.8293
vn -0.0155 -0.9996 0.0229
vn 0.5587 -0.0000 -0.8293
vn 0.0724 -0.0000 -0.9974
vn -0.0724 -0.0000 -0.9974
vn 0.0155 0.9996 0.0229
vn 0.5588 -0.0000 0.8293
vn 0.0155 -0.9996 0.0229
vn -0.7081 -0.0000 -0.7061
vn -0.5587 -0.0000 -0.8293
vn 0.0424 0.9982 0.0417
vn 0.0424 -0.9982 0.0417
vn -0.9010 -0.0000 -0.4339
vn 0.7089 -0.0000 0.7054
vn 0.0808 0.9960 0.0389
vn 0.0808 -0.9960 0.0389
vn 0.0548 0.9985 0.0072
vn 0.9923 -0.0000 0.1235
vn 0.9010 -0.0000 0.4339
vn 0.0548 -0.9985 0.0072
vn -0.9902 -0.0000 0.1398
vn -0.9925 -0.0000 -0.1225
vn 0.0624 0.9980 -0.0092
vn 0.0624 -0.9980 -0.0092
vn 0.9900 -0.0000 -0.1407
vn 0.0855 0.9952 -0.0468
vn 0.0855 -0.9952 -0.0468
vn 0.0389 0.9982 -0.0456
vn 0.6560 -0.0000 -0.7548
vn 0.0389 -0.9982 -0.0456
vn -0.1874 0.9772 0.0997
vn -0.6565 -0.0000 0.7543
vn 0.8807 -0.0000 -0.4737
vn -0.1874 -0.9772 0.0997
vn -0.8812 -0.0000 0.4727
vn -0.1679 0.9829 -0.0753
vn -0.1679 -0.9829 -0.0753
vn 0.9118 -0.0000 0.4106
vn 0.1678 0.9829 0.0757
vn 0.1678 -0.9829 0.0757
vn -0.0001 1.0000 0.0001
vn 0.9119 -0.0000 0.4103
vn -0.0001 -1.0000 0.0001
vn -1.0000 -0.0000 0.0003
vn 0.0398 0.9992 -0.0036
vn 0.0398 -0.9992 -0.0036
vn 0.9095 -0.0000 -0.4156
vn 0.3493 -0.0000 -0.9370
vn -0.3493 -0.0000 -0.9370
vn -0.9095 -0.0000 -0.4156
vn 0.9096 -0.0000 -0.4156
vn -0.9096 -0.0000 -0.4156
vn 0.0211 -0.9997 0.0133
vn 0.0229 -0.9996 0.0159
vn 0.0063 -0.9998 0.0181
vn -0.0229 -0.9996 0.0159
vn -0.0211 -0.9997 0.0133
vn -0.0063 -0.9998 0.0181
vn -0.9097 0.0212 0.4148
vn -0.9999 0.0071 0.0082
vn -0.9099 0.0262 0.4140
vn 0.3515 0.0215 0.9359
vn -0.3507 0.0225 0.9362
vn 0.3507 0.0225 0.9362
vn 0.9097 0.0212 0.4148
vn 0.9099 0.0262 0.4140
vn 0.9999 0.0071 0.0082
vn 0.0568 -0.9980 0.0292
vn 0.0201 -0.9982 0.0558
vn 0.0199 -0.9983 0.0547
vn -0.0199 -0.9983 0.0547
vn 0.0077 -1.0000 -0.0058
vn -0.0000 -1.0000 -0.0071
vn -0.0568 -0.9980 0.0292
vn -0.0077 -1.0000 -0.0058
vn -0.0201 -0.9982 0.0558
vn -0.3499 -0.0363 0.9361
vn -0.9087 -0.0376 0.4157
vn -0.3495 -0.0367 0.9362
vn 0.9087 -0.0376 0.4157
vn 0.3499 -0.0363 0.9361
vn 0.3495 -0.0367 0.9362
vn 0.9991 -0.0432 0.0013
vn 0.9989 -0.0465 -0.0000
vn -0.9991 -0.0432 0.0013
vn -0.9989 -0.0465 -0.0000
vn -0.7222 -0.6856 0.0916
vn 0.7826 -0.0000 -0.6225
vn 0.3551 -0.0000 -0.9348
vn -0.0599 -0.0000 -0.9982
vn 0.5099 -0.0381 0.8594
vn 0.7263 -0.6809 0.0945
vn 0.7242 -0.6832 0.0936
vn 0.8297 0.0691 -0.5540
vn -0.6619 -0.7269 -0.1832
vn -0.8226 -0.0709 0.5643
vn -0.6661 -0.7282 -0.1615
vn -0.6645 -0.7299 -0.1604
vn -0.7906 -0.0744 0.6078
vn 0.7377 -0.6750 0.0078
vn 0.7358 -0.6771 0.0072
vn -0.7436 -0.0787 0.6640
vn 0.7384 -0.6732 -0.0399
vn 0.7365 -0.6753 -0.0402
vn -0.6903 0.0219 -0.7232
vn 0.7343 -0.6773 -0.0449
vn 0.7325 -0.6793 -0.0446
vn 0.7128 0.0662 -0.6982
vn 0.7300 -0.6819 -0.0453
vn 0.7282 -0.6839 -0.0450
vn -0.6916 0.0073 -0.7223
vn -0.6747 -0.7364 -0.0500
vn -0.6729 -0.7381 -0.0493
vn 0.7003 -0.0011 0.7138
vn -0.7267 0.6870 -0.0002
vn -0.7286 0.6849 -0.0007
vn -0.6771 -0.0535 0.7340
vn -0.7382 0.6746 -0.0003
vn -0.7401 0.6725 -0.0008
vn -0.6584 -0.0535 0.7508
vn -0.7498 0.6617 -0.0004
vn -0.7517 0.6595 -0.0009
vn -0.6392 -0.0533 0.7672
vn -0.7615 0.6482 -0.0005
vn -0.7634 0.6460 -0.0010
vn -0.6196 -0.0532 0.7831
vn -0.7733 0.6341 -0.0007
vn -0.7751 0.6318 -0.0010
vn -0.5996 -0.0530 0.7985
vn -0.7851 0.6194 -0.0008
vn -0.7868 0.6171 -0.0011
vn 0.7993 0.0071 0.6009
vn -0.7970 0.6040 -0.0009
vn -0.7987 0.6017 -0.0012
vn -0.5584 -0.0525 0.8279
vn -0.8089 0.5880 -0.0010
vn -0.8105 0.5857 -0.0013
vn 0.8283 0.0098 0.5602
vn -0.8207 0.5713 -0.0011
vn -0.8223 0.5690 -0.0013
vn -0.5154 -0.0519 0.8554
vn -0.8326 0.5539 -0.0012
vn -0.8342 0.5515 -0.0014
vn -0.4933 -0.0515 0.8683
vn -0.8444 0.5357 -0.0013
vn -0.8459 0.5334 -0.0015
vn -0.4708 -0.0511 0.8807
vn -0.8561 0.5169 -0.0014
vn -0.8575 0.5145 -0.0016
vn -0.4479 -0.0507 0.8926
vn -0.8676 0.4972 -0.0016
vn -0.8690 0.4949 -0.0016
vn 0.8914 0.0164 0.4529
vn -0.8790 0.4767 -0.0017
vn -0.8803 0.4745 -0.0017
vn 0.9024 0.0177 0.4305
vn -0.8902 0.4555 -0.0018
vn -0.8914 0.4532 -0.0018
vn -0.3767 -0.0492 0.9250
vn -0.8665 0.4863 0.1124
vn -0.8664 0.4858 0.1151
vn -0.9252 -0.0485 0.3765
vn -0.0048 -0.4252 -0.9051
vn -0.0049 -0.4288 -0.9034
vn -0.5014 0.0261 -0.8648
vn -0.0031 -0.5116 -0.8592
vn -0.0030 -0.5150 -0.8572
vn -0.8128 -0.0430 0.5810
vn -0.0015 -0.5840 -0.8118
vn -0.0011 -0.5872 -0.8094
vn -0.7426 -0.0395 0.6686
vn 0.0001 -0.6440 -0.7650
vn 0.0006 -0.7686 0.6397
vn 0.6695 0.0355 -0.7420
vn -0.0031 0.6407 0.7678
vn -0.0028 0.6382 0.7699
vn 0.5878 0.0309 -0.8084
vn -0.0063 0.5800 0.8146
vn -0.0051 0.5774 0.8165
vn 0.8758 -0.0461 0.4805
vn -0.0095 0.5066 0.8621
vn -0.0074 0.5041 0.8636
vn 0.9266 -0.0485 0.3728
vn -0.8781 -0.4637 -0.1179
vn -0.8809 -0.4626 -0.0999
vn -0.9125 0.0190 0.4087
vn -0.8998 -0.4364 0.0005
vn -0.8987 -0.4386 0.0005
vn -0.9021 0.0177 0.4312
vn -0.8887 -0.4584 0.0005
vn -0.8876 -0.4607 0.0005
vn -0.8911 0.0164 0.4536
vn -0.8775 -0.4796 0.0004
vn -0.8762 -0.4820 0.0004
vn -0.8795 0.0151 0.4756
vn -0.8660 -0.5001 0.0004
vn -0.8646 -0.5024 0.0003
vn -0.8674 0.0138 0.4974
vn -0.8543 -0.5197 0.0004
vn -0.8529 -0.5220 0.0002
vn -0.8548 0.0124 0.5189
vn -0.8426 -0.5386 0.0003
vn -0.8410 -0.5410 0.0001
vn -0.8416 0.0111 0.5400
vn -0.8307 -0.5567 0.0003
vn -0.8291 -0.5591 0.0001
vn -0.8278 0.0098 0.5609
vn -0.8188 -0.5740 0.0002
vn -0.8172 -0.5764 -0.0000
vn 0.5590 -0.0525 0.8275
vn -0.8069 -0.5907 0.0002
vn -0.8052 -0.5931 -0.0001
vn -0.7988 0.0070 0.6015
vn -0.7950 -0.6066 0.0001
vn -0.7932 -0.6089 -0.0002
vn 0.6003 -0.0530 0.7980
vn -0.7831 -0.6219 0.0001
vn -0.7813 -0.6242 -0.0003
vn -0.7678 0.0043 0.6407
vn -0.7712 -0.6366 0.0001
vn -0.7694 -0.6388 -0.0003
vn -0.7515 0.0029 0.6598
vn -0.7594 -0.6506 -0.0000
vn -0.7576 -0.6528 -0.0004
vn 0.6590 -0.0535 0.7503
vn -0.7477 -0.6641 -0.0000
vn -0.7458 -0.6662 -0.0005
vn 0.6777 -0.0535 0.7334
vn -0.7360 -0.6770 -0.0000
vn -0.7340 -0.6791 -0.0005
vn 0.6959 -0.0536 0.7161
vn -0.6795 0.7320 0.0498
vn -0.6809 0.7306 0.0512
vn 0.6916 0.0076 -0.7223
vn 0.7279 0.6841 0.0457
vn 0.7298 0.6821 0.0461
vn -0.7130 0.0665 -0.6980
vn 0.7322 0.6796 0.0453
vn 0.7340 0.6776 0.0457
vn -0.7181 0.0736 -0.6920
vn 0.7351 0.6768 0.0405
vn 0.6816 -0.7285 -0.0681
vn 0.7444 -0.0786 0.6631
vn 0.6677 -0.7361 -0.1112
vn 0.6660 -0.7375 -0.1119
vn -0.6099 -0.0344 0.7918
vn -0.7317 -0.6788 0.0628
vn -0.7297 -0.6809 0.0620
vn -0.5670 -0.0366 0.8229
vn -0.7229 -0.6856 0.0860
vn -0.7213 -0.6874 0.0850
vn 0.5559 0.0363 -0.8305
vn 0.6655 -0.7218 -0.1901
vn 0.6638 -0.7233 -0.1905
vn -0.9842 -0.0000 0.1773
vn 0.0499 -0.9987 0.0055
vn -0.0499 -0.9987 0.0055
vn -0.9999 -0.0000 0.0119
vn -0.3515 0.0215 0.9359
vn 0.9999 -0.0000 0.0119
vn 0.0605 -0.9977 0.0298
vn -0.0605 -0.9977 0.0298
vn -0.9084 -0.0352 0.4166
vn 0.9084 -0.0352 0.4166
vt 0.193825 0.271536
vt 0.196467 0.272299
vt 0.194801 0.274008
vt 0.194015 0.271236
vt 0.196483 0.269942
vt 0.193996 0.270880
vt 0.194805 0.268237
vt 0.193724 0.270671
vt 0.192407 0.268238
vt 0.193378 0.270725
vt 0.190718 0.269936
vt 0.193164 0.271013
vt 0.190718 0.272327
vt 0.193210 0.271369
vt 0.192408 0.274020
vt 0.193486 0.271586
vt 0.022645 0.265625
vt 0.022866 0.268176
vt 0.022593 0.268171
vt 0.022666 0.263994
vt 0.022895 0.265626
vt 0.022350 0.268189
vt 0.022136 0.265603
vt 0.022391 0.265610
vt 0.022861 0.268448
vt 0.022588 0.268443
vt 0.023150 0.265616
vt 0.022918 0.262479
vt 0.023150 0.263997
vt 0.022909 0.263995
vt 0.022192 0.263985
vt 0.022273 0.260659
vt 0.022461 0.262477
vt 0.022236 0.262472
vt 0.022685 0.262479
vt 0.022431 0.263992
vt 0.022924 0.258901
vt 0.023142 0.260664
vt 0.022924 0.260664
vt 0.022702 0.260664
vt 0.023147 0.262480
vt 0.022714 0.257987
vt 0.022715 0.258902
vt 0.022302 0.258896
vt 0.022487 0.260663
vt 0.022311 0.257987
vt 0.022511 0.258900
vt 0.022927 0.257987
vt 0.023133 0.258900
vt 0.267888 0.245982
vt 0.267617 0.243521
vt 0.267881 0.243519
vt 0.267887 0.247576
vt 0.267644 0.245984
vt 0.267146 0.243504
vt 0.267397 0.245997
vt 0.267155 0.245998
vt 0.268106 0.243247
vt 0.268129 0.243496
vt 0.268135 0.245993
vt 0.267650 0.249092
vt 0.267414 0.247578
vt 0.267646 0.247579
vt 0.267433 0.250944
vt 0.267195 0.249093
vt 0.267424 0.249092
vt 0.267885 0.249090
vt 0.267177 0.247579
vt 0.268125 0.247575
vt 0.267661 0.252779
vt 0.267654 0.250944
vt 0.268116 0.249090
vt 0.267882 0.250943
vt 0.267881 0.253740
vt 0.267880 0.252778
vt 0.267447 0.252780
vt 0.267210 0.250945
vt 0.268108 0.250944
vt 0.267233 0.253740
vt 0.267225 0.252782
vt 0.268098 0.252779
vt 0.267656 0.253740
vt 0.083461 0.274588
vt 0.083694 0.273235
vt 0.083694 0.274588
vt 0.083926 0.274580
vt 0.083926 0.273227
vt 0.084159 0.273227
vt 0.084159 0.274580
vt 0.083228 0.274580
vt 0.083461 0.273235
vt 0.097713 0.274788
vt 0.097946 0.273435
vt 0.097946 0.274788
vt 0.098178 0.274780
vt 0.098178 0.273427
vt 0.097247 0.274780
vt 0.097480 0.273427
vt 0.097480 0.274780
vt 0.097713 0.273435
vt 0.019130 0.274363
vt 0.019363 0.273010
vt 0.019363 0.274363
vt 0.019596 0.274355
vt 0.019596 0.273002
vt 0.018665 0.274355
vt 0.018898 0.273002
vt 0.018898 0.274355
vt 0.019130 0.273010
vt 0.022866 0.247798
vt 0.022645 0.250349
vt 0.022593 0.247803
vt 0.022895 0.250348
vt 0.022666 0.251980
vt 0.022136 0.250371
vt 0.022350 0.247786
vt 0.022391 0.250365
vt 0.022861 0.247526
vt 0.022588 0.247531
vt 0.023150 0.250358
vt 0.023123 0.247772
vt 0.023150 0.251977
vt 0.022918 0.253495
vt 0.022909 0.251980
vt 0.022192 0.251990
vt 0.022431 0.251982
vt 0.022461 0.253497
vt 0.022273 0.255316
vt 0.022236 0.253502
vt 0.022685 0.253495
vt 0.023142 0.255310
vt 0.022924 0.257073
vt 0.022924 0.255310
vt 0.022702 0.255310
vt 0.022487 0.255312
vt 0.023147 0.253494
vt 0.022715 0.257073
vt 0.022302 0.257078
vt 0.022511 0.257074
vt 0.022515 0.257987
vt 0.023133 0.257074
vt 0.267617 0.263959
vt 0.267888 0.261498
vt 0.267881 0.263961
vt 0.267644 0.261496
vt 0.267887 0.259904
vt 0.267397 0.261483
vt 0.267146 0.263976
vt 0.267155 0.261482
vt 0.268106 0.264233
vt 0.268129 0.263984
vt 0.268135 0.261487
vt 0.267382 0.263977
vt 0.267414 0.259902
vt 0.267650 0.258388
vt 0.267646 0.259901
vt 0.268125 0.259904
vt 0.267195 0.258387
vt 0.267433 0.256536
vt 0.267424 0.258388
vt 0.267885 0.258390
vt 0.267177 0.259901
vt 0.268116 0.258390
vt 0.267661 0.254701
vt 0.267654 0.256536
vt 0.267882 0.256537
vt 0.268108 0.256536
vt 0.267880 0.254702
vt 0.267210 0.256535
vt 0.267447 0.254700
vt 0.268098 0.254701
vt 0.267447 0.253740
vt 0.268098 0.253740
vt 0.105493 0.259055
vt 0.105726 0.260408
vt 0.105493 0.260408
vt 0.105260 0.260400
vt 0.105027 0.259047
vt 0.105027 0.260400
vt 0.105726 0.259055
vt 0.105958 0.260400
vt 0.048339 0.273192
vt 0.048572 0.274545
vt 0.048339 0.274545
vt 0.048107 0.274537
vt 0.048804 0.273184
vt 0.049037 0.274537
vt 0.048804 0.274537
vt 0.048572 0.273192
vt 0.219680 0.272936
vt 0.219913 0.274289
vt 0.219680 0.274289
vt 0.219447 0.274281
vt 0.220145 0.272928
vt 0.220378 0.274281
vt 0.220145 0.274281
vt 0.219913 0.272936
vt 0.004380 0.272279
vt 0.005043 0.271867
vt 0.004614 0.272452
vt 0.002691 0.270913
vt 0.003891 0.272828
vt 0.002302 0.271357
vt 0.003052 0.270454
vt 0.001883 0.271773
vt 0.003351 0.273337
vt 0.001439 0.272159
vt 0.002752 0.273775
vt 0.000979 0.272513
vt 0.005702 0.269796
vt 0.003663 0.269454
vt 0.003947 0.268898
vt 0.005515 0.270444
vt 0.003369 0.269964
vt 0.004822 0.271713
vt 0.005944 0.272896
vt 0.005500 0.274225
vt 0.004171 0.273782
vt 0.005446 0.271258
vt 0.005197 0.271102
vt 0.002122 0.274069
vt 0.002920 0.274042
vt 0.002165 0.274371
vt 0.004117 0.273025
vt 0.003558 0.273562
vt 0.005798 0.270563
vt 0.199332 0.270512
vt 0.199606 0.271265
vt 0.199293 0.271253
vt 0.197138 0.271821
vt 0.197158 0.271239
vt 0.197137 0.270650
vt 0.199274 0.271986
vt 0.197078 0.272392
vt 0.198990 0.273403
vt 0.196971 0.272957
vt 0.196840 0.273512
vt 0.198859 0.268409
vt 0.196970 0.269458
vt 0.196840 0.268818
vt 0.199099 0.269054
vt 0.197072 0.270057
vt 0.199254 0.269781
vt 0.200929 0.270825
vt 0.201369 0.272148
vt 0.200046 0.272588
vt 0.199400 0.268960
vt 0.199556 0.269751
vt 0.198904 0.274189
vt 0.198694 0.273996
vt 0.199129 0.272702
vt 0.199552 0.272018
vt 0.199434 0.272763
vt 0.199612 0.270503
vt 0.199080 0.268237
vt 0.199258 0.273502
vt 0.096069 0.272133
vt 0.095133 0.269881
vt 0.096069 0.269881
vt 0.097006 0.268944
vt 0.097006 0.269881
vt 0.097943 0.269881
vt 0.097006 0.272133
vt 0.096069 0.273070
vt 0.204254 0.270530
vt 0.204559 0.271252
vt 0.204289 0.271251
vt 0.202106 0.271245
vt 0.204248 0.271970
vt 0.202077 0.271830
vt 0.202080 0.270660
vt 0.202017 0.272419
vt 0.204154 0.272701
vt 0.201917 0.273001
vt 0.203708 0.274042
vt 0.201780 0.273611
vt 0.203759 0.268429
vt 0.201916 0.269484
vt 0.201780 0.268857
vt 0.204024 0.269065
vt 0.202022 0.270071
vt 0.204170 0.269794
vt 0.205813 0.270770
vt 0.206295 0.272024
vt 0.205041 0.272506
vt 0.204475 0.269764
vt 0.204277 0.273511
vt 0.203933 0.274236
vt 0.204540 0.271979
vt 0.204455 0.272740
vt 0.204547 0.270525
vt 0.204326 0.268981
vt 0.203980 0.273420
vt 0.187053 0.273055
vt 0.187639 0.272701
vt 0.187639 0.273055
vt 0.207434 0.271400
vt 0.207789 0.271928
vt 0.207434 0.271928
vt 0.187639 0.268591
vt 0.187053 0.268237
vt 0.187639 0.268237
vt 0.121647 0.269183
vt 0.121293 0.268655
vt 0.121647 0.268655
vt 0.101361 0.270627
vt 0.101946 0.270463
vt 0.101946 0.270627
vt 0.187053 0.272172
vt 0.187639 0.272172
vt 0.187053 0.269120
vt 0.187053 0.268591
vt 0.101361 0.270098
vt 0.101361 0.270463
vt 0.101361 0.268818
vt 0.101946 0.270098
vt 0.121293 0.271865
vt 0.121647 0.271337
vt 0.121647 0.271865
vt 0.207434 0.268718
vt 0.207789 0.269246
vt 0.207434 0.269246
vt 0.101946 0.268453
vt 0.101946 0.268818
vt 0.101361 0.268289
vt 0.101361 0.268453
vt 0.101361 0.272267
vt 0.207789 0.271143
vt 0.207789 0.269503
vt 0.121293 0.269440
vt 0.121293 0.271080
vt 0.121293 0.271337
vt 0.121129 0.271080
vt 0.121293 0.269183
vt 0.207952 0.269503
vt 0.207789 0.271400
vt 0.208381 0.269477
vt 0.208527 0.269690
vt 0.208392 0.269612
vt 0.208527 0.270956
vt 0.208381 0.271169
vt 0.208392 0.271034
vt 0.120701 0.271106
vt 0.120555 0.270893
vt 0.120690 0.270971
vt 0.120555 0.269627
vt 0.120701 0.269415
vt 0.120690 0.269549
vt 0.187639 0.270013
vt 0.187053 0.269755
vt 0.187639 0.269755
vt 0.187639 0.271537
vt 0.187053 0.271279
vt 0.187639 0.271279
vt 0.208270 0.269683
vt 0.187053 0.270013
vt 0.187639 0.269120
vt 0.208270 0.270963
vt 0.120812 0.270900
vt 0.120812 0.269620
vt 0.021294 0.273108
vt 0.019952 0.274977
vt 0.021116 0.273002
vt 0.021735 0.275463
vt 0.021527 0.273171
vt 0.021735 0.273171
vt 0.020901 0.275465
vt 0.041183 0.273470
vt 0.040975 0.275761
vt 0.040975 0.273469
vt 0.042758 0.275275
vt 0.041415 0.273406
vt 0.041594 0.273300
vt 0.042041 0.275700
vt 0.079076 0.273397
vt 0.078869 0.275688
vt 0.078869 0.273396
vt 0.080651 0.275202
vt 0.079309 0.273333
vt 0.079487 0.273227
vt 0.079934 0.275627
vt 0.096890 0.275402
vt 0.095548 0.273533
vt 0.095727 0.273427
vt 0.096174 0.275827
vt 0.095444 0.273561
vt 0.081215 0.273397
vt 0.081008 0.275688
vt 0.081008 0.273396
vt 0.082790 0.275202
vt 0.081448 0.273333
vt 0.081626 0.273227
vt 0.082073 0.275627
vt 0.046175 0.273354
vt 0.045968 0.275645
vt 0.045968 0.273353
vt 0.047750 0.275159
vt 0.046408 0.273290
vt 0.046586 0.273184
vt 0.046801 0.275647
vt 0.078072 0.273333
vt 0.076730 0.275202
vt 0.077893 0.273227
vt 0.078512 0.275688
vt 0.078304 0.273397
vt 0.078512 0.273396
vt 0.077446 0.275627
vt 0.085858 0.273333
vt 0.084516 0.275202
vt 0.085679 0.273227
vt 0.086298 0.275688
vt 0.086090 0.273397
vt 0.086298 0.273396
vt 0.085465 0.275690
vt 0.224803 0.273099
vt 0.225011 0.275390
vt 0.224178 0.275393
vt 0.224571 0.273035
vt 0.223229 0.274904
vt 0.224392 0.272929
vt 0.223945 0.275329
vt 0.016240 0.273080
vt 0.017582 0.274948
vt 0.016866 0.275374
vt 0.016008 0.273143
vt 0.015800 0.275434
vt 0.015800 0.273143
vt 0.016633 0.275437
vt 0.221343 0.273034
vt 0.222685 0.274902
vt 0.221968 0.275327
vt 0.221110 0.273097
vt 0.220903 0.275388
vt 0.220903 0.273096
vt 0.221736 0.275391
vt 0.095340 0.273590
vt 0.095132 0.275881
vt 0.095132 0.273589
vt 0.095966 0.275884
vt 0.028211 0.273564
vt 0.028418 0.275855
vt 0.027585 0.275858
vt 0.027978 0.273500
vt 0.026636 0.275369
vt 0.027800 0.273394
vt 0.027353 0.275794
vt 0.051760 0.273413
vt 0.051968 0.275704
vt 0.051135 0.275707
vt 0.051528 0.273349
vt 0.050186 0.275218
vt 0.051349 0.273243
vt 0.050902 0.275643
vt 0.076039 0.273593
vt 0.076247 0.275885
vt 0.075414 0.275887
vt 0.075807 0.273530
vt 0.074465 0.275399
vt 0.075628 0.273424
vt 0.075181 0.275824
vt 0.044020 0.273403
vt 0.045363 0.275271
vt 0.044646 0.275696
vt 0.043788 0.273466
vt 0.043580 0.275757
vt 0.043580 0.273465
vt 0.044414 0.275760
vt 0.235183 0.266636
vt 0.233694 0.266966
vt 0.234419 0.266078
vt 0.233862 0.268132
vt 0.233229 0.267886
vt 0.233639 0.268874
vt 0.233027 0.268800
vt 0.233617 0.269584
vt 0.233055 0.269649
vt 0.233247 0.270406
vt 0.233717 0.270251
vt 0.233544 0.271121
vt 0.234020 0.270843
vt 0.234034 0.271789
vt 0.234482 0.271364
vt 0.234654 0.272341
vt 0.234744 0.267796
vt 0.235445 0.267330
vt 0.234316 0.267404
vt 0.234310 0.268360
vt 0.234089 0.268964
vt 0.234136 0.270116
vt 0.234028 0.269561
vt 0.234369 0.270616
vt 0.234755 0.271038
vt 0.235154 0.271916
vt 0.234950 0.270221
vt 0.234575 0.269541
vt 0.235256 0.269166
vt 0.235457 0.270778
vt 0.235071 0.270611
vt 0.234777 0.270334
vt 0.234622 0.269958
vt 0.234658 0.269100
vt 0.234817 0.268660
vt 0.235166 0.268297
vt 0.235630 0.268032
vt 0.028561 0.273038
vt 0.028276 0.271943
vt 0.029097 0.272499
vt 0.027792 0.272462
vt 0.027726 0.271377
vt 0.027196 0.271708
vt 0.027391 0.270720
vt 0.026636 0.270059
vt 0.026862 0.270900
vt 0.027304 0.269311
vt 0.027271 0.270016
vt 0.026947 0.268398
vt 0.026760 0.269212
vt 0.027357 0.267560
vt 0.027515 0.268619
vt 0.028628 0.267278
vt 0.027916 0.267967
vt 0.029242 0.271883
vt 0.028583 0.271562
vt 0.028129 0.271091
vt 0.027822 0.270561
vt 0.027700 0.269984
vt 0.027726 0.269390
vt 0.027928 0.268819
vt 0.028300 0.268298
vt 0.028886 0.267868
vt 0.028242 0.269935
vt 0.028626 0.269227
vt 0.029334 0.269611
vt 0.028679 0.268718
vt 0.029072 0.268471
vt 0.028416 0.269082
vt 0.028287 0.269501
vt 0.028323 0.270360
vt 0.028581 0.270735
vt 0.028904 0.271070
vt 0.029334 0.271255
vt 0.015800 0.270602
vt 0.016190 0.269874
vt 0.016918 0.270265
vt 0.017411 0.272110
vt 0.018590 0.271645
vt 0.018599 0.272085
vt 0.017426 0.272561
vt 0.018612 0.272547
vt 0.017466 0.269436
vt 0.018612 0.269056
vt 0.018602 0.269470
vt 0.018596 0.269890
vt 0.018592 0.270319
vt 0.017467 0.269856
vt 0.018589 0.270757
vt 0.017452 0.270288
vt 0.017420 0.271661
vt 0.018590 0.271200
vt 0.017437 0.270732
vt 0.017195 0.271191
vt 0.017052 0.270720
vt 0.017217 0.270723
vt 0.017086 0.270275
vt 0.017245 0.270278
vt 0.017116 0.269848
vt 0.017269 0.269849
vt 0.017129 0.269432
vt 0.017282 0.269430
vt 0.017268 0.268951
vt 0.017085 0.268969
vt 0.017205 0.272110
vt 0.017013 0.272605
vt 0.017042 0.272101
vt 0.017200 0.271660
vt 0.017035 0.271656
vt 0.017027 0.271188
vt 0.017441 0.271195
vt 0.016830 0.271185
vt 0.016874 0.270709
vt 0.016956 0.269842
vt 0.016976 0.269439
vt 0.016928 0.269037
vt 0.017493 0.269011
vt 0.016881 0.272095
vt 0.017211 0.272617
vt 0.016860 0.271659
vt 0.021362 0.269961
vt 0.021735 0.270666
vt 0.021030 0.271039
vt 0.018992 0.271677
vt 0.020162 0.272142
vt 0.018983 0.272115
vt 0.020146 0.272589
vt 0.018969 0.272573
vt 0.018969 0.269068
vt 0.020148 0.269468
vt 0.018981 0.269496
vt 0.018987 0.269925
vt 0.020138 0.269906
vt 0.018992 0.270357
vt 0.020141 0.270340
vt 0.018995 0.270794
vt 0.020146 0.270779
vt 0.018993 0.271236
vt 0.020155 0.271697
vt 0.020137 0.271237
vt 0.020525 0.270772
vt 0.020380 0.271235
vt 0.020363 0.270773
vt 0.020504 0.270340
vt 0.020348 0.270338
vt 0.020497 0.269915
vt 0.020340 0.269907
vt 0.020504 0.269471
vt 0.020342 0.269466
vt 0.020361 0.268951
vt 0.020366 0.272143
vt 0.020555 0.272634
vt 0.020359 0.272645
vt 0.020373 0.271698
vt 0.020527 0.272134
vt 0.020535 0.271694
vt 0.020739 0.271230
vt 0.020545 0.271233
vt 0.020698 0.270764
vt 0.020662 0.269915
vt 0.020682 0.269483
vt 0.020559 0.268970
vt 0.020121 0.269017
vt 0.020738 0.272564
vt 0.020686 0.272129
vt 0.008226 0.273619
vt 0.008393 0.271874
vt 0.008909 0.273466
vt 0.008628 0.271836
vt 0.008121 0.270319
vt 0.039660 0.269745
vt 0.039268 0.271697
vt 0.039268 0.269745
vt 0.039660 0.273100
vt 0.039268 0.272059
vt 0.039660 0.272059
vt 0.006354 0.273773
vt 0.007100 0.272254
vt 0.007181 0.272589
vt 0.008175 0.269855
vt 0.007888 0.270335
vt 0.007686 0.269969
vt 0.008147 0.271901
vt 0.007696 0.270661
vt 0.010667 0.272997
vt 0.009493 0.271846
vt 0.008658 0.270334
vt 0.039268 0.269318
vt 0.039660 0.269318
vt 0.039268 0.267249
vt 0.039660 0.267249
vt 0.039660 0.271697
vt 0.013075 0.270800
vt 0.012903 0.269053
vt 0.013587 0.269209
vt 0.012798 0.272372
vt 0.013087 0.272127
vt 0.103153 0.255874
vt 0.103545 0.257827
vt 0.103153 0.257827
vt 0.103153 0.255512
vt 0.103545 0.254471
vt 0.103545 0.255512
vt 0.011024 0.268898
vt 0.011776 0.270416
vt 0.012069 0.272128
vt 0.012373 0.272722
vt 0.012867 0.272800
vt 0.012596 0.270729
vt 0.012829 0.270773
vt 0.012569 0.272316
vt 0.015338 0.269677
vt 0.014168 0.270830
vt 0.014202 0.270491
vt 0.103153 0.258254
vt 0.103153 0.260322
vt 0.103545 0.258254
vt 0.103545 0.260322
vt 0.103545 0.255874
vt 0.048547 0.267257
vt 0.047239 0.267220
vt 0.048029 0.266633
vt 0.047119 0.268264
vt 0.046610 0.267894
vt 0.046744 0.268895
vt 0.046178 0.268675
vt 0.046548 0.269589
vt 0.045968 0.269520
vt 0.046510 0.270306
vt 0.045980 0.270358
vt 0.046126 0.271192
vt 0.046699 0.271009
vt 0.046490 0.272018
vt 0.047064 0.271683
vt 0.047035 0.272828
vt 0.047951 0.268127
vt 0.048626 0.267874
vt 0.047679 0.267733
vt 0.047161 0.269070
vt 0.047477 0.268549
vt 0.046997 0.269655
vt 0.047131 0.270845
vt 0.046986 0.270256
vt 0.047448 0.271399
vt 0.048006 0.271862
vt 0.047813 0.270544
vt 0.047566 0.269745
vt 0.048365 0.269498
vt 0.047876 0.271019
vt 0.047661 0.270623
vt 0.047524 0.270196
vt 0.047669 0.269303
vt 0.047890 0.268917
vt 0.048222 0.268624
vt 0.048654 0.268488
vt 0.218188 0.272470
vt 0.217967 0.271353
vt 0.218768 0.271967
vt 0.217455 0.271832
vt 0.217490 0.270744
vt 0.216938 0.271048
vt 0.217179 0.270094
vt 0.216522 0.269445
vt 0.216626 0.270244
vt 0.216522 0.268628
vt 0.217040 0.269414
vt 0.216767 0.267785
vt 0.217090 0.268719
vt 0.217226 0.266960
vt 0.217349 0.268043
vt 0.218510 0.266689
vt 0.217784 0.267392
vt 0.218960 0.271344
vt 0.218310 0.270973
vt 0.217856 0.270501
vt 0.217593 0.269962
vt 0.217483 0.269391
vt 0.217539 0.268813
vt 0.217738 0.268253
vt 0.218146 0.267753
vt 0.218798 0.267328
vt 0.218022 0.269378
vt 0.218381 0.268668
vt 0.219091 0.269028
vt 0.218527 0.268214
vt 0.218959 0.267977
vt 0.218205 0.268540
vt 0.218054 0.268949
vt 0.218113 0.269797
vt 0.218326 0.270179
vt 0.218662 0.270493
vt 0.219090 0.270707
vt 0.227516 0.266527
vt 0.226304 0.266691
vt 0.226963 0.266078
vt 0.226308 0.267705
vt 0.225796 0.267429
vt 0.226028 0.268342
vt 0.225533 0.268200
vt 0.225932 0.269023
vt 0.225368 0.268972
vt 0.225368 0.269815
vt 0.225956 0.269727
vt 0.225614 0.270676
vt 0.226208 0.270422
vt 0.226067 0.271512
vt 0.226645 0.271106
vt 0.226717 0.272332
vt 0.227742 0.267133
vt 0.226798 0.267138
vt 0.227102 0.267487
vt 0.226447 0.268470
vt 0.226700 0.267948
vt 0.226410 0.269636
vt 0.226347 0.269042
vt 0.226609 0.270211
vt 0.227023 0.270730
vt 0.227707 0.271165
vt 0.227269 0.269795
vt 0.226914 0.269064
vt 0.227645 0.268709
vt 0.227869 0.270481
vt 0.227418 0.270257
vt 0.227090 0.269921
vt 0.226940 0.269503
vt 0.226960 0.268634
vt 0.227129 0.268244
vt 0.227446 0.267944
vt 0.227863 0.267759
vt 0.053168 0.271519
vt 0.054552 0.271803
vt 0.053853 0.272327
vt 0.053271 0.270408
vt 0.053739 0.271087
vt 0.052679 0.270690
vt 0.052989 0.269709
vt 0.052334 0.268965
vt 0.052391 0.269831
vt 0.052508 0.268185
vt 0.052897 0.268996
vt 0.053269 0.267700
vt 0.052995 0.268319
vt 0.053181 0.266734
vt 0.052763 0.267456
vt 0.054383 0.266468
vt 0.053680 0.267103
vt 0.054819 0.271112
vt 0.054110 0.270693
vt 0.053668 0.270178
vt 0.053432 0.269598
vt 0.053356 0.268999
vt 0.053412 0.268425
vt 0.053622 0.267904
vt 0.054011 0.267446
vt 0.054627 0.267067
vt 0.053898 0.268996
vt 0.054241 0.268275
vt 0.054962 0.268619
vt 0.054762 0.267669
vt 0.054359 0.267879
vt 0.054061 0.268178
vt 0.053920 0.268564
vt 0.053992 0.269439
vt 0.054155 0.269866
vt 0.054498 0.270200
vt 0.054962 0.270413
vt 0.119447 0.262512
vt 0.113985 0.261764
vt 0.119932 0.261888
vt 0.119426 0.268646
vt 0.119932 0.269264
vt 0.114470 0.268516
vt 0.113985 0.269140
vt 0.114491 0.262383
vt 0.115945 0.267189
vt 0.115516 0.263760
vt 0.115740 0.263970
vt 0.118177 0.267059
vt 0.115737 0.267414
vt 0.117972 0.263839
vt 0.118401 0.267268
vt 0.118180 0.263614
vt 0.238634 0.272868
vt 0.238412 0.275514
vt 0.238411 0.272867
vt 0.239309 0.275514
vt 0.239083 0.272867
vt 0.239309 0.272867
vt 0.239083 0.275514
vt 0.238860 0.272868
vt 0.238634 0.275515
vt 0.257764 0.264932
vt 0.257512 0.271329
vt 0.257512 0.264931
vt 0.257260 0.264932
vt 0.257260 0.271340
vt 0.257008 0.264932
vt 0.256756 0.271331
vt 0.256756 0.264932
vt 0.038912 0.266851
vt 0.038819 0.273137
vt 0.038819 0.266851
vt 0.038726 0.266851
vt 0.038726 0.273141
vt 0.038634 0.266851
vt 0.038541 0.273139
vt 0.038541 0.266851
vt 0.237209 0.275519
vt 0.236985 0.272872
vt 0.237209 0.272872
vt 0.237885 0.275519
vt 0.237659 0.272872
vt 0.237885 0.272872
vt 0.237435 0.275519
vt 0.237435 0.272872
vt 0.258121 0.271342
vt 0.258373 0.264936
vt 0.258373 0.271342
vt 0.258625 0.264933
vt 0.258625 0.271347
vt 0.258877 0.271347
vt 0.258877 0.264931
vt 0.259130 0.271342
vt 0.030418 0.273146
vt 0.030511 0.266853
vt 0.030511 0.273145
vt 0.030603 0.266852
vt 0.030603 0.273147
vt 0.030696 0.273147
vt 0.030696 0.266851
vt 0.030789 0.273146
vt 0.274870 0.243413
vt 0.274646 0.246060
vt 0.274646 0.243412
vt 0.275545 0.246060
vt 0.275320 0.243412
vt 0.275546 0.243413
vt 0.275320 0.246060
vt 0.275096 0.243413
vt 0.275096 0.246060
vt 0.061492 0.271358
vt 0.061744 0.264965
vt 0.061744 0.271357
vt 0.061996 0.264961
vt 0.061996 0.271367
vt 0.062248 0.271367
vt 0.062248 0.264959
vt 0.062500 0.271358
vt 0.037086 0.273135
vt 0.037179 0.266854
vt 0.037179 0.273135
vt 0.037271 0.266852
vt 0.037271 0.273138
vt 0.037364 0.273138
vt 0.037364 0.266851
vt 0.037456 0.273135
vt 0.116628 0.272887
vt 0.116405 0.275534
vt 0.116404 0.272887
vt 0.117303 0.272887
vt 0.117077 0.275534
vt 0.117078 0.272887
vt 0.116854 0.272887
vt 0.116854 0.275534
vt 0.059521 0.265407
vt 0.059269 0.271791
vt 0.059269 0.265407
vt 0.059017 0.265398
vt 0.059017 0.271800
vt 0.058765 0.265398
vt 0.058513 0.271793
vt 0.058513 0.265407
vt 0.036358 0.273130
vt 0.036451 0.266856
vt 0.036451 0.273130
vt 0.036544 0.273133
vt 0.036544 0.266852
vt 0.036636 0.273133
vt 0.036729 0.266854
vt 0.036729 0.273130
vt 0.119257 0.272887
vt 0.119034 0.275534
vt 0.119033 0.272887
vt 0.119932 0.272887
vt 0.119706 0.275534
vt 0.119706 0.272887
vt 0.119483 0.272887
vt 0.119483 0.275534
vt 0.266364 0.264675
vt 0.266112 0.271110
vt 0.266112 0.264672
vt 0.265860 0.264675
vt 0.265860 0.271118
vt 0.265608 0.264678
vt 0.265355 0.271112
vt 0.265355 0.264675
vt 0.235987 0.272808
vt 0.236080 0.266498
vt 0.236079 0.272809
vt 0.236172 0.272808
vt 0.236172 0.266496
vt 0.236265 0.272807
vt 0.236358 0.266497
vt 0.236358 0.272808
vt 0.216747 0.275474
vt 0.216523 0.272829
vt 0.216747 0.272827
vt 0.217423 0.272829
vt 0.217198 0.275476
vt 0.217197 0.272829
vt 0.216973 0.275474
vt 0.216973 0.272827
vt 0.066376 0.270780
vt 0.066628 0.264339
vt 0.066628 0.270785
vt 0.066881 0.270783
vt 0.066881 0.264335
vt 0.067133 0.270778
vt 0.067385 0.264335
vt 0.067385 0.270780
vt 0.219448 0.272570
vt 0.219540 0.266256
vt 0.219540 0.272572
vt 0.219633 0.272571
vt 0.219633 0.266254
vt 0.219726 0.272569
vt 0.219818 0.266254
vt 0.219818 0.272570
vt 0.215489 0.275377
vt 0.215265 0.272735
vt 0.215489 0.272730
vt 0.216166 0.275382
vt 0.215939 0.272735
vt 0.216165 0.272734
vt 0.215715 0.275377
vt 0.215715 0.272730
vt 0.069168 0.270411
vt 0.069420 0.263973
vt 0.069420 0.270419
vt 0.069672 0.270419
vt 0.069672 0.263970
vt 0.069924 0.270411
vt 0.070177 0.263967
vt 0.070176 0.270411
vt 0.223197 0.272569
vt 0.223290 0.266256
vt 0.223290 0.272572
vt 0.223382 0.272572
vt 0.223382 0.266255
vt 0.223475 0.272569
vt 0.223568 0.266253
vt 0.223568 0.272569
vt 0.234953 0.275345
vt 0.234729 0.272704
vt 0.234953 0.272697
vt 0.235629 0.272704
vt 0.235404 0.275351
vt 0.235403 0.272704
vt 0.235179 0.275345
vt 0.235179 0.272697
vt 0.266721 0.271188
vt 0.266973 0.264759
vt 0.266973 0.271193
vt 0.267225 0.264759
vt 0.267225 0.271197
vt 0.267477 0.271191
vt 0.267477 0.264754
vt 0.267729 0.271188
vt 0.040975 0.272940
vt 0.041068 0.266636
vt 0.041068 0.272942
vt 0.041161 0.266635
vt 0.041161 0.272943
vt 0.041253 0.272942
vt 0.041253 0.266633
vt 0.041346 0.272940
vt 0.259666 0.271712
vt 0.259442 0.274351
vt 0.259442 0.271703
vt 0.260341 0.271703
vt 0.260116 0.274351
vt 0.260116 0.271703
vt 0.259892 0.271712
vt 0.259666 0.274359
vt 0.252135 0.264940
vt 0.252387 0.271335
vt 0.252135 0.271344
vt 0.252639 0.264933
vt 0.252638 0.271348
vt 0.252891 0.264941
vt 0.252890 0.271358
vt 0.253142 0.271345
vt 0.029691 0.266854
vt 0.029783 0.273140
vt 0.029691 0.273143
vt 0.029876 0.266852
vt 0.029876 0.273145
vt 0.029968 0.266854
vt 0.029968 0.273148
vt 0.030061 0.273143
vt 0.250993 0.271724
vt 0.250770 0.274363
vt 0.250770 0.271716
vt 0.251669 0.271716
vt 0.251443 0.274363
vt 0.251443 0.271716
vt 0.251219 0.271724
vt 0.251219 0.274372
vt 0.249406 0.264940
vt 0.249658 0.271335
vt 0.249406 0.271345
vt 0.249909 0.264945
vt 0.249908 0.271361
vt 0.250161 0.264953
vt 0.250160 0.271370
vt 0.250411 0.271345
vt 0.272603 0.257008
vt 0.272695 0.263294
vt 0.272603 0.263298
vt 0.272788 0.257011
vt 0.272788 0.263304
vt 0.272881 0.257013
vt 0.272880 0.263307
vt 0.272972 0.263298
vt 0.249629 0.271736
vt 0.249406 0.274374
vt 0.249406 0.271727
vt 0.250305 0.274374
vt 0.250079 0.271727
vt 0.250305 0.271727
vt 0.250079 0.274374
vt 0.249855 0.271736
vt 0.249855 0.274383
vt 0.064620 0.264528
vt 0.064872 0.270923
vt 0.064620 0.270933
vt 0.065123 0.264546
vt 0.065122 0.270961
vt 0.065375 0.264554
vt 0.065373 0.270971
vt 0.065623 0.270933
vt 0.044266 0.266635
vt 0.044359 0.272922
vt 0.044266 0.272925
vt 0.044451 0.266642
vt 0.044451 0.272936
vt 0.044544 0.266645
vt 0.044543 0.272939
vt 0.044635 0.272925
vt 0.185951 0.272061
vt 0.185727 0.274700
vt 0.185727 0.272052
vt 0.186626 0.274700
vt 0.186401 0.272052
vt 0.186626 0.272052
vt 0.186401 0.274700
vt 0.186177 0.272061
vt 0.186177 0.274708
vt 0.268492 0.263779
vt 0.268744 0.270175
vt 0.268492 0.270184
vt 0.268993 0.263809
vt 0.268991 0.270225
vt 0.269245 0.263818
vt 0.269243 0.270235
vt 0.269490 0.270185
vt 0.272542 0.250060
vt 0.272635 0.256346
vt 0.272542 0.256350
vt 0.272726 0.250071
vt 0.272725 0.256365
vt 0.272819 0.250074
vt 0.272818 0.256368
vt 0.272909 0.256350
vt 0.058846 0.272167
vt 0.058622 0.274806
vt 0.058622 0.272159
vt 0.059521 0.274806
vt 0.059295 0.272159
vt 0.059521 0.272159
vt 0.059295 0.274806
vt 0.059072 0.272167
vt 0.059072 0.274814
vt 0.071985 0.263599
vt 0.072237 0.269995
vt 0.071985 0.270004
vt 0.072484 0.263641
vt 0.072481 0.270057
vt 0.072736 0.263650
vt 0.072733 0.270067
vt 0.072977 0.270005
vt 0.222473 0.266254
vt 0.222566 0.272541
vt 0.222473 0.272545
vt 0.222657 0.266271
vt 0.222656 0.272564
vt 0.222749 0.266273
vt 0.222748 0.272568
vt 0.222838 0.272545
vt 0.274185 0.253053
vt 0.273961 0.255692
vt 0.273961 0.253045
vt 0.274861 0.253045
vt 0.274635 0.255692
vt 0.274635 0.253045
vt 0.274411 0.253053
vt 0.274411 0.255701
vt 0.268492 0.250101
vt 0.268744 0.256497
vt 0.268492 0.256506
vt 0.268988 0.250155
vt 0.268985 0.256571
vt 0.269240 0.250164
vt 0.269237 0.256581
vt 0.269478 0.256507
vt 0.223925 0.266254
vt 0.224017 0.272541
vt 0.223925 0.272545
vt 0.224107 0.266275
vt 0.224106 0.272568
vt 0.224200 0.266277
vt 0.224198 0.272572
vt 0.224287 0.272545
vt 0.112952 0.272254
vt 0.112729 0.274893
vt 0.112729 0.272245
vt 0.113628 0.274893
vt 0.113402 0.272245
vt 0.113628 0.272245
vt 0.113402 0.274893
vt 0.113178 0.272254
vt 0.112952 0.274901
vt 0.089289 0.262071
vt 0.089541 0.268467
vt 0.089289 0.268477
vt 0.089782 0.262137
vt 0.089778 0.268553
vt 0.090034 0.262146
vt 0.090030 0.268563
vt 0.090267 0.268477
vt 0.240563 0.266183
vt 0.240655 0.272470
vt 0.240563 0.272474
vt 0.240744 0.266208
vt 0.240743 0.272502
vt 0.240837 0.266211
vt 0.240835 0.272505
vt 0.240922 0.272474
vt 0.111696 0.272254
vt 0.111473 0.274893
vt 0.111473 0.272245
vt 0.112372 0.274893
vt 0.112146 0.272245
vt 0.112372 0.272245
vt 0.112146 0.274893
vt 0.111922 0.272254
vt 0.111922 0.274901
vt 0.092980 0.262071
vt 0.093232 0.268468
vt 0.092980 0.268477
vt 0.093468 0.262149
vt 0.093464 0.268565
vt 0.093720 0.262158
vt 0.093716 0.268575
vt 0.093948 0.268478
vt 0.239128 0.266183
vt 0.239220 0.272470
vt 0.239128 0.272474
vt 0.239307 0.266212
vt 0.239306 0.272506
vt 0.239400 0.266215
vt 0.239398 0.272510
vt 0.239484 0.272474
vt 0.110440 0.272254
vt 0.110217 0.274893
vt 0.110217 0.272245
vt 0.111116 0.274893
vt 0.110890 0.272245
vt 0.111116 0.272245
vt 0.110890 0.274893
vt 0.110666 0.272254
vt 0.110440 0.274901
vt 0.095649 0.262071
vt 0.095901 0.268468
vt 0.095649 0.268478
vt 0.096133 0.262161
vt 0.096128 0.268577
vt 0.096385 0.262169
vt 0.096380 0.268587
vt 0.096608 0.268478
vt 0.237698 0.266183
vt 0.237791 0.272471
vt 0.237698 0.272474
vt 0.237876 0.266217
vt 0.237875 0.272511
vt 0.237969 0.266219
vt 0.237967 0.272514
vt 0.238051 0.272474
vt 0.106802 0.272254
vt 0.106578 0.274893
vt 0.106578 0.272245
vt 0.107478 0.272245
vt 0.107252 0.274893
vt 0.107252 0.272245
vt 0.107028 0.272254
vt 0.107028 0.274901
vt 0.120689 0.261773
vt 0.120952 0.268169
vt 0.120700 0.268179
vt 0.121168 0.261873
vt 0.121174 0.268289
vt 0.121420 0.261881
vt 0.121426 0.268298
vt 0.121647 0.268178
vt 0.241862 0.266183
vt 0.241954 0.272471
vt 0.241862 0.272475
vt 0.242038 0.266221
vt 0.242036 0.272515
vt 0.242130 0.266223
vt 0.242128 0.272519
vt 0.242210 0.272475
vt 0.207658 0.272293
vt 0.207434 0.274932
vt 0.207434 0.272285
vt 0.208334 0.274932
vt 0.208108 0.272285
vt 0.208334 0.272285
vt 0.208108 0.274932
vt 0.207884 0.272293
vt 0.207884 0.274940
vt 0.100056 0.261394
vt 0.100321 0.267791
vt 0.100069 0.267801
vt 0.100530 0.261505
vt 0.100536 0.267922
vt 0.100782 0.261513
vt 0.100788 0.267931
vt 0.101004 0.267800
vt 0.231688 0.266080
vt 0.231781 0.272368
vt 0.231688 0.272372
vt 0.231862 0.266122
vt 0.231860 0.272417
vt 0.231955 0.266124
vt 0.231953 0.272420
vt 0.232032 0.272372
vt 0.183356 0.272493
vt 0.183133 0.275132
vt 0.183133 0.272484
vt 0.184032 0.275132
vt 0.183806 0.272484
vt 0.184032 0.272484
vt 0.183806 0.275132
vt 0.183582 0.272493
vt 0.183582 0.275140
vt 0.102775 0.260998
vt 0.103040 0.267395
vt 0.102788 0.267405
vt 0.103242 0.261120
vt 0.103249 0.267536
vt 0.103494 0.261128
vt 0.103501 0.267546
vt 0.103710 0.267404
vt 0.271902 0.256963
vt 0.271995 0.263252
vt 0.271902 0.263255
vt 0.272074 0.257009
vt 0.272072 0.263304
vt 0.272167 0.257012
vt 0.272164 0.263307
vt 0.272241 0.263256
vt 0.230656 0.272656
vt 0.230432 0.275294
vt 0.230432 0.272647
vt 0.231331 0.275294
vt 0.231105 0.272647
vt 0.231331 0.272647
vt 0.231105 0.275294
vt 0.230882 0.272656
vt 0.230882 0.275303
vt 0.099579 0.254470
vt 0.099845 0.260868
vt 0.099593 0.260878
vt 0.100040 0.254602
vt 0.100047 0.261019
vt 0.100292 0.254610
vt 0.100299 0.261028
vt 0.100500 0.260877
vt 0.248583 0.265796
vt 0.248675 0.272085
vt 0.248583 0.272089
vt 0.248752 0.265846
vt 0.248750 0.272141
vt 0.248845 0.265848
vt 0.248842 0.272144
vt 0.248916 0.272089
vt 0.101584 0.272633
vt 0.101361 0.275271
vt 0.101361 0.272624
vt 0.102260 0.275271
vt 0.102034 0.272624
vt 0.102260 0.272624
vt 0.102034 0.275271
vt 0.101810 0.272633
vt 0.101584 0.275280
vt 0.099564 0.247535
vt 0.099831 0.253933
vt 0.099580 0.253944
vt 0.100018 0.247677
vt 0.100026 0.254094
vt 0.100270 0.247685
vt 0.100278 0.254103
vt 0.100472 0.253942
vt 0.271212 0.256963
vt 0.271305 0.263253
vt 0.271212 0.263256
vt 0.271379 0.257017
vt 0.271376 0.263312
vt 0.271471 0.257019
vt 0.271469 0.263316
vt 0.271540 0.263256
vt 0.245885 0.272667
vt 0.245662 0.275306
vt 0.245662 0.272659
vt 0.246561 0.272659
vt 0.246335 0.275306
vt 0.246335 0.272659
vt 0.246111 0.272667
vt 0.245885 0.275314
vt 0.101404 0.247535
vt 0.101672 0.253934
vt 0.101420 0.253944
vt 0.101850 0.247687
vt 0.101858 0.254104
vt 0.102102 0.247695
vt 0.102110 0.254113
vt 0.102296 0.253943
vt 0.261279 0.265090
vt 0.261372 0.271380
vt 0.261279 0.271384
vt 0.261443 0.265147
vt 0.261440 0.271443
vt 0.261536 0.265149
vt 0.261533 0.271446
vt 0.261601 0.271384
vt 0.054286 0.272693
vt 0.054062 0.275331
vt 0.054062 0.272684
vt 0.054962 0.272684
vt 0.054736 0.275331
vt 0.054736 0.272684
vt 0.054512 0.272693
vt 0.054512 0.275340
vt 0.102775 0.267910
vt 0.103047 0.273596
vt 0.102795 0.273606
vt 0.103233 0.268046
vt 0.103244 0.273754
vt 0.103485 0.268053
vt 0.103496 0.273762
vt 0.103692 0.273603
vt 0.273267 0.250059
vt 0.273360 0.255639
vt 0.273267 0.255643
vt 0.273436 0.250110
vt 0.273432 0.255697
vt 0.273528 0.250112
vt 0.273525 0.255701
vt 0.273597 0.255643
vt 0.052556 0.275331
vt 0.052334 0.272693
vt 0.052556 0.272684
vt 0.053231 0.272693
vt 0.053004 0.275340
vt 0.053005 0.272693
vt 0.052782 0.275331
vt 0.052782 0.272684
vt 0.092623 0.262073
vt 0.092304 0.268394
vt 0.092371 0.262063
vt 0.092155 0.262193
vt 0.092121 0.268568
vt 0.091903 0.262199
vt 0.091688 0.268402
vt 0.091688 0.262066
vt 0.043910 0.266636
vt 0.043793 0.272870
vt 0.043817 0.266633
vt 0.043738 0.266681
vt 0.043726 0.272934
vt 0.043645 0.266683
vt 0.043566 0.272875
vt 0.043566 0.266635
vt 0.233250 0.275345
vt 0.233027 0.272704
vt 0.233249 0.272697
vt 0.233924 0.275351
vt 0.233698 0.272703
vt 0.233924 0.272704
vt 0.233475 0.275345
vt 0.233475 0.272697
vt 0.068750 0.264163
vt 0.068451 0.270475
vt 0.068498 0.264156
vt 0.068259 0.264237
vt 0.068236 0.270605
vt 0.068007 0.264240
vt 0.067768 0.270481
vt 0.067768 0.264158
vt 0.036002 0.266853
vt 0.035892 0.273080
vt 0.035909 0.266851
vt 0.035821 0.266881
vt 0.035813 0.273127
vt 0.035729 0.266882
vt 0.035641 0.273083
vt 0.035641 0.266852
vt 0.214232 0.275377
vt 0.214010 0.272734
vt 0.214232 0.272730
vt 0.214907 0.272734
vt 0.214680 0.275381
vt 0.214681 0.272734
vt 0.214458 0.275377
vt 0.214458 0.272730
vt 0.057801 0.265573
vt 0.057525 0.271881
vt 0.057549 0.265570
vt 0.057298 0.265598
vt 0.057286 0.271961
vt 0.057046 0.265599
vt 0.056795 0.271885
vt 0.056795 0.265570
vt 0.034415 0.266852
vt 0.034314 0.273074
vt 0.034322 0.266851
vt 0.034230 0.266861
vt 0.034226 0.273103
vt 0.034137 0.266862
vt 0.034045 0.273076
vt 0.034045 0.266851
vt 0.218416 0.275474
vt 0.218194 0.272828
vt 0.218416 0.272827
vt 0.219091 0.272828
vt 0.218864 0.275475
vt 0.218865 0.272828
vt 0.218642 0.275474
vt 0.218642 0.272827
vt 0.272185 0.250085
vt 0.271933 0.256394
vt 0.271933 0.250086
vt 0.271682 0.250059
vt 0.271682 0.256421
vt 0.271430 0.250057
vt 0.271180 0.256397
vt 0.271180 0.250085
vt 0.040486 0.267084
vt 0.040393 0.273305
vt 0.040393 0.267084
vt 0.040301 0.273315
vt 0.040301 0.267074
vt 0.040208 0.267074
vt 0.040208 0.273317
vt 0.040116 0.267084
vt 0.240065 0.272864
vt 0.239845 0.275510
vt 0.239844 0.272863
vt 0.240739 0.275510
vt 0.240514 0.272863
vt 0.240740 0.272863
vt 0.240513 0.275510
vt 0.240291 0.272864
vt 0.240065 0.275511
vt 0.056434 0.272038
vt 0.056167 0.265729
vt 0.056419 0.265724
vt 0.055931 0.272012
vt 0.055929 0.265648
vt 0.055679 0.272011
vt 0.055676 0.265643
vt 0.055438 0.265724
vt 0.035284 0.273106
vt 0.035188 0.266883
vt 0.035281 0.266881
vt 0.035099 0.273095
vt 0.035100 0.266853
vt 0.035007 0.273096
vt 0.035008 0.266851
vt 0.034920 0.266881
vt 0.212978 0.272734
vt 0.212758 0.275377
vt 0.212757 0.272730
vt 0.213653 0.272730
vt 0.213426 0.275377
vt 0.213427 0.272730
vt 0.213204 0.272734
vt 0.212978 0.275381
vt 0.270823 0.256507
vt 0.270525 0.250194
vt 0.270777 0.250185
vt 0.270332 0.256431
vt 0.270309 0.250064
vt 0.270080 0.256429
vt 0.270057 0.250057
vt 0.269841 0.250189
vt 0.033688 0.273130
vt 0.033579 0.266902
vt 0.033672 0.266899
vt 0.033508 0.273100
vt 0.033500 0.266854
vt 0.033415 0.273100
vt 0.033407 0.266851
vt 0.033328 0.266899
vt 0.274677 0.270477
vt 0.274456 0.273118
vt 0.274456 0.270471
vt 0.275352 0.273118
vt 0.275127 0.270471
vt 0.275353 0.270471
vt 0.275126 0.273118
vt 0.274903 0.270477
vt 0.274903 0.273124
vt 0.087589 0.268567
vt 0.087271 0.262244
vt 0.087523 0.262232
vt 0.087122 0.268446
vt 0.087088 0.262071
vt 0.086870 0.268441
vt 0.086836 0.262063
vt 0.086655 0.262238
vt 0.043209 0.272937
vt 0.043093 0.266700
vt 0.043185 0.266696
vt 0.043038 0.272890
vt 0.043026 0.266636
vt 0.042945 0.272889
vt 0.042933 0.266633
vt 0.042866 0.266697
vt 0.227325 0.272697
vt 0.227103 0.275336
vt 0.227103 0.272689
vt 0.227999 0.275336
vt 0.227774 0.272689
vt 0.228000 0.272689
vt 0.227773 0.275336
vt 0.227551 0.272697
vt 0.227551 0.275345
vt 0.210197 0.268033
vt 0.209924 0.273708
vt 0.209945 0.268024
vt 0.209737 0.268167
vt 0.209727 0.273865
vt 0.209485 0.268175
vt 0.209279 0.273715
vt 0.209279 0.268031
vt 0.025957 0.267765
vt 0.025857 0.273438
vt 0.025864 0.267762
vt 0.025789 0.267816
vt 0.025785 0.273497
vt 0.025696 0.267819
vt 0.025622 0.273441
vt 0.025622 0.267765
vt 0.242794 0.275306
vt 0.242571 0.272667
vt 0.242794 0.272659
vt 0.243470 0.275314
vt 0.243244 0.272667
vt 0.243470 0.272667
vt 0.243020 0.275306
vt 0.243020 0.272659
vt 0.103545 0.247536
vt 0.103276 0.253934
vt 0.103293 0.247526
vt 0.103098 0.247687
vt 0.103090 0.254104
vt 0.102846 0.247696
vt 0.102653 0.253944
vt 0.102653 0.247535
vt 0.090959 0.262067
vt 0.090861 0.268355
vt 0.090867 0.262063
vt 0.090795 0.262122
vt 0.090792 0.268417
vt 0.090703 0.262126
vt 0.090631 0.268359
vt 0.090631 0.262066
vt 0.247141 0.275306
vt 0.246918 0.272667
vt 0.247141 0.272659
vt 0.247817 0.275314
vt 0.247591 0.272667
vt 0.247817 0.272667
vt 0.247367 0.275306
vt 0.247367 0.272659
vt 0.099207 0.247536
vt 0.098940 0.253933
vt 0.098956 0.247526
vt 0.098754 0.247677
vt 0.098746 0.254094
vt 0.098502 0.247686
vt 0.098300 0.253943
vt 0.098300 0.247535
vt 0.271540 0.243251
vt 0.271442 0.249538
vt 0.271448 0.243247
vt 0.271373 0.243303
vt 0.271371 0.249597
vt 0.271281 0.243306
vt 0.271207 0.249543
vt 0.271207 0.243250
vt 0.244051 0.275306
vt 0.243827 0.272667
vt 0.244051 0.272659
vt 0.244726 0.275314
vt 0.244500 0.272667
vt 0.244726 0.272667
vt 0.244277 0.275306
vt 0.244276 0.272659
vt 0.099222 0.254471
vt 0.098956 0.260868
vt 0.098970 0.254461
vt 0.098761 0.254602
vt 0.098754 0.261019
vt 0.098509 0.254611
vt 0.098300 0.260878
vt 0.098300 0.254470
vt 0.271552 0.263775
vt 0.271455 0.270062
vt 0.271460 0.263771
vt 0.271383 0.263823
vt 0.271380 0.270117
vt 0.271290 0.263826
vt 0.271214 0.270067
vt 0.271214 0.263774
vt 0.228580 0.275294
vt 0.228357 0.272656
vt 0.228580 0.272647
vt 0.229256 0.275303
vt 0.229030 0.272656
vt 0.229256 0.272656
vt 0.228806 0.275294
vt 0.228806 0.272647
vt 0.101361 0.261019
vt 0.101626 0.254623
vt 0.101613 0.261029
vt 0.101828 0.260898
vt 0.101835 0.254482
vt 0.102080 0.260889
vt 0.102296 0.254612
vt 0.102296 0.261020
vt 0.272241 0.243251
vt 0.272143 0.249537
vt 0.272148 0.243247
vt 0.272069 0.243295
vt 0.272066 0.249589
vt 0.271976 0.243299
vt 0.271897 0.249542
vt 0.271897 0.243250
vt 0.055758 0.275043
vt 0.055535 0.272404
vt 0.055758 0.272396
vt 0.056434 0.275052
vt 0.056208 0.272404
vt 0.056434 0.272404
vt 0.055984 0.275043
vt 0.055984 0.272396
vt 0.102308 0.261396
vt 0.102044 0.267791
vt 0.102056 0.261386
vt 0.101834 0.261505
vt 0.101828 0.267922
vt 0.101582 0.261515
vt 0.101361 0.267801
vt 0.101361 0.261394
vt 0.272257 0.263775
vt 0.272160 0.270061
vt 0.272165 0.263771
vt 0.272083 0.263815
vt 0.272081 0.270109
vt 0.271991 0.263819
vt 0.271909 0.270066
vt 0.271909 0.263774
vt 0.057019 0.274970
vt 0.056795 0.272332
vt 0.057019 0.272323
vt 0.057695 0.274979
vt 0.057469 0.272332
vt 0.057695 0.272332
vt 0.057245 0.274970
vt 0.057245 0.272323
vt 0.098300 0.267912
vt 0.098563 0.261516
vt 0.098552 0.267922
vt 0.098779 0.267813
vt 0.098785 0.261397
vt 0.099031 0.267804
vt 0.099259 0.261506
vt 0.099259 0.267913
vt 0.051368 0.272462
vt 0.051465 0.266176
vt 0.051461 0.272465
vt 0.051544 0.272425
vt 0.051546 0.266132
vt 0.051637 0.272422
vt 0.051721 0.266171
vt 0.051721 0.272462
vt 0.105546 0.274893
vt 0.105322 0.272254
vt 0.105546 0.272245
vt 0.106222 0.274901
vt 0.105996 0.272254
vt 0.106222 0.272254
vt 0.105772 0.274893
vt 0.105772 0.272245
vt 0.097943 0.262073
vt 0.097681 0.268468
vt 0.097691 0.262063
vt 0.097459 0.262160
vt 0.097454 0.268577
vt 0.097207 0.262170
vt 0.096974 0.268478
vt 0.096974 0.262072
vt 0.237342 0.266184
vt 0.237245 0.272470
vt 0.237249 0.266181
vt 0.237164 0.266217
vt 0.237162 0.272510
vt 0.237071 0.266220
vt 0.236985 0.272475
vt 0.236985 0.266184
vt 0.109184 0.274893
vt 0.108961 0.272254
vt 0.109184 0.272245
vt 0.109860 0.274901
vt 0.109634 0.272254
vt 0.109860 0.272254
vt 0.109410 0.274893
vt 0.109410 0.272245
vt 0.095292 0.262073
vt 0.095031 0.268468
vt 0.095040 0.262063
vt 0.094803 0.262149
vt 0.094799 0.268565
vt 0.094551 0.262158
vt 0.094314 0.268478
vt 0.094314 0.262072
vt 0.238771 0.266184
vt 0.238675 0.272470
vt 0.238678 0.266181
vt 0.238591 0.266212
vt 0.238589 0.272506
vt 0.238498 0.266216
vt 0.238411 0.272475
vt 0.238411 0.266184
vt 0.104290 0.274893
vt 0.104066 0.272254
vt 0.104290 0.272245
vt 0.104966 0.272254
vt 0.104740 0.274901
vt 0.104740 0.272254
vt 0.104516 0.274893
vt 0.104516 0.272245
vt 0.088932 0.262073
vt 0.088672 0.268467
vt 0.088680 0.262063
vt 0.088439 0.262137
vt 0.088435 0.268553
vt 0.088187 0.262147
vt 0.087946 0.268478
vt 0.087946 0.262072
vt 0.240206 0.266184
vt 0.240111 0.272470
vt 0.240113 0.266181
vt 0.240025 0.266208
vt 0.240023 0.272501
vt 0.239932 0.266211
vt 0.239844 0.272474
vt 0.239844 0.266184
vt 0.120972 0.274869
vt 0.120748 0.272231
vt 0.120972 0.272222
vt 0.121647 0.274878
vt 0.121421 0.272231
vt 0.121647 0.272231
vt 0.121198 0.274869
vt 0.121198 0.272222
vt 0.269485 0.243257
vt 0.269226 0.249651
vt 0.269233 0.243247
vt 0.268988 0.243309
vt 0.268985 0.249725
vt 0.268736 0.243319
vt 0.268492 0.249661
vt 0.268492 0.243256
vt 0.225011 0.266255
vt 0.224916 0.272541
vt 0.224918 0.266252
vt 0.224829 0.266275
vt 0.224827 0.272568
vt 0.224736 0.266278
vt 0.224646 0.272545
vt 0.224646 0.266255
vt 0.274185 0.252679
vt 0.273961 0.250041
vt 0.274185 0.250032
vt 0.274861 0.250041
vt 0.274635 0.252688
vt 0.274635 0.250041
vt 0.274411 0.252679
vt 0.274411 0.250032
vt 0.268492 0.263404
vt 0.268750 0.257011
vt 0.268744 0.263414
vt 0.268991 0.263364
vt 0.268994 0.256948
vt 0.269243 0.263355
vt 0.269490 0.257000
vt 0.269490 0.263405
vt 0.221997 0.266256
vt 0.221902 0.272541
vt 0.221904 0.266252
vt 0.221813 0.266271
vt 0.221812 0.272563
vt 0.221721 0.266274
vt 0.221630 0.272545
vt 0.221630 0.266255
vt 0.086878 0.274846
vt 0.086655 0.272207
vt 0.086878 0.272198
vt 0.087554 0.274854
vt 0.087328 0.272207
vt 0.087554 0.272207
vt 0.087104 0.274846
vt 0.087104 0.272198
vt 0.071576 0.263742
vt 0.071320 0.270135
vt 0.071324 0.263732
vt 0.071075 0.263770
vt 0.071073 0.270186
vt 0.070823 0.263779
vt 0.070574 0.270146
vt 0.070574 0.263741
vt 0.049829 0.266579
vt 0.049735 0.272864
vt 0.049736 0.266575
vt 0.049645 0.266589
vt 0.049644 0.272882
vt 0.049552 0.266593
vt 0.049460 0.272868
vt 0.049460 0.266579
vt 0.060293 0.274554
vt 0.060070 0.271915
vt 0.060293 0.271907
vt 0.060969 0.274563
vt 0.060743 0.271915
vt 0.060969 0.271915
vt 0.060519 0.274554
vt 0.060519 0.271907
vt 0.270857 0.263781
vt 0.270602 0.270174
vt 0.270605 0.263771
vt 0.270354 0.263797
vt 0.270352 0.270212
vt 0.270102 0.263806
vt 0.269851 0.270185
vt 0.269851 0.263781
vt 0.045363 0.266636
vt 0.045269 0.272921
vt 0.045270 0.266633
vt 0.045178 0.266642
vt 0.045177 0.272935
vt 0.045085 0.266646
vt 0.044993 0.272926
vt 0.044993 0.266636
vt 0.260931 0.274450
vt 0.260708 0.271812
vt 0.260931 0.271803
vt 0.261607 0.271812
vt 0.261381 0.274459
vt 0.261381 0.271812
vt 0.261157 0.274450
vt 0.261157 0.271803
vt 0.263207 0.264894
vt 0.262953 0.271288
vt 0.262955 0.264884
vt 0.262703 0.264898
vt 0.262702 0.271313
vt 0.262451 0.264907
vt 0.262200 0.271298
vt 0.262200 0.264894
vt 0.272968 0.243251
vt 0.272874 0.249535
vt 0.272875 0.243247
vt 0.272783 0.243252
vt 0.272782 0.249545
vt 0.272690 0.243255
vt 0.272597 0.249540
vt 0.272597 0.243251
vt 0.061824 0.274372
vt 0.061601 0.271733
vt 0.061824 0.271724
vt 0.062500 0.271733
vt 0.062274 0.274380
vt 0.062274 0.271733
vt 0.062050 0.274372
vt 0.062050 0.271724
vt 0.251778 0.264941
vt 0.251525 0.271335
vt 0.251526 0.264931
vt 0.251274 0.264933
vt 0.251274 0.271348
vt 0.251022 0.264942
vt 0.250770 0.271346
vt 0.250770 0.264941
vt 0.272985 0.263775
vt 0.272892 0.270059
vt 0.272892 0.263771
vt 0.272800 0.263771
vt 0.272799 0.270064
vt 0.272707 0.263775
vt 0.272614 0.270064
vt 0.272614 0.263775
vt 0.252467 0.274362
vt 0.252244 0.271723
vt 0.252467 0.271715
vt 0.253143 0.271723
vt 0.252917 0.274371
vt 0.252917 0.271723
vt 0.252693 0.274362
vt 0.252693 0.271715
vt 0.062870 0.264782
vt 0.063122 0.271211
vt 0.062870 0.271215
vt 0.063122 0.264778
vt 0.063374 0.271212
vt 0.063626 0.264778
vt 0.063626 0.271216
vt 0.063878 0.264782
vt 0.063878 0.271215
vt 0.042074 0.272941
vt 0.041981 0.266635
vt 0.042074 0.266633
vt 0.041981 0.272942
vt 0.041888 0.266634
vt 0.041796 0.272942
vt 0.041796 0.266633
vt 0.041703 0.272941
vt 0.041703 0.266633
vt 0.226069 0.272696
vt 0.225844 0.275336
vt 0.225845 0.272689
vt 0.226746 0.275336
vt 0.226519 0.272689
vt 0.226745 0.272689
vt 0.226520 0.275336
vt 0.226295 0.272696
vt 0.226295 0.275343
vt 0.270850 0.249694
vt 0.270598 0.243255
vt 0.270850 0.243249
vt 0.270346 0.249700
vt 0.270346 0.243252
vt 0.270094 0.249694
vt 0.270094 0.243247
vt 0.269841 0.243249
vt 0.220546 0.272569
vt 0.220453 0.266255
vt 0.220546 0.266253
vt 0.220360 0.272571
vt 0.220360 0.266254
vt 0.220268 0.272569
vt 0.220268 0.266252
vt 0.220175 0.266253
vt 0.211145 0.272735
vt 0.210919 0.275377
vt 0.210920 0.272730
vt 0.211821 0.275377
vt 0.211595 0.272730
vt 0.211820 0.272730
vt 0.211595 0.275377
vt 0.211370 0.272735
vt 0.211144 0.275382
vt 0.270855 0.263410
vt 0.270603 0.256968
vt 0.270855 0.256966
vt 0.270351 0.263412
vt 0.270351 0.256964
vt 0.270099 0.263408
vt 0.270099 0.256961
vt 0.269847 0.256966
vt 0.221273 0.272570
vt 0.221181 0.266255
vt 0.221273 0.266254
vt 0.221088 0.272570
vt 0.221088 0.266253
vt 0.220995 0.272569
vt 0.220995 0.266252
vt 0.220903 0.266254
vt 0.231913 0.272779
vt 0.231688 0.275424
vt 0.231689 0.272777
vt 0.232590 0.275424
vt 0.232363 0.272777
vt 0.232589 0.272777
vt 0.232364 0.275424
vt 0.232139 0.272779
vt 0.231913 0.275426
vt 0.264999 0.271117
vt 0.264747 0.264680
vt 0.264999 0.264680
vt 0.264494 0.271115
vt 0.264495 0.264673
vt 0.264242 0.271114
vt 0.264242 0.264672
vt 0.263990 0.264680
vt 0.050783 0.266511
vt 0.050691 0.272821
vt 0.050691 0.266511
vt 0.050598 0.272820
vt 0.050598 0.266508
vt 0.050505 0.266508
vt 0.050505 0.272820
vt 0.050413 0.266511
vt 0.115372 0.275534
vt 0.115149 0.272887
vt 0.115372 0.272887
vt 0.116048 0.272887
vt 0.115821 0.275534
vt 0.115822 0.272887
vt 0.115598 0.275534
vt 0.115598 0.272887
vt 0.060070 0.271541
vt 0.060322 0.265157
vt 0.060322 0.271540
vt 0.060574 0.265148
vt 0.060574 0.271550
vt 0.060826 0.271550
vt 0.060826 0.265146
vt 0.061078 0.271541
vt 0.032601 0.273130
vt 0.032693 0.266856
vt 0.032693 0.273130
vt 0.032786 0.266852
vt 0.032786 0.273133
vt 0.032879 0.273133
vt 0.032879 0.266851
vt 0.032971 0.273130
vt 0.117884 0.275534
vt 0.117660 0.272887
vt 0.117884 0.272887
vt 0.118559 0.275534
vt 0.118333 0.272887
vt 0.118559 0.272887
vt 0.118110 0.275534
vt 0.118109 0.272887
vt 0.256399 0.264936
vt 0.256147 0.271328
vt 0.256147 0.264936
vt 0.255895 0.264932
vt 0.255895 0.271338
vt 0.255643 0.264931
vt 0.255391 0.271330
vt 0.255391 0.264936
vt 0.032244 0.266853
vt 0.032151 0.273134
vt 0.032151 0.266853
vt 0.032058 0.266851
vt 0.032058 0.273137
vt 0.031966 0.266851
vt 0.031873 0.273135
vt 0.031873 0.266853
vt 0.274870 0.249064
vt 0.274646 0.246417
vt 0.274870 0.246417
vt 0.275545 0.249064
vt 0.275320 0.246417
vt 0.275546 0.246417
vt 0.275096 0.249064
vt 0.275096 0.246417
vt 0.260495 0.264934
vt 0.260243 0.271341
vt 0.260243 0.264935
vt 0.259991 0.264932
vt 0.259991 0.271345
vt 0.259739 0.264931
vt 0.259486 0.271342
vt 0.259486 0.264934
vt 0.031516 0.266852
vt 0.031424 0.273144
vt 0.031424 0.266852
vt 0.031331 0.266851
vt 0.031331 0.273146
vt 0.031238 0.266851
vt 0.031145 0.273146
vt 0.031145 0.266852
vt 0.241538 0.272876
vt 0.241314 0.275523
vt 0.241314 0.272875
vt 0.242214 0.272875
vt 0.241988 0.275523
vt 0.241988 0.272875
vt 0.241764 0.272876
vt 0.241764 0.275523
vt 0.254508 0.264942
vt 0.254256 0.271341
vt 0.254256 0.264943
vt 0.254004 0.271340
vt 0.254004 0.264932
vt 0.253752 0.264931
vt 0.253752 0.271341
vt 0.253500 0.264942
vt 0.038184 0.266855
vt 0.038091 0.273140
vt 0.038091 0.266855
vt 0.037999 0.273140
vt 0.037999 0.266851
vt 0.037906 0.266851
vt 0.037906 0.273141
vt 0.037813 0.266855
vt 0.052401 0.247526
vt 0.052334 0.265396
vt 0.052391 0.247903
vt 0.052403 0.248031
vt 0.052375 0.265664
vt 0.052431 0.247906
vt 0.052374 0.265299
vt 0.304616 0.251092
vt 0.304572 0.188393
vt 0.304572 0.250886
vt 0.304617 0.250806
vt 0.304579 0.187998
vt 0.304659 0.250883
vt 0.304582 0.188470
vt 0.296183 0.288124
vt 0.296332 0.188123
vt 0.296172 0.288077
vt 0.296182 0.288056
vt 0.296332 0.187998
vt 0.296193 0.288074
vt 0.296333 0.188121
vt 0.057295 0.264852
vt 0.057251 0.247900
vt 0.057265 0.247526
vt 0.057251 0.264950
vt 0.057267 0.248026
vt 0.057349 0.264949
vt 0.057293 0.247898
vt 0.301567 0.254799
vt 0.301598 0.188333
vt 0.301531 0.254579
vt 0.301605 0.187998
vt 0.301579 0.254528
vt 0.301614 0.254612
vt 0.301614 0.188289
vt 0.294147 0.187998
vt 0.294135 0.307266
vt 0.294152 0.188055
vt 0.294135 0.307361
vt 0.294139 0.188055
vt 0.294134 0.188032
vt 0.294134 0.307308
vt 0.055045 0.247526
vt 0.054974 0.265028
vt 0.055029 0.247899
vt 0.055045 0.248026
vt 0.055018 0.265292
vt 0.055072 0.247900
vt 0.055072 0.265029
vt 0.299819 0.260012
vt 0.299854 0.188379
vt 0.299796 0.259771
vt 0.299862 0.187998
vt 0.299847 0.259762
vt 0.299870 0.259855
vt 0.299870 0.188315
vt 0.293777 0.187998
vt 0.293777 0.309401
vt 0.293772 0.188058
vt 0.293777 0.309512
vt 0.293759 0.188029
vt 0.293763 0.188004
vt 0.293776 0.309457
vt 0.056411 0.247526
vt 0.056339 0.265003
vt 0.056398 0.247897
vt 0.056384 0.265265
vt 0.056412 0.248024
vt 0.056439 0.247899
vt 0.056439 0.265005
vt 0.300250 0.258965
vt 0.300285 0.188428
vt 0.300227 0.258728
vt 0.300276 0.258713
vt 0.300293 0.187998
vt 0.300302 0.258804
vt 0.300293 0.188521
vt 0.292865 0.311754
vt 0.293026 0.188145
vt 0.292869 0.311693
vt 0.292882 0.311718
vt 0.293026 0.187998
vt 0.292880 0.311743
vt 0.293026 0.188146
vt 0.053684 0.247526
vt 0.053615 0.265181
vt 0.053671 0.247901
vt 0.053658 0.265447
vt 0.053685 0.248029
vt 0.053712 0.247903
vt 0.053712 0.265183
vt 0.304178 0.251274
vt 0.304128 0.188357
vt 0.304128 0.251086
vt 0.304166 0.250986
vt 0.304135 0.187998
vt 0.304216 0.251046
vt 0.304138 0.188440
vt 0.296698 0.187998
vt 0.296761 0.287647
vt 0.296713 0.188034
vt 0.296706 0.188066
vt 0.296761 0.287753
vt 0.296691 0.188058
vt 0.296761 0.287645
vt 0.060549 0.264283
vt 0.060629 0.247789
vt 0.060577 0.247526
vt 0.060547 0.264784
vt 0.060574 0.247883
vt 0.060528 0.264406
vt 0.060528 0.247780
vt 0.302021 0.254100
vt 0.301971 0.188347
vt 0.301971 0.253923
vt 0.302004 0.253824
vt 0.301976 0.187998
vt 0.302055 0.253867
vt 0.301980 0.188410
vt 0.294889 0.187998
vt 0.294952 0.300998
vt 0.294904 0.188026
vt 0.294900 0.188058
vt 0.294952 0.301101
vt 0.294885 0.188062
vt 0.294951 0.301012
vt 0.061974 0.264086
vt 0.062053 0.247797
vt 0.062003 0.247526
vt 0.061995 0.264236
vt 0.061997 0.247890
vt 0.061951 0.264208
vt 0.061951 0.247778
vt 0.300707 0.258809
vt 0.300659 0.188348
vt 0.300659 0.258640
vt 0.300688 0.258551
vt 0.300663 0.187998
vt 0.300738 0.258577
vt 0.300667 0.188387
vt 0.323049 0.181723
vt 0.323093 0.324660
vt 0.323064 0.181743
vt 0.323064 0.181769
vt 0.323093 0.324772
vt 0.323049 0.181790
vt 0.323092 0.324699
vt 0.062895 0.263900
vt 0.062973 0.247805
vt 0.062925 0.247526
vt 0.062890 0.264417
vt 0.062916 0.247898
vt 0.062870 0.264021
vt 0.062870 0.247776
vt 0.302412 0.253563
vt 0.302485 0.188307
vt 0.302466 0.253523
vt 0.302489 0.187998
vt 0.302498 0.253630
vt 0.302445 0.253804
vt 0.302498 0.188250
vt 0.295308 0.298291
vt 0.295435 0.188074
vt 0.295326 0.298296
vt 0.295435 0.187998
vt 0.295329 0.298333
vt 0.295312 0.298359
vt 0.295436 0.188026
vt 0.064620 0.247806
vt 0.064702 0.263645
vt 0.064669 0.247526
vt 0.064725 0.263763
vt 0.064725 0.247771
vt 0.064679 0.247897
vt 0.064679 0.263814
vt 0.291152 0.243487
vt 0.291068 0.299689
vt 0.291076 0.299861
vt 0.291056 0.243439
vt 0.291056 0.299894
vt 0.291096 0.243563
vt 0.291067 0.300242
vt 0.298286 0.188060
vt 0.298262 0.271087
vt 0.298262 0.271153
vt 0.298260 0.188041
vt 0.298260 0.271170
vt 0.298269 0.188079
vt 0.298262 0.271272
vt 0.066376 0.247798
vt 0.066461 0.263462
vt 0.066426 0.247526
vt 0.066483 0.263578
vt 0.066483 0.247763
vt 0.066436 0.247884
vt 0.066465 0.263974
vt 0.288489 0.294118
vt 0.288496 0.243838
vt 0.288489 0.243684
vt 0.288597 0.294090
vt 0.288510 0.243556
vt 0.288539 0.293979
vt 0.288492 0.243246
vt 0.303771 0.188046
vt 0.303770 0.252803
vt 0.303770 0.252855
vt 0.303740 0.188066
vt 0.303767 0.252915
vt 0.303759 0.188096
vt 0.303771 0.252994
vt 0.067768 0.247791
vt 0.067855 0.263292
vt 0.067819 0.247526
vt 0.067877 0.247755
vt 0.067877 0.263408
vt 0.067829 0.247870
vt 0.067860 0.263799
vt 0.287190 0.243439
vt 0.287182 0.288905
vt 0.287187 0.289044
vt 0.287073 0.243530
vt 0.287165 0.289248
vt 0.287147 0.243630
vt 0.287190 0.289527
vt 0.289382 0.243286
vt 0.289381 0.296514
vt 0.289378 0.296556
vt 0.289347 0.243331
vt 0.289376 0.296644
vt 0.289373 0.243355
vt 0.289382 0.296709
vt 0.068701 0.247783
vt 0.068790 0.263137
vt 0.068752 0.247526
vt 0.068811 0.247748
vt 0.068811 0.263251
vt 0.068763 0.247856
vt 0.068794 0.263639
vt 0.162517 0.243421
vt 0.162507 0.284551
vt 0.162507 0.284676
vt 0.162394 0.243561
vt 0.162485 0.284939
vt 0.162482 0.243651
vt 0.162517 0.285190
vt 0.286242 0.243280
vt 0.286240 0.288747
vt 0.286236 0.288783
vt 0.286204 0.243343
vt 0.286233 0.288891
vt 0.286235 0.243364
vt 0.286242 0.288946
vt 0.054617 0.247955
vt 0.054577 0.264975
vt 0.054600 0.247526
vt 0.054571 0.247900
vt 0.054523 0.265065
vt 0.054593 0.248082
vt 0.054566 0.265363
vt 0.165540 0.243402
vt 0.165529 0.280449
vt 0.165523 0.280561
vt 0.165414 0.243581
vt 0.165500 0.280869
vt 0.165513 0.243661
vt 0.165540 0.281094
vt 0.163776 0.243276
vt 0.163774 0.283119
vt 0.163768 0.283151
vt 0.163736 0.243353
vt 0.163765 0.283273
vt 0.163772 0.243371
vt 0.163776 0.283322
vt 0.071514 0.247768
vt 0.071607 0.262863
vt 0.071567 0.247526
vt 0.071628 0.262976
vt 0.071628 0.247733
vt 0.071578 0.247829
vt 0.071611 0.263357
vt 0.167722 0.243387
vt 0.167708 0.277049
vt 0.167697 0.277149
vt 0.167593 0.243596
vt 0.167674 0.277493
vt 0.167702 0.243668
vt 0.167722 0.277695
vt 0.166837 0.243273
vt 0.166835 0.278778
vt 0.166826 0.278806
vt 0.166796 0.243360
vt 0.166823 0.278940
vt 0.166836 0.243376
vt 0.166837 0.278983
vt 0.071985 0.247761
vt 0.072079 0.262744
vt 0.072038 0.247526
vt 0.072100 0.247726
vt 0.072100 0.262856
vt 0.072050 0.247816
vt 0.072057 0.262904
vt 0.181311 0.243374
vt 0.181296 0.274187
vt 0.181278 0.274278
vt 0.181180 0.243607
vt 0.181255 0.274650
vt 0.181299 0.243673
vt 0.181311 0.274833
vt 0.180422 0.243270
vt 0.180394 0.275113
vt 0.180383 0.275138
vt 0.180380 0.243365
vt 0.180380 0.275280
vt 0.180423 0.243379
vt 0.180396 0.275318
vt 0.072930 0.247754
vt 0.073025 0.262641
vt 0.072983 0.247526
vt 0.073046 0.247718
vt 0.073046 0.262752
vt 0.072995 0.247802
vt 0.073030 0.263128
vt 0.182287 0.243362
vt 0.182272 0.271748
vt 0.182247 0.271832
vt 0.182155 0.243616
vt 0.182224 0.272227
vt 0.182282 0.243676
vt 0.182287 0.272393
vt 0.183578 0.243267
vt 0.183552 0.271899
vt 0.183538 0.271921
vt 0.183535 0.243367
vt 0.183535 0.272068
vt 0.183581 0.243380
vt 0.183554 0.272102
vt 0.073877 0.247747
vt 0.073974 0.262555
vt 0.073931 0.247526
vt 0.073995 0.247711
vt 0.073995 0.262665
vt 0.073943 0.247789
vt 0.073953 0.262713
vt 0.184070 0.243352
vt 0.183993 0.269500
vt 0.183961 0.269576
vt 0.183938 0.243620
vt 0.183938 0.269987
vt 0.184071 0.243675
vt 0.184007 0.270139
vt 0.185366 0.243265
vt 0.185342 0.269280
vt 0.185325 0.269300
vt 0.185322 0.243369
vt 0.185322 0.269451
vt 0.185371 0.243380
vt 0.185343 0.269482
vt 0.075302 0.247740
vt 0.075399 0.262480
vt 0.075356 0.247526
vt 0.075421 0.262589
vt 0.075421 0.247704
vt 0.075368 0.247775
vt 0.075404 0.262961
vt 0.208025 0.243342
vt 0.207956 0.267358
vt 0.207918 0.267427
vt 0.207895 0.243619
vt 0.207895 0.267847
vt 0.208033 0.243669
vt 0.207971 0.267984
vt 0.210555 0.243263
vt 0.210534 0.267094
vt 0.210515 0.267112
vt 0.210512 0.243370
vt 0.210512 0.267266
vt 0.210562 0.243381
vt 0.210536 0.267294
vt 0.076254 0.247733
vt 0.076352 0.262422
vt 0.076308 0.247526
vt 0.076373 0.247697
vt 0.076373 0.262532
vt 0.076320 0.247762
vt 0.076357 0.262902
vt 0.236115 0.243333
vt 0.236054 0.265524
vt 0.236009 0.265587
vt 0.235987 0.243618
vt 0.235987 0.266013
vt 0.236129 0.243663
vt 0.236069 0.266138
vt 0.248626 0.243262
vt 0.248607 0.265239
vt 0.248586 0.265256
vt 0.248583 0.243371
vt 0.248583 0.265412
vt 0.248635 0.243380
vt 0.248609 0.265437
vt 0.074352 0.247731
vt 0.074449 0.262502
vt 0.074406 0.247526
vt 0.074470 0.247694
vt 0.074470 0.262611
vt 0.074418 0.247754
vt 0.074454 0.262984
vt 0.261823 0.243325
vt 0.261769 0.263932
vt 0.261718 0.263990
vt 0.261696 0.243615
vt 0.261696 0.264420
vt 0.261843 0.243657
vt 0.261784 0.264534
vt 0.024396 0.247540
vt 0.024379 0.267919
vt 0.024356 0.267934
vt 0.024353 0.247650
vt 0.024353 0.268091
vt 0.024407 0.247659
vt 0.024381 0.268114
vt 0.072457 0.247733
vt 0.072551 0.262683
vt 0.072510 0.247526
vt 0.072573 0.247695
vt 0.072573 0.262794
vt 0.072522 0.247750
vt 0.072556 0.263171
vt 0.025747 0.247597
vt 0.025701 0.266816
vt 0.025643 0.266869
vt 0.025622 0.247891
vt 0.025622 0.267301
vt 0.025772 0.247929
vt 0.025715 0.267405
vt 0.040159 0.247538
vt 0.040144 0.266524
vt 0.040118 0.266538
vt 0.040116 0.247650
vt 0.040116 0.266696
vt 0.040171 0.247658
vt 0.040146 0.266717
vt 0.070104 0.247735
vt 0.070195 0.262885
vt 0.070156 0.247526
vt 0.070217 0.247696
vt 0.070217 0.262997
vt 0.070167 0.247747
vt 0.070174 0.263046
vt 0.050025 0.247591
vt 0.049987 0.265580
vt 0.049922 0.265629
vt 0.049902 0.247887
vt 0.049902 0.266061
vt 0.050056 0.247922
vt 0.050001 0.266156
vt 0.053243 0.247537
vt 0.053231 0.265294
vt 0.053204 0.265307
vt 0.053201 0.247650
vt 0.053201 0.265465
vt 0.053258 0.247657
vt 0.053233 0.265485
vt 0.261339 0.243763
vt 0.261314 0.264282
vt 0.261318 0.243247
vt 0.261279 0.264378
vt 0.261284 0.243698
vt 0.261310 0.243916
vt 0.261339 0.264436
vt 0.058634 0.247586
vt 0.058604 0.264477
vt 0.058533 0.264522
vt 0.058513 0.247883
vt 0.058513 0.264953
vt 0.058670 0.247915
vt 0.058617 0.265041
vt 0.063787 0.247536
vt 0.063777 0.264199
vt 0.063747 0.264211
vt 0.063745 0.247649
vt 0.063745 0.264369
vt 0.063803 0.247656
vt 0.063779 0.264387
vt 0.066840 0.247741
vt 0.066924 0.263376
vt 0.066889 0.247526
vt 0.066946 0.263492
vt 0.066946 0.247700
vt 0.066900 0.247743
vt 0.066929 0.263886
vt 0.061108 0.247597
vt 0.061071 0.264015
vt 0.061009 0.264066
vt 0.060986 0.247889
vt 0.060986 0.264507
vt 0.061135 0.247924
vt 0.061087 0.264611
vt 0.065543 0.247538
vt 0.065532 0.263800
vt 0.065504 0.263813
vt 0.065502 0.247649
vt 0.065502 0.263974
vt 0.065556 0.247656
vt 0.065534 0.263994
vt 0.209709 0.267089
vt 0.209724 0.243247
vt 0.209739 0.243681
vt 0.209718 0.267593
vt 0.209694 0.243758
vt 0.209748 0.267197
vt 0.209725 0.243854
vt 0.051958 0.265694
vt 0.051952 0.248139
vt 0.051899 0.265756
vt 0.051851 0.265441
vt 0.051851 0.247623
vt 0.051977 0.265409
vt 0.051870 0.248087
vt 0.057744 0.265189
vt 0.057742 0.247731
vt 0.057722 0.265201
vt 0.057706 0.265094
vt 0.057706 0.247548
vt 0.057753 0.265086
vt 0.057709 0.247715
vt 0.260874 0.264666
vt 0.260882 0.243247
vt 0.260893 0.243653
vt 0.260852 0.264807
vt 0.260852 0.243706
vt 0.260922 0.264768
vt 0.260881 0.243808
vt 0.207538 0.268275
vt 0.207523 0.243931
vt 0.207470 0.268361
vt 0.207434 0.268056
vt 0.207448 0.243384
vt 0.207536 0.268016
vt 0.207469 0.243865
vt 0.207075 0.267994
vt 0.207076 0.243471
vt 0.207051 0.268009
vt 0.207041 0.267910
vt 0.207049 0.243277
vt 0.207078 0.267902
vt 0.207052 0.243451
vt 0.023586 0.267903
vt 0.023539 0.247526
vt 0.023548 0.247930
vt 0.023507 0.267924
vt 0.023507 0.247960
vt 0.023556 0.268235
vt 0.023536 0.248077
vt 0.165057 0.281080
vt 0.165045 0.243991
vt 0.165000 0.281208
vt 0.164972 0.280967
vt 0.164998 0.243452
vt 0.165031 0.280915
vt 0.165020 0.243901
vt 0.163379 0.283881
vt 0.163378 0.243491
vt 0.163361 0.283902
vt 0.163355 0.283834
vt 0.163361 0.243291
vt 0.163376 0.283825
vt 0.163364 0.243465
vt 0.049045 0.265958
vt 0.049042 0.247526
vt 0.049048 0.247908
vt 0.049050 0.266332
vt 0.049010 0.247919
vt 0.049104 0.266056
vt 0.049038 0.248041
vt 0.287547 0.290218
vt 0.287603 0.243761
vt 0.287637 0.290151
vt 0.287667 0.290359
vt 0.287589 0.243486
vt 0.287589 0.290524
vt 0.287601 0.243668
vt 0.289790 0.243339
vt 0.289738 0.298848
vt 0.289759 0.243354
vt 0.289742 0.298947
vt 0.289754 0.243277
vt 0.289780 0.243246
vt 0.289738 0.298998
vt 0.040619 0.247931
vt 0.040528 0.266327
vt 0.040614 0.247526
vt 0.040579 0.247925
vt 0.040563 0.266617
vt 0.040607 0.248066
vt 0.040562 0.266225
vt 0.164531 0.281323
vt 0.164544 0.243988
vt 0.164568 0.243905
vt 0.164615 0.281205
vt 0.164590 0.243446
vt 0.164556 0.281158
vt 0.164531 0.243247
vt 0.166439 0.280770
vt 0.166381 0.243412
vt 0.166439 0.243398
vt 0.166437 0.280670
vt 0.166385 0.243272
vt 0.166438 0.280682
vt 0.166422 0.243247
vt 0.024840 0.247981
vt 0.024764 0.267765
vt 0.024833 0.247526
vt 0.024792 0.268094
vt 0.024795 0.247956
vt 0.024824 0.248127
vt 0.024793 0.267649
vt 0.185727 0.268346
vt 0.185743 0.243928
vt 0.185797 0.243866
vt 0.185830 0.268124
vt 0.185818 0.243380
vt 0.185729 0.268088
vt 0.185727 0.243247
vt 0.208889 0.267818
vt 0.208895 0.243466
vt 0.208919 0.243451
vt 0.208922 0.267731
vt 0.208922 0.243272
vt 0.208885 0.267726
vt 0.208893 0.243247
vt 0.266789 0.243735
vt 0.266768 0.263966
vt 0.266779 0.243247
vt 0.266741 0.243689
vt 0.266721 0.264064
vt 0.266769 0.243885
vt 0.266758 0.264397
vt 0.051388 0.265710
vt 0.051393 0.248136
vt 0.051475 0.248088
vt 0.051494 0.265454
vt 0.051494 0.247620
vt 0.051368 0.265425
vt 0.051379 0.247526
vt 0.058120 0.265119
vt 0.058120 0.247728
vt 0.058154 0.247715
vt 0.058156 0.265021
vt 0.058156 0.247545
vt 0.058110 0.265016
vt 0.058118 0.247526
vt 0.209337 0.243828
vt 0.209279 0.267249
vt 0.209322 0.243247
vt 0.209279 0.243759
vt 0.209292 0.267667
vt 0.209310 0.244001
vt 0.209322 0.267303
vt 0.059713 0.247632
vt 0.059541 0.264454
vt 0.059626 0.247526
vt 0.059689 0.248039
vt 0.059576 0.264818
vt 0.059642 0.248089
vt 0.059713 0.264494
vt 0.065145 0.247545
vt 0.065081 0.263969
vt 0.065117 0.247526
vt 0.065142 0.247695
vt 0.065098 0.264099
vt 0.065119 0.247707
vt 0.065145 0.263978
vt 0.249015 0.264763
vt 0.248992 0.243775
vt 0.249014 0.243247
vt 0.248992 0.264921
vt 0.249021 0.243931
vt 0.249048 0.264860
vt 0.249049 0.243708
vt 0.059149 0.264973
vt 0.059117 0.248093
vt 0.059093 0.265036
vt 0.059027 0.264680
vt 0.059027 0.247617
vt 0.059184 0.264644
vt 0.059047 0.248045
vt 0.063373 0.264377
vt 0.063362 0.247716
vt 0.063352 0.264390
vt 0.063330 0.264267
vt 0.063330 0.247547
vt 0.063388 0.264258
vt 0.063332 0.247701
vt 0.069190 0.263105
vt 0.069278 0.247738
vt 0.069228 0.247526
vt 0.069212 0.263269
vt 0.069217 0.247745
vt 0.069168 0.263219
vt 0.069168 0.247698
vt 0.050537 0.266083
vt 0.050498 0.248106
vt 0.050476 0.266151
vt 0.050413 0.265790
vt 0.050413 0.247625
vt 0.050567 0.265752
vt 0.050433 0.248054
vt 0.052831 0.265475
vt 0.052818 0.247720
vt 0.052809 0.265489
vt 0.052787 0.265365
vt 0.052787 0.247549
vt 0.052844 0.265355
vt 0.052790 0.247703
vt 0.070596 0.262880
vt 0.070687 0.247735
vt 0.070635 0.247526
vt 0.070617 0.263042
vt 0.070624 0.247748
vt 0.070574 0.262993
vt 0.070574 0.247696
vt 0.026255 0.267324
vt 0.026208 0.248119
vt 0.026190 0.267399
vt 0.026129 0.267034
vt 0.026129 0.247634
vt 0.026279 0.266993
vt 0.026150 0.248062
vt 0.039747 0.266710
vt 0.039732 0.247723
vt 0.039724 0.266725
vt 0.039704 0.266601
vt 0.039704 0.247551
vt 0.039759 0.266590
vt 0.039706 0.247705
vt 0.025225 0.267636
vt 0.025197 0.248020
vt 0.025217 0.247526
vt 0.025197 0.267784
vt 0.025224 0.248166
vt 0.025265 0.267729
vt 0.025250 0.247957
vt 0.262328 0.264446
vt 0.262273 0.243852
vt 0.262258 0.264528
vt 0.262200 0.264159
vt 0.262200 0.243365
vt 0.262346 0.264115
vt 0.262221 0.243791
vt 0.023987 0.268107
vt 0.023969 0.247725
vt 0.023962 0.268124
vt 0.023943 0.267999
vt 0.023943 0.247553
vt 0.023997 0.267988
vt 0.023945 0.247706
vt 0.074848 0.262489
vt 0.074945 0.247731
vt 0.074891 0.247526
vt 0.074869 0.262646
vt 0.074879 0.247754
vt 0.074827 0.262599
vt 0.074827 0.247694
vt 0.236616 0.266042
vt 0.236553 0.243865
vt 0.236542 0.266131
vt 0.236486 0.265760
vt 0.236486 0.243376
vt 0.236629 0.265712
vt 0.236508 0.243797
vt 0.248218 0.265431
vt 0.248198 0.243449
vt 0.248192 0.265449
vt 0.248174 0.265325
vt 0.248174 0.243276
vt 0.248226 0.265313
vt 0.248177 0.243428
vt 0.075799 0.262432
vt 0.075897 0.247733
vt 0.075842 0.247526
vt 0.075819 0.262588
vt 0.075830 0.247762
vt 0.075778 0.262541
vt 0.075778 0.247697
vt 0.208521 0.267880
vt 0.208451 0.243877
vt 0.208444 0.267978
vt 0.208390 0.267605
vt 0.208390 0.243389
vt 0.208528 0.267552
vt 0.208413 0.243804
vt 0.210150 0.267287
vt 0.210127 0.243451
vt 0.210122 0.267307
vt 0.210105 0.267184
vt 0.210105 0.243279
vt 0.210156 0.267171
vt 0.210108 0.243429
vt 0.039301 0.266481
vt 0.039268 0.247992
vt 0.039287 0.247526
vt 0.039268 0.266622
vt 0.039294 0.248129
vt 0.039347 0.266572
vt 0.039319 0.247933
vt 0.184561 0.270023
vt 0.184483 0.243890
vt 0.184480 0.270131
vt 0.184428 0.269758
vt 0.184428 0.243403
vt 0.184561 0.269700
vt 0.184451 0.243809
vt 0.184962 0.269479
vt 0.184937 0.243453
vt 0.184933 0.269501
vt 0.184917 0.269379
vt 0.184917 0.243282
vt 0.184966 0.269364
vt 0.184920 0.243429
vt 0.073424 0.262560
vt 0.073521 0.247747
vt 0.073467 0.247526
vt 0.073445 0.262717
vt 0.073455 0.247789
vt 0.073403 0.262670
vt 0.073403 0.247712
vt 0.182776 0.272185
vt 0.182761 0.243895
vt 0.182693 0.272304
vt 0.182644 0.271936
vt 0.182713 0.243418
vt 0.182770 0.271872
vt 0.182736 0.243807
vt 0.183177 0.272103
vt 0.183149 0.243456
vt 0.183148 0.272128
vt 0.183133 0.272008
vt 0.183133 0.243286
vt 0.183178 0.271991
vt 0.183135 0.243428
vt 0.049496 0.265818
vt 0.049460 0.247975
vt 0.049478 0.247526
vt 0.049506 0.266218
vt 0.049485 0.248108
vt 0.049545 0.265908
vt 0.049509 0.247918
vt 0.181799 0.274597
vt 0.181784 0.243897
vt 0.181715 0.274727
vt 0.181667 0.274368
vt 0.181744 0.243435
vt 0.181785 0.274298
vt 0.181767 0.243801
vt 0.180823 0.275214
vt 0.180822 0.243457
vt 0.180794 0.275241
vt 0.180780 0.275124
vt 0.180807 0.243291
vt 0.180823 0.275106
vt 0.180810 0.243427
vt 0.050961 0.265517
vt 0.050924 0.247968
vt 0.050941 0.247526
vt 0.050924 0.265653
vt 0.050948 0.248099
vt 0.051011 0.265607
vt 0.050971 0.247912
vt 0.168208 0.277414
vt 0.168195 0.243897
vt 0.168125 0.277558
vt 0.168079 0.277210
vt 0.168161 0.243455
vt 0.168188 0.277133
vt 0.168184 0.243791
vt 0.167236 0.278574
vt 0.167235 0.243455
vt 0.167207 0.278605
vt 0.167194 0.278493
vt 0.167223 0.243295
vt 0.167233 0.278473
vt 0.167225 0.243422
vt 0.071065 0.262866
vt 0.071158 0.247769
vt 0.071105 0.247526
vt 0.071061 0.263360
vt 0.071094 0.247830
vt 0.071044 0.262979
vt 0.071044 0.247733
vt 0.166025 0.280751
vt 0.166013 0.243895
vt 0.165943 0.280910
vt 0.165897 0.280578
vt 0.165984 0.243477
vt 0.165996 0.280493
vt 0.166008 0.243777
vt 0.164174 0.282753
vt 0.164172 0.243453
vt 0.164146 0.282787
vt 0.164133 0.282683
vt 0.164163 0.243301
vt 0.164168 0.282660
vt 0.164166 0.243415
vt 0.069657 0.262999
vt 0.069747 0.247776
vt 0.069696 0.247526
vt 0.069679 0.263161
vt 0.069684 0.247843
vt 0.069635 0.263112
vt 0.069635 0.247741
vt 0.162998 0.284766
vt 0.162989 0.243890
vt 0.162921 0.284945
vt 0.162874 0.284633
vt 0.162966 0.243504
vt 0.162962 0.284537
vt 0.162989 0.243759
vt 0.285847 0.288155
vt 0.285846 0.243449
vt 0.285821 0.288194
vt 0.285808 0.288099
vt 0.285839 0.243308
vt 0.285839 0.288073
vt 0.285841 0.243406
vt 0.068256 0.263141
vt 0.068344 0.247783
vt 0.068293 0.247526
vt 0.068278 0.263305
vt 0.068282 0.247857
vt 0.068234 0.263255
vt 0.068234 0.247748
vt 0.286716 0.289004
vt 0.286709 0.243872
vt 0.286647 0.289202
vt 0.286598 0.288920
vt 0.286691 0.243532
vt 0.286672 0.288814
vt 0.286714 0.243726
vt 0.288990 0.295427
vt 0.288989 0.243445
vt 0.288967 0.295472
vt 0.288953 0.295390
vt 0.288984 0.243319
vt 0.288979 0.295359
vt 0.288986 0.243395
vt 0.067325 0.263298
vt 0.067412 0.247791
vt 0.067362 0.247526
vt 0.067321 0.263805
vt 0.067351 0.247870
vt 0.067303 0.263413
vt 0.067303 0.247756
vt 0.288024 0.243466
vt 0.288031 0.293237
vt 0.288081 0.243246
vt 0.288132 0.243487
vt 0.288045 0.293516
vt 0.288075 0.243604
vt 0.288024 0.293399
vt 0.305049 0.250758
vt 0.305049 0.188193
vt 0.305031 0.250812
vt 0.305016 0.250747
vt 0.305045 0.188085
vt 0.305034 0.250710
vt 0.305048 0.188132
vt 0.065935 0.263467
vt 0.066020 0.247799
vt 0.065970 0.247526
vt 0.065931 0.263979
vt 0.065960 0.247884
vt 0.065913 0.263584
vt 0.065913 0.247763
vt 0.290146 0.243492
vt 0.290231 0.299003
vt 0.290186 0.243246
vt 0.290243 0.243436
vt 0.290243 0.299206
vt 0.290204 0.243567
vt 0.290224 0.299184
vt 0.299411 0.188067
vt 0.299437 0.266325
vt 0.299421 0.187998
vt 0.299439 0.188038
vt 0.299439 0.266402
vt 0.299430 0.188084
vt 0.299437 0.266401
vt 0.064182 0.263651
vt 0.064264 0.247807
vt 0.064215 0.247526
vt 0.064177 0.264169
vt 0.064205 0.247898
vt 0.064159 0.263769
vt 0.064159 0.247771
vt 0.302926 0.253429
vt 0.302855 0.188219
vt 0.302904 0.188273
vt 0.302933 0.253372
vt 0.302893 0.187998
vt 0.302931 0.253766
vt 0.302940 0.188186
vt 0.294510 0.188095
vt 0.294528 0.303142
vt 0.294515 0.303142
vt 0.294510 0.188103
vt 0.294523 0.303200
vt 0.294511 0.187998
vt 0.294509 0.303167
vt 0.062410 0.247804
vt 0.062488 0.263905
vt 0.062458 0.247526
vt 0.062513 0.247776
vt 0.062513 0.264025
vt 0.062467 0.247897
vt 0.062492 0.264422
vt 0.301127 0.257536
vt 0.301174 0.188341
vt 0.301167 0.188392
vt 0.301143 0.257274
vt 0.301170 0.187998
vt 0.301094 0.257309
vt 0.301160 0.188260
vt 0.293389 0.309658
vt 0.293402 0.188093
vt 0.293401 0.188082
vt 0.293397 0.309602
vt 0.293402 0.187998
vt 0.293384 0.309601
vt 0.293401 0.188039
vt 0.061492 0.247797
vt 0.061571 0.264094
vt 0.061542 0.247526
vt 0.061594 0.247778
vt 0.061594 0.264215
vt 0.061548 0.247890
vt 0.061550 0.264243
vt 0.303333 0.253052
vt 0.303383 0.188341
vt 0.303373 0.188415
vt 0.303347 0.252772
vt 0.303376 0.187998
vt 0.303297 0.252823
vt 0.303367 0.188269
vt 0.295801 0.289018
vt 0.295815 0.188090
vt 0.295814 0.188096
vt 0.295807 0.288951
vt 0.295815 0.187998
vt 0.295793 0.288961
vt 0.295813 0.188047
vt 0.060070 0.247789
vt 0.060150 0.264289
vt 0.060121 0.247526
vt 0.060171 0.247780
vt 0.060171 0.264412
vt 0.060125 0.247882
vt 0.060128 0.264425
vt 0.305445 0.250331
vt 0.305495 0.188352
vt 0.305485 0.188444
vt 0.305454 0.250039
vt 0.305487 0.187998
vt 0.305406 0.250107
vt 0.305478 0.188279
vt 0.297521 0.188113
vt 0.297522 0.279614
vt 0.297522 0.188095
vt 0.297511 0.279586
vt 0.297522 0.187998
vt 0.297521 0.188054
vt 0.297498 0.279605
vt 0.055982 0.265021
vt 0.055911 0.247526
vt 0.055924 0.247898
vt 0.055883 0.265022
vt 0.055883 0.247899
vt 0.055938 0.265283
vt 0.055910 0.248024
vt 0.291570 0.243565
vt 0.291594 0.300223
vt 0.291509 0.243496
vt 0.291604 0.300214
vt 0.291548 0.243246
vt 0.291609 0.243433
vt 0.291609 0.300316
vt 0.298663 0.188081
vt 0.298669 0.269377
vt 0.298643 0.188069
vt 0.298670 0.269400
vt 0.298651 0.187998
vt 0.298670 0.188034
vt 0.298670 0.269435
vt 0.054167 0.265178
vt 0.054097 0.247526
vt 0.054110 0.247901
vt 0.054124 0.265080
vt 0.054069 0.247903
vt 0.054123 0.265444
vt 0.054096 0.248029
vt 0.292019 0.243549
vt 0.292046 0.303311
vt 0.291966 0.243476
vt 0.292007 0.243246
vt 0.292054 0.303309
vt 0.292060 0.243443
vt 0.292053 0.303605
vt 0.297895 0.188072
vt 0.297902 0.279225
vt 0.297879 0.188057
vt 0.297888 0.187998
vt 0.297903 0.279256
vt 0.297903 0.188039
vt 0.297903 0.279304
vt 0.055526 0.265023
vt 0.055455 0.247526
vt 0.055471 0.247899
vt 0.055482 0.264925
vt 0.055428 0.247900
vt 0.055482 0.265287
vt 0.055455 0.248026
vt 0.292467 0.243541
vt 0.292493 0.304715
vt 0.292417 0.243468
vt 0.292459 0.243246
vt 0.292500 0.304660
vt 0.292508 0.243446
vt 0.292500 0.305013
vt 0.297132 0.188069
vt 0.297140 0.284712
vt 0.297118 0.188054
vt 0.297128 0.187998
vt 0.297141 0.284714
vt 0.297141 0.188040
vt 0.297141 0.284793
vt 0.056894 0.247900
vt 0.056850 0.264855
vt 0.056880 0.247526
vt 0.056795 0.264952
vt 0.056852 0.247898
vt 0.056878 0.248026
vt 0.056848 0.265213
vt 0.290662 0.243567
vt 0.290684 0.299808
vt 0.290600 0.243502
vt 0.290690 0.299717
vt 0.290638 0.243246
vt 0.290700 0.243427
vt 0.290700 0.299814
vt 0.299048 0.188083
vt 0.299053 0.268203
vt 0.299027 0.188072
vt 0.299053 0.268184
vt 0.299034 0.187998
vt 0.299055 0.188032
vt 0.299055 0.268216
vt 0.092986 0.271432
vt 0.092511 0.271066
vt 0.092792 0.270929
vt 0.092521 0.270474
vt 0.092280 0.270656
vt 0.092159 0.270086
vt 0.091976 0.270315
vt 0.091559 0.270091
vt 0.091648 0.269747
vt 0.093052 0.272901
vt 0.092627 0.273175
vt 0.092802 0.272824
vt 0.092849 0.272421
vt 0.093123 0.272433
vt 0.093097 0.271945
vt 0.092803 0.271988
vt 0.092667 0.271529
vt 0.092574 0.272409
vt 0.091695 0.272316
vt 0.091788 0.271436
vt 0.093638 0.270570
vt 0.093859 0.271217
vt 0.093957 0.271874
vt 0.093306 0.269967
vt 0.092872 0.269423
vt 0.092347 0.268932
vt 0.093665 0.273650
vt 0.093834 0.273086
vt 0.093941 0.272503
vt 0.229949 0.268485
vt 0.229777 0.269162
vt 0.229624 0.268628
vt 0.229645 0.267958
vt 0.229375 0.268157
vt 0.228982 0.267772
vt 0.229223 0.267479
vt 0.228463 0.267475
vt 0.228589 0.267044
vt 0.229976 0.271071
vt 0.229246 0.271440
vt 0.229601 0.270904
vt 0.230157 0.270405
vt 0.229795 0.270341
vt 0.229808 0.269750
vt 0.230214 0.269743
vt 0.230147 0.269086
vt 0.229414 0.270188
vt 0.228388 0.269825
vt 0.228751 0.268799
vt 0.230954 0.268094
vt 0.231192 0.268853
vt 0.231331 0.269662
vt 0.230591 0.267375
vt 0.230099 0.266701
vt 0.229480 0.266078
vt 0.230891 0.272290
vt 0.231184 0.271396
vt 0.231331 0.270517
vt 0.075049 0.265987
vt 0.074770 0.266670
vt 0.074654 0.266091
vt 0.074803 0.265371
vt 0.074478 0.265534
vt 0.074139 0.265060
vt 0.074443 0.264797
vt 0.073655 0.264659
vt 0.073864 0.264235
vt 0.074718 0.268491
vt 0.073967 0.268722
vt 0.074392 0.268272
vt 0.074992 0.267890
vt 0.074667 0.267774
vt 0.074773 0.267236
vt 0.075133 0.267282
vt 0.075148 0.266644
vt 0.074374 0.267639
vt 0.073406 0.267242
vt 0.073802 0.266274
vt 0.076247 0.266534
vt 0.076111 0.265725
vt 0.076247 0.267360
vt 0.075864 0.264930
vt 0.075478 0.264152
vt 0.074952 0.263400
vt 0.075393 0.269801
vt 0.075820 0.268998
vt 0.076105 0.268182
vt 0.189433 0.270959
vt 0.189015 0.270556
vt 0.189306 0.270449
vt 0.188783 0.270122
vt 0.189068 0.269949
vt 0.188447 0.269712
vt 0.188714 0.269465
vt 0.187996 0.269352
vt 0.188183 0.268960
vt 0.189142 0.272534
vt 0.188522 0.272766
vt 0.188856 0.272367
vt 0.189346 0.272015
vt 0.189062 0.271932
vt 0.189124 0.271462
vt 0.189446 0.271489
vt 0.189145 0.270995
vt 0.188778 0.271777
vt 0.187996 0.271410
vt 0.188363 0.270628
vt 0.190205 0.270183
vt 0.190326 0.270849
vt 0.190362 0.271518
vt 0.189959 0.269504
vt 0.189576 0.268838
vt 0.189107 0.268237
vt 0.189771 0.273598
vt 0.190087 0.272904
vt 0.190284 0.272209
vt 0.023315 0.270791
vt 0.023185 0.271375
vt 0.023041 0.270918
vt 0.023055 0.270356
vt 0.022829 0.270518
vt 0.022513 0.270186
vt 0.022718 0.269944
vt 0.022196 0.269590
vt 0.022091 0.269940
vt 0.023507 0.272749
vt 0.023020 0.273021
vt 0.023242 0.272649
vt 0.023598 0.272272
vt 0.023339 0.272249
vt 0.023307 0.271827
vt 0.023594 0.271793
vt 0.023498 0.271286
vt 0.023073 0.272234
vt 0.022214 0.272123
vt 0.022325 0.271263
vt 0.024165 0.270443
vt 0.024370 0.271091
vt 0.024454 0.271745
vt 0.023842 0.269831
vt 0.023405 0.269297
vt 0.022899 0.268805
vt 0.023252 0.273248
vt 0.024312 0.272965
vt 0.024127 0.273560
vt 0.024427 0.272371
vt 0.089175 0.270851
vt 0.089043 0.271430
vt 0.088902 0.270976
vt 0.088919 0.270420
vt 0.088695 0.270578
vt 0.088385 0.270246
vt 0.088595 0.270013
vt 0.087972 0.269980
vt 0.088094 0.269632
vt 0.089344 0.272830
vt 0.088840 0.273139
vt 0.089063 0.272732
vt 0.089431 0.272344
vt 0.089170 0.272315
vt 0.089157 0.271884
vt 0.089451 0.271856
vt 0.089356 0.271344
vt 0.088917 0.272286
vt 0.088061 0.272160
vt 0.088186 0.271304
vt 0.090013 0.270507
vt 0.090216 0.271146
vt 0.090304 0.271791
vt 0.089695 0.269902
vt 0.089260 0.269378
vt 0.088798 0.268921
vt 0.089099 0.273372
vt 0.090179 0.273060
vt 0.090001 0.273646
vt 0.090304 0.272432
vt 0.100052 0.270279
vt 0.099832 0.270818
vt 0.099740 0.270359
vt 0.099862 0.269800
vt 0.099609 0.269918
vt 0.099366 0.269539
vt 0.099607 0.269343
vt 0.099171 0.268910
vt 0.099006 0.269226
vt 0.099826 0.272248
vt 0.099254 0.272434
vt 0.099568 0.272086
vt 0.099760 0.271691
vt 0.100012 0.271773
vt 0.099835 0.271267
vt 0.100119 0.271301
vt 0.100131 0.270798
vt 0.099521 0.271587
vt 0.098752 0.271275
vt 0.099063 0.270507
vt 0.100894 0.270066
vt 0.101004 0.270710
vt 0.101004 0.271366
vt 0.100694 0.269434
vt 0.100376 0.268849
vt 0.099983 0.268289
vt 0.099452 0.272724
vt 0.100644 0.272639
vt 0.100325 0.273236
vt 0.100888 0.272022
vt 0.270502 0.273489
vt 0.270285 0.270580
vt 0.270502 0.270580
vt 0.270285 0.273489
vt 0.270068 0.270580
vt 0.270068 0.273489
vt 0.269851 0.270580
vt 0.270720 0.273489
vt 0.270720 0.270580
vt 0.087306 0.271842
vt 0.087089 0.268933
vt 0.087306 0.268933
vt 0.087089 0.271842
vt 0.086872 0.268933
vt 0.086872 0.271842
vt 0.086655 0.268933
vt 0.087523 0.271842
vt 0.087523 0.268933
vt 0.114635 0.272530
vt 0.114418 0.269621
vt 0.114635 0.269621
vt 0.114418 0.272530
vt 0.114202 0.269621
vt 0.114202 0.272530
vt 0.113985 0.269621
vt 0.114853 0.272530
vt 0.114853 0.269621
vt 0.072765 0.273333
vt 0.072548 0.270424
vt 0.072765 0.270424
vt 0.072548 0.273333
vt 0.072332 0.270424
vt 0.072332 0.273333
vt 0.072115 0.270424
vt 0.072983 0.270424
vt 0.185088 0.273397
vt 0.184871 0.270488
vt 0.185088 0.270488
vt 0.184871 0.273397
vt 0.184645 0.270488
vt 0.184645 0.273397
vt 0.184428 0.270488
vt 0.185296 0.273397
vt 0.185296 0.270488
vt 0.119713 0.272530
vt 0.119496 0.269621
vt 0.119713 0.269621
vt 0.119496 0.272530
vt 0.119281 0.269621
vt 0.119281 0.272530
vt 0.119064 0.269621
vt 0.119932 0.272530
vt 0.119932 0.269621
vt 0.115859 0.272530
vt 0.115642 0.269621
vt 0.115859 0.269621
vt 0.115642 0.272530
vt 0.115427 0.269621
vt 0.115427 0.272530
vt 0.115210 0.269621
vt 0.116078 0.269621
vt 0.117085 0.272530
vt 0.116868 0.269621
vt 0.117085 0.269621
vt 0.116868 0.272530
vt 0.116652 0.269621
vt 0.116652 0.272530
vt 0.116435 0.269621
vt 0.117303 0.272530
vt 0.117303 0.269621
vt 0.272558 0.273380
vt 0.272341 0.270471
vt 0.272558 0.270471
vt 0.272341 0.273380
vt 0.272126 0.270471
vt 0.272126 0.273380
vt 0.271909 0.270471
vt 0.272778 0.273380
vt 0.272778 0.270471
vt 0.076028 0.273067
vt 0.075811 0.270158
vt 0.076028 0.270158
vt 0.075811 0.273067
vt 0.075596 0.270158
vt 0.075596 0.273067
vt 0.075379 0.270158
vt 0.076247 0.273067
vt 0.076247 0.270158
vt 0.186388 0.271696
vt 0.186171 0.268787
vt 0.186388 0.268787
vt 0.186171 0.271696
vt 0.185944 0.268787
vt 0.185944 0.271696
vt 0.185727 0.268787
vt 0.186596 0.271696
vt 0.186596 0.268787
vt 0.118311 0.272530
vt 0.118093 0.269621
vt 0.118311 0.269621
vt 0.118093 0.272530
vt 0.117877 0.269621
vt 0.117877 0.272530
vt 0.117660 0.269621
vt 0.118529 0.272530
vt 0.118529 0.269621
vt 0.071224 0.273462
vt 0.071007 0.270553
vt 0.071224 0.270553
vt 0.071007 0.273462
vt 0.070791 0.270553
vt 0.070791 0.273462
vt 0.070574 0.270553
vt 0.071442 0.273462
vt 0.071442 0.270553
vt 0.269277 0.273501
vt 0.269060 0.270592
vt 0.269277 0.270592
vt 0.269060 0.273501
vt 0.268843 0.270592
vt 0.268843 0.273501
vt 0.268626 0.270592
vt 0.269495 0.273501
vt 0.269495 0.270592
vt 0.074054 0.273067
vt 0.073837 0.270158
vt 0.074054 0.270158
vt 0.073837 0.273067
vt 0.073620 0.270158
vt 0.073620 0.273067
vt 0.073403 0.270158
vt 0.074271 0.273067
vt 0.074271 0.270158
vt 0.000599 0.000309
vt 0.000599 0.000309
vt 0.000599 0.000308
vt 0.000599 0.000309
vt 0.000601 0.000335
vt 0.000599 0.000309
vt 0.000599 0.000178
vt 0.000598 0.000335
vt 0.000599 0.012166
vt 0.000599 0.000387
vt 0.000603 0.012166
vt 0.000594 0.012166
vt 0.000598 0.023328
vt 0.000599 0.012167
vt 0.000605 0.023321
vt 0.000592 0.023321
vt 0.000604 0.038572
vt 0.000598 0.038576
vt 0.000598 0.023315
vt 0.000591 0.038572
vt 0.000604 0.051181
vt 0.000598 0.038569
vt 0.000597 0.051187
vt 0.000591 0.051181
vt 0.000597 0.058561
vt 0.000597 0.051175
vt 0.000608 0.058586
vt 0.000586 0.058586
vt 0.000597 0.059721
vt 0.000597 0.058611
vt 0.000609 0.059718
vt 0.000585 0.059718
vt 0.000616 0.060893
vt 0.000597 0.060815
vt 0.000597 0.059717
vt 0.000578 0.060893
vt 0.000595 0.102790
vt 0.000597 0.060970
vt 0.000614 0.102874
vt 0.000576 0.102874
vt 0.000595 0.104491
vt 0.000595 0.102959
vt 0.000608 0.104492
vt 0.000582 0.104492
vt 0.000599 0.106176
vt 0.000595 0.106126
vt 0.000595 0.104492
vt 0.000592 0.106176
vt 0.000573 0.126425
vt 0.000595 0.106221
vt 0.000594 0.126462
vt 0.000615 0.126425
vt 0.000593 0.152373
vt 0.000594 0.126391
vt 0.000577 0.152330
vt 0.000609 0.152330
vt 0.000593 0.169783
vt 0.000593 0.152271
vt 0.000622 0.169015
vt 0.000563 0.169015
vt 0.000586 0.571986
vt 0.000576 0.571987
vt 0.000593 0.168245
vt 0.000567 0.571986
vt 0.000571 0.708768
vt 0.000576 0.571987
vt 0.000574 0.708801
vt 0.000567 0.708801
vt 0.000563 0.780602
vt 0.000568 0.780914
vt 0.000571 0.708833
vt 0.000573 0.780602
vt 0.000189 0.000242
vt 0.000189 0.000242
vt 0.000189 0.000242
vt 0.000189 0.000254
vt 0.000189 0.000242
vt 0.000189 0.000178
vt 0.000188 0.000254
vt 0.000189 0.015403
vt 0.000189 0.000279
vt 0.000191 0.015403
vt 0.000187 0.015403
vt 0.000189 0.029642
vt 0.000189 0.015404
vt 0.000193 0.029637
vt 0.000186 0.029637
vt 0.000193 0.049110
vt 0.000190 0.049113
vt 0.000189 0.029632
vt 0.000187 0.049110
vt 0.000193 0.065210
vt 0.000190 0.049107
vt 0.000190 0.065215
vt 0.000187 0.065210
vt 0.000190 0.074625
vt 0.000190 0.065206
vt 0.000196 0.074645
vt 0.000184 0.074645
vt 0.000190 0.076040
vt 0.000190 0.074665
vt 0.000196 0.076038
vt 0.000184 0.076038
vt 0.000200 0.077488
vt 0.000190 0.077427
vt 0.000190 0.076038
vt 0.000180 0.077488
vt 0.000191 0.131115
vt 0.000190 0.077548
vt 0.000201 0.131181
vt 0.000182 0.131181
vt 0.000191 0.133198
vt 0.000191 0.131248
vt 0.000197 0.133198
vt 0.000185 0.133198
vt 0.000193 0.135300
vt 0.000191 0.135260
vt 0.000191 0.133197
vt 0.000189 0.135300
vt 0.000181 0.161277
vt 0.000191 0.135337
vt 0.000192 0.161304
vt 0.000202 0.161277
vt 0.000192 0.194268
vt 0.000192 0.161252
vt 0.000184 0.194232
vt 0.000200 0.194232
vt 0.000192 0.216236
vt 0.000192 0.194187
vt 0.000207 0.215632
vt 0.000178 0.215632
vt 0.000206 0.732241
vt 0.000201 0.732242
vt 0.000192 0.215026
vt 0.000197 0.732241
vt 0.000204 0.907587
vt 0.000201 0.732242
vt 0.000206 0.907613
vt 0.000203 0.907613
vt 0.000205 0.999670
vt 0.000206 0.999822
vt 0.000204 0.907639
vt 0.000207 0.999670
vt 0.034223 0.254762
vt 0.033668 0.257797
vt 0.033369 0.254268
vt 0.031473 0.254787
vt 0.032170 0.257831
vt 0.030362 0.258217
vt 0.032404 0.254274
vt 0.030211 0.253467
vt 0.031472 0.254786
vt 0.032404 0.254272
vt 0.033473 0.252629
vt 0.033369 0.254267
vt 0.035113 0.253336
vt 0.034224 0.254761
vt 0.031958 0.252669
vt 0.037578 0.256058
vt 0.035467 0.258045
vt 0.035115 0.253334
vt 0.033584 0.251995
vt 0.035462 0.252790
vt 0.031957 0.252667
vt 0.033473 0.252627
vt 0.038409 0.255921
vt 0.030209 0.253465
vt 0.027102 0.256206
vt 0.029822 0.252883
vt 0.031781 0.251978
vt 0.029820 0.252881
vt 0.031411 0.250406
vt 0.031781 0.251975
vt 0.033585 0.251992
vt 0.036314 0.251467
vt 0.035463 0.252788
vt 0.033751 0.250275
vt 0.037772 0.254036
vt 0.029016 0.251807
vt 0.033657 0.258069
vt 0.035005 0.261104
vt 0.033824 0.262203
vt 0.031041 0.261298
vt 0.032198 0.258102
vt 0.032370 0.262346
vt 0.028807 0.263020
vt 0.030313 0.258494
vt 0.031038 0.261299
vt 0.034628 0.265051
vt 0.032369 0.262348
vt 0.033825 0.262204
vt 0.037336 0.262694
vt 0.035008 0.261105
vt 0.035532 0.258308
vt 0.037340 0.262696
vt 0.035077 0.266406
vt 0.034630 0.265055
vt 0.031587 0.265157
vt 0.038912 0.256150
vt 0.037698 0.256299
vt 0.028804 0.263022
vt 0.026636 0.256483
vt 0.027862 0.256521
vt 0.031223 0.266494
vt 0.031335 0.250103
vt 0.026636 0.249754
vt 0.030795 0.247526
vt 0.038555 0.249319
vt 0.033803 0.249996
vt 0.034277 0.247553
vt 0.037922 0.253969
vt 0.027373 0.254336
vt 0.027966 0.256258
vt 0.028824 0.251609
vt 0.036494 0.251258
vt 0.027523 0.254395
vt 0.022091 0.268184
vt 0.023123 0.268202
vt 0.023134 0.257987
vt 0.267382 0.243503
vt 0.267858 0.243270
vt 0.083228 0.273227
vt 0.097247 0.273427
vt 0.018665 0.273002
vt 0.022091 0.247790
vt 0.267858 0.264209
vt 0.267225 0.254698
vt 0.105260 0.259047
vt 0.105958 0.259047
vt 0.048107 0.273184
vt 0.049037 0.273184
vt 0.219447 0.272928
vt 0.220378 0.272928
vt 0.005371 0.272398
vt 0.005997 0.273652
vt 0.004744 0.274279
vt 0.005997 0.269791
vt 0.200177 0.270771
vt 0.201423 0.271396
vt 0.200798 0.272642
vt 0.095133 0.272133
vt 0.096069 0.268944
vt 0.097943 0.272133
vt 0.097006 0.273070
vt 0.205086 0.270751
vt 0.206314 0.271297
vt 0.205768 0.272525
vt 0.203992 0.268237
vt 0.187053 0.272701
vt 0.207789 0.268718
vt 0.101946 0.268289
vt 0.101946 0.272267
vt 0.121129 0.269440
vt 0.207952 0.271143
vt 0.187053 0.271537
vt 0.020669 0.275402
vt 0.041809 0.275763
vt 0.079702 0.275690
vt 0.096070 0.275855
vt 0.081841 0.275690
vt 0.047033 0.275584
vt 0.077679 0.275690
vt 0.085232 0.275627
vt 0.225011 0.273098
vt 0.016419 0.272974
vt 0.221521 0.272928
vt 0.028418 0.273563
vt 0.051968 0.273412
vt 0.076247 0.273593
vt 0.044199 0.273297
vt 0.235351 0.271355
vt 0.235584 0.269429
vt 0.235630 0.269846
vt 0.235367 0.270174
vt 0.234838 0.269212
vt 0.028003 0.266851
vt 0.029288 0.270045
vt 0.028949 0.270319
vt 0.028516 0.270273
vt 0.029060 0.269272
vt 0.016528 0.270993
vt 0.016083 0.270948
vt 0.015845 0.270157
vt 0.016635 0.269919
vt 0.016828 0.272534
vt 0.020657 0.270334
vt 0.020932 0.270002
vt 0.021694 0.270236
vt 0.021459 0.270998
vt 0.020709 0.271698
vt 0.020732 0.269042
vt 0.008406 0.270556
vt 0.009147 0.273538
vt 0.039268 0.273100
vt 0.007121 0.268994
vt 0.007390 0.270540
vt 0.007914 0.271946
vt 0.008022 0.273773
vt 0.008430 0.268898
vt 0.009527 0.272184
vt 0.013336 0.272342
vt 0.013824 0.269136
vt 0.013310 0.270838
vt 0.103153 0.254471
vt 0.012698 0.268898
vt 0.011855 0.270082
vt 0.011808 0.273705
vt 0.013121 0.273754
vt 0.012380 0.272001
vt 0.047726 0.272416
vt 0.048654 0.269846
vt 0.048612 0.270297
vt 0.048264 0.270586
vt 0.047914 0.269456
vt 0.048244 0.271280
vt 0.217884 0.266252
vt 0.219058 0.269457
vt 0.218732 0.269737
vt 0.218302 0.269705
vt 0.218810 0.268701
vt 0.227423 0.271837
vt 0.227974 0.269001
vt 0.228000 0.269441
vt 0.227708 0.269769
vt 0.227206 0.268735
vt 0.053767 0.266021
vt 0.054939 0.269050
vt 0.054618 0.269339
vt 0.054187 0.269317
vt 0.054673 0.268298
vt 0.238860 0.275515
vt 0.257764 0.271331
vt 0.257008 0.271342
vt 0.038912 0.273139
vt 0.038634 0.273142
vt 0.236986 0.275519
vt 0.237659 0.275519
vt 0.258121 0.264934
vt 0.259130 0.264934
vt 0.030418 0.266852
vt 0.030789 0.266852
vt 0.274870 0.246060
vt 0.061492 0.264964
vt 0.062500 0.264964
vt 0.037086 0.266853
vt 0.037457 0.266853
vt 0.116628 0.275534
vt 0.117303 0.275534
vt 0.059521 0.271793
vt 0.058765 0.271802
vt 0.036358 0.266854
vt 0.036636 0.266851
vt 0.119257 0.275534
vt 0.119932 0.275534
vt 0.266364 0.271112
vt 0.265607 0.271119
vt 0.235987 0.266497
vt 0.236265 0.266494
vt 0.216522 0.275476
vt 0.217424 0.275476
vt 0.066376 0.264335
vt 0.067133 0.264331
vt 0.219448 0.266254
vt 0.219726 0.266252
vt 0.215264 0.275382
vt 0.215940 0.275382
vt 0.069168 0.263967
vt 0.069924 0.263964
vt 0.223197 0.266253
vt 0.223475 0.266252
vt 0.234728 0.275351
vt 0.235630 0.275351
vt 0.266721 0.264755
vt 0.267729 0.264755
vt 0.040975 0.266633
vt 0.041346 0.266633
vt 0.260341 0.274351
vt 0.259892 0.274359
vt 0.252387 0.264931
vt 0.253143 0.264940
vt 0.029783 0.266851
vt 0.030061 0.266854
vt 0.250993 0.274372
vt 0.251669 0.274363
vt 0.249658 0.264931
vt 0.250413 0.264940
vt 0.272695 0.257006
vt 0.272973 0.257008
vt 0.249629 0.274383
vt 0.064872 0.264520
vt 0.065626 0.264528
vt 0.044359 0.266633
vt 0.044636 0.266635
vt 0.185951 0.274708
vt 0.268744 0.263771
vt 0.269495 0.263780
vt 0.272635 0.250057
vt 0.272910 0.250060
vt 0.058846 0.274814
vt 0.072237 0.263591
vt 0.072983 0.263600
vt 0.222566 0.266252
vt 0.222840 0.266254
vt 0.274185 0.255701
vt 0.274861 0.255692
vt 0.268744 0.250093
vt 0.269485 0.250101
vt 0.224017 0.266252
vt 0.224289 0.266254
vt 0.113178 0.274901
vt 0.089541 0.262063
vt 0.090275 0.262072
vt 0.240655 0.266181
vt 0.240925 0.266183
vt 0.111696 0.274901
vt 0.093232 0.262063
vt 0.093957 0.262072
vt 0.239220 0.266181
vt 0.239487 0.266183
vt 0.110666 0.274901
vt 0.095901 0.262063
vt 0.096618 0.262072
vt 0.237791 0.266181
vt 0.238054 0.266183
vt 0.106802 0.274901
vt 0.107478 0.274893
vt 0.120941 0.261764
vt 0.121647 0.261772
vt 0.241954 0.266181
vt 0.242214 0.266183
vt 0.207658 0.274940
vt 0.100308 0.261386
vt 0.101004 0.261393
vt 0.231781 0.266078
vt 0.232036 0.266080
vt 0.183356 0.275140
vt 0.103026 0.260989
vt 0.103710 0.260997
vt 0.271995 0.256961
vt 0.272246 0.256963
vt 0.230656 0.275303
vt 0.099830 0.254461
vt 0.100500 0.254469
vt 0.248675 0.265794
vt 0.248922 0.265796
vt 0.101810 0.275280
vt 0.099816 0.247526
vt 0.100472 0.247534
vt 0.271305 0.256961
vt 0.271546 0.256963
vt 0.246561 0.275306
vt 0.246111 0.275314
vt 0.101656 0.247526
vt 0.102296 0.247534
vt 0.261372 0.265088
vt 0.261607 0.265090
vt 0.054286 0.275340
vt 0.054962 0.275331
vt 0.103026 0.267902
vt 0.103692 0.267908
vt 0.273360 0.250057
vt 0.273605 0.250059
vt 0.052335 0.275340
vt 0.053230 0.275340
vt 0.092556 0.268407
vt 0.091869 0.268577
vt 0.043886 0.272875
vt 0.043633 0.272939
vt 0.233029 0.275351
vt 0.233698 0.275351
vt 0.068703 0.270485
vt 0.067983 0.270612
vt 0.035985 0.273084
vt 0.035720 0.273131
vt 0.214011 0.275381
vt 0.214906 0.275381
vt 0.057777 0.271887
vt 0.057034 0.271966
vt 0.034406 0.273077
vt 0.034133 0.273106
vt 0.218195 0.275475
vt 0.219090 0.275475
vt 0.272185 0.256397
vt 0.271430 0.256424
vt 0.040486 0.273307
vt 0.040116 0.273307
vt 0.240291 0.275511
vt 0.056182 0.272039
vt 0.055428 0.272039
vt 0.035191 0.273106
vt 0.034915 0.273106
vt 0.213652 0.275377
vt 0.213204 0.275381
vt 0.270571 0.256512
vt 0.269841 0.256512
vt 0.033596 0.273130
vt 0.033328 0.273130
vt 0.274677 0.273124
vt 0.087338 0.268576
vt 0.086655 0.268573
vt 0.043117 0.272938
vt 0.042866 0.272937
vt 0.227325 0.275345
vt 0.210176 0.273717
vt 0.209475 0.273873
vt 0.025949 0.273441
vt 0.025693 0.273500
vt 0.242571 0.275314
vt 0.243244 0.275314
vt 0.103528 0.253945
vt 0.102838 0.254114
vt 0.090953 0.268360
vt 0.090700 0.268422
vt 0.246918 0.275314
vt 0.247591 0.275314
vt 0.099192 0.253945
vt 0.098494 0.254104
vt 0.271535 0.249543
vt 0.271278 0.249602
vt 0.243827 0.275314
vt 0.244500 0.275314
vt 0.099207 0.260879
vt 0.098502 0.261029
vt 0.271547 0.270067
vt 0.271288 0.270122
vt 0.228357 0.275303
vt 0.229030 0.275303
vt 0.101374 0.254611
vt 0.102087 0.254471
vt 0.272236 0.249542
vt 0.271974 0.249594
vt 0.055535 0.275052
vt 0.056208 0.275052
vt 0.102296 0.267803
vt 0.101576 0.267932
vt 0.272253 0.270066
vt 0.271988 0.270114
vt 0.056795 0.274979
vt 0.057469 0.274979
vt 0.098311 0.261505
vt 0.099037 0.261386
vt 0.051372 0.266171
vt 0.051639 0.266127
vt 0.105322 0.274901
vt 0.105996 0.274901
vt 0.097933 0.268479
vt 0.097202 0.268587
vt 0.237338 0.272475
vt 0.237069 0.272515
vt 0.108961 0.274901
vt 0.109634 0.274901
vt 0.095283 0.268479
vt 0.094547 0.268576
vt 0.238767 0.272475
vt 0.238497 0.272510
vt 0.104066 0.274901
vt 0.104966 0.274901
vt 0.088924 0.268478
vt 0.088183 0.268564
vt 0.240203 0.272474
vt 0.239931 0.272506
vt 0.120748 0.274878
vt 0.121421 0.274878
vt 0.269478 0.249662
vt 0.268733 0.249736
vt 0.225009 0.272545
vt 0.224735 0.272573
vt 0.273961 0.252688
vt 0.274861 0.252688
vt 0.268498 0.256999
vt 0.269246 0.256938
vt 0.221995 0.272545
vt 0.221720 0.272568
vt 0.086655 0.274854
vt 0.087328 0.274854
vt 0.071572 0.270146
vt 0.070821 0.270196
vt 0.049827 0.272868
vt 0.049551 0.272887
vt 0.060070 0.274563
vt 0.060743 0.274563
vt 0.270854 0.270185
vt 0.270101 0.270223
vt 0.045361 0.272926
vt 0.045085 0.272940
vt 0.260708 0.274459
vt 0.261607 0.274459
vt 0.263205 0.271299
vt 0.262450 0.271324
vt 0.272967 0.249540
vt 0.272690 0.249549
vt 0.061601 0.274380
vt 0.062500 0.274380
vt 0.251777 0.271346
vt 0.251022 0.271359
vt 0.272985 0.270064
vt 0.272707 0.270069
vt 0.252244 0.274371
vt 0.253143 0.274371
vt 0.063374 0.264774
vt 0.041888 0.272943
vt 0.226069 0.275343
vt 0.270598 0.249701
vt 0.269841 0.249694
vt 0.220453 0.272571
vt 0.220175 0.272569
vt 0.211370 0.275382
vt 0.270603 0.263414
vt 0.269847 0.263410
vt 0.221181 0.272571
vt 0.220903 0.272570
vt 0.232139 0.275426
vt 0.264747 0.271118
vt 0.263990 0.271117
vt 0.050783 0.272821
vt 0.050413 0.272821
vt 0.115149 0.275534
vt 0.116047 0.275534
vt 0.060070 0.265155
vt 0.061078 0.265155
vt 0.032601 0.266854
vt 0.032971 0.266854
vt 0.117661 0.275534
vt 0.118333 0.275534
vt 0.256399 0.271330
vt 0.255643 0.271340
vt 0.032244 0.273135
vt 0.031966 0.273138
vt 0.274646 0.249064
vt 0.275320 0.249064
vt 0.260495 0.271342
vt 0.259739 0.271347
vt 0.031516 0.273146
vt 0.031238 0.273147
vt 0.241538 0.275523
vt 0.242214 0.275523
vt 0.254508 0.271342
vt 0.253500 0.271342
vt 0.038184 0.273142
vt 0.037813 0.273142
vt 0.052431 0.265399
vt 0.304589 0.188269
vt 0.296334 0.188039
vt 0.057297 0.265211
vt 0.301605 0.188419
vt 0.294135 0.307265
vt 0.055018 0.264930
vt 0.299861 0.188474
vt 0.293777 0.309400
vt 0.056383 0.264907
vt 0.300302 0.188309
vt 0.293027 0.188053
vt 0.053657 0.265083
vt 0.304144 0.188272
vt 0.296760 0.287708
vt 0.060571 0.264420
vt 0.301986 0.188261
vt 0.294950 0.301066
vt 0.061971 0.264596
vt 0.300674 0.188252
vt 0.323092 0.324749
vt 0.062914 0.264062
vt 0.302491 0.188359
vt 0.295436 0.188055
vt 0.064707 0.264163
vt 0.291112 0.243246
vt 0.298276 0.187998
vt 0.066438 0.263629
vt 0.288547 0.294333
vt 0.303752 0.187998
vt 0.067833 0.263458
vt 0.287120 0.243246
vt 0.289358 0.243246
vt 0.068767 0.263301
vt 0.162440 0.243247
vt 0.286215 0.243246
vt 0.054617 0.265108
vt 0.165459 0.243247
vt 0.163748 0.243247
vt 0.071585 0.263024
vt 0.167638 0.243247
vt 0.166808 0.243247
vt 0.072084 0.263234
vt 0.181227 0.243247
vt 0.180393 0.243247
vt 0.073004 0.262800
vt 0.182204 0.243247
vt 0.183549 0.243247
vt 0.073979 0.263039
vt 0.183989 0.243247
vt 0.185337 0.243247
vt 0.075378 0.262637
vt 0.207948 0.243247
vt 0.210528 0.243247
vt 0.076331 0.262579
vt 0.236042 0.243247
vt 0.248600 0.243247
vt 0.074428 0.262659
vt 0.261754 0.243247
vt 0.024371 0.247526
vt 0.072530 0.262842
vt 0.025682 0.247526
vt 0.040135 0.247526
vt 0.070200 0.263380
vt 0.049965 0.247526
vt 0.053222 0.247526
vt 0.261307 0.264731
vt 0.058579 0.247526
vt 0.063766 0.247526
vt 0.066902 0.263542
vt 0.061046 0.247526
vt 0.065521 0.247526
vt 0.209694 0.267260
vt 0.051966 0.247526
vt 0.057744 0.247526
vt 0.260883 0.265111
vt 0.207538 0.243247
vt 0.207078 0.243247
vt 0.023557 0.267783
vt 0.165057 0.243247
vt 0.163379 0.243247
vt 0.049010 0.266059
vt 0.287603 0.243246
vt 0.289741 0.298875
vt 0.040619 0.266338
vt 0.164589 0.281446
vt 0.166435 0.280742
vt 0.024840 0.267788
vt 0.185796 0.268430
vt 0.208913 0.267830
vt 0.266789 0.264105
vt 0.051446 0.265770
vt 0.058141 0.265129
vt 0.209293 0.267111
vt 0.059640 0.264894
vt 0.065120 0.264113
vt 0.249021 0.265222
vt 0.059131 0.247526
vt 0.063364 0.247526
vt 0.069186 0.263607
vt 0.050512 0.247526
vt 0.052820 0.247526
vt 0.070591 0.263375
vt 0.026222 0.247526
vt 0.039734 0.247526
vt 0.025233 0.268068
vt 0.262287 0.243247
vt 0.023971 0.247526
vt 0.074843 0.262971
vt 0.236568 0.243247
vt 0.248200 0.243247
vt 0.075794 0.262912
vt 0.208466 0.243247
vt 0.210129 0.243247
vt 0.039311 0.266892
vt 0.184497 0.243247
vt 0.184938 0.243247
vt 0.073419 0.263043
vt 0.182776 0.243247
vt 0.183151 0.243247
vt 0.049460 0.265955
vt 0.181799 0.243247
vt 0.180823 0.243247
vt 0.050971 0.265913
vt 0.168208 0.243247
vt 0.167236 0.243247
vt 0.071087 0.263027
vt 0.166025 0.243247
vt 0.164174 0.243247
vt 0.069652 0.263497
vt 0.162998 0.243247
vt 0.285847 0.243246
vt 0.068251 0.263643
vt 0.286716 0.243246
vt 0.288990 0.243246
vt 0.067348 0.263463
vt 0.288027 0.293832
vt 0.305049 0.187998
vt 0.065958 0.263635
vt 0.290233 0.299560
vt 0.299437 0.266513
vt 0.064205 0.263820
vt 0.302940 0.253508
vt 0.294509 0.188055
vt 0.062468 0.264066
vt 0.301174 0.257360
vt 0.293402 0.309625
vt 0.061574 0.264603
vt 0.303383 0.252869
vt 0.295815 0.288979
vt 0.060152 0.264789
vt 0.305495 0.250137
vt 0.297509 0.279660
vt 0.055939 0.264924
vt 0.291604 0.300502
vt 0.298670 0.269447
vt 0.054069 0.265180
vt 0.292060 0.303417
vt 0.297903 0.279295
vt 0.055428 0.265024
vt 0.292508 0.304768
vt 0.297141 0.284753
vt 0.056894 0.264953
vt 0.290692 0.300079
vt 0.299054 0.268270
vt 0.092833 0.273366
vt 0.092247 0.271300
vt 0.092115 0.272545
vt 0.091559 0.271857
vt 0.229575 0.271793
vt 0.229339 0.268768
vt 0.228826 0.270219
vt 0.228357 0.269237
vt 0.074221 0.269111
vt 0.074368 0.266271
vt 0.073808 0.267641
vt 0.073403 0.266676
vt 0.188756 0.273080
vt 0.188830 0.270649
vt 0.188311 0.271756
vt 0.188017 0.270943
vt 0.022778 0.271141
vt 0.022620 0.272356
vt 0.022091 0.271670
vt 0.088640 0.271190
vt 0.088463 0.272400
vt 0.087946 0.271706
vt 0.099512 0.270503
vt 0.099072 0.271590
vt 0.098749 0.270827
vt 0.269851 0.273489
vt 0.086655 0.271842
vt 0.113985 0.272530
vt 0.072115 0.273333
vt 0.072983 0.273333
vt 0.184428 0.273397
vt 0.119064 0.272530
vt 0.115210 0.272530
vt 0.116078 0.272530
vt 0.116435 0.272530
vt 0.271909 0.273380
vt 0.075379 0.273067
vt 0.185727 0.271696
vt 0.117660 0.272530
vt 0.070574 0.273462
vt 0.268626 0.273501
vt 0.073403 0.273067
vt 0.000568 0.780498
vt 0.000206 0.999620
vt 0.031588 0.265154
vt 0.038507 0.263270
vt 0.027681 0.263672
s 1
f 1260/1444/1065 1261/1445/1066 1259/1446/1065
f 1262/1447/1066 1263/1448/1067 1261/1445/1066
f 1264/1449/1067 1265/1450/1068 1263/1448/1067
f 1266/1451/1068 1267/1452/1069 1265/1450/1068
f 1268/1453/1069 1269/1454/1070 1267/1452/1069
f 1270/1455/1070 1271/1456/1071 1269/1454/1070
f 1272/1457/1071 1273/1458/1072 1271/1456/1071
f 1274/1459/1072 1259/1446/1065 1273/1458/1072
f 1277/1460/1073 1276/1461/1074 1275/1462/1075
f 1283/1463/1076 1278/1464/1077 1277/1460/1073
f 1279/1465/1078 1282/1466/1079 1281/1467/1080
f 1275/1462/1081 1280/1468/1081 1279/1469/1081
f 1275/1462/1075 1281/1467/1080 1277/1460/1073
f 1282/1470/1079 1276/1461/1074 1278/1464/1077
f 1288/1471/1082 1286/1472/1083 1284/1473/1084
f 1286/1474/1083 1281/1467/1080 1282/1466/1079
f 1281/1467/1080 1283/1463/1076 1277/1460/1073
f 1284/1473/1084 1282/1470/1079 1278/1464/1077
f 1294/1475/1085 1289/1476/1086 1290/1477/1087
f 1287/1478/1088 1284/1473/1084 1283/1463/1076
f 1290/1477/1087 1285/1479/1089 1286/1474/1083
f 1285/1479/1089 1287/1478/1088 1283/1463/1076
f 1296/1480/1090 1294/1481/1085 1292/1482/1091
f 1289/1476/1086 1291/1483/1092 1287/1478/1088
f 1292/1482/1091 1290/1484/1087 1288/1471/1082
f 1291/1483/1092 1288/1471/1082 1287/1478/1088
f 1299/1485/1093 1296/1480/1090 1295/1486/1094
f 1295/1486/1094 1292/1482/1091 1291/1483/1092
f 1298/1487/1095 1293/1488/1096 1294/1475/1085
f 1293/1488/1096 1295/1486/1094 1291/1483/1092
f 1302/1489/1097 1297/1490/1098 1298/1487/1095
f 1297/1490/1098 1299/1485/1093 1295/1486/1094
f 1300/1491/1099 1298/1492/1095 1296/1480/1090
f 1305/1493/1073 1304/1494/1074 1303/1495/1075
f 1311/1496/1076 1306/1497/1077 1305/1493/1073
f 1307/1498/1078 1310/1499/1079 1309/1500/1080
f 1303/1495/1081 1308/1501/1081 1307/1502/1081
f 1303/1495/1075 1309/1503/1080 1305/1493/1073
f 1310/1499/1079 1304/1494/1074 1306/1497/1077
f 1316/1504/1082 1314/1505/1083 1312/1506/1084
f 1314/1505/1083 1309/1500/1080 1310/1499/1079
f 1309/1503/1080 1311/1496/1076 1305/1493/1073
f 1312/1506/1084 1310/1499/1079 1306/1497/1077
f 1322/1507/1085 1317/1508/1086 1318/1509/1087
f 1315/1510/1088 1312/1506/1084 1311/1496/1076
f 1318/1509/1087 1313/1511/1089 1314/1505/1083
f 1313/1512/1089 1315/1510/1088 1311/1496/1076
f 1324/1513/1090 1322/1507/1085 1320/1514/1091
f 1317/1515/1086 1319/1516/1092 1315/1510/1088
f 1320/1514/1091 1318/1509/1087 1316/1504/1082
f 1319/1516/1092 1316/1504/1082 1315/1510/1088
f 1327/1517/1093 1324/1513/1090 1323/1518/1094
f 1323/1518/1094 1320/1514/1091 1319/1516/1092
f 1326/1519/1095 1321/1520/1096 1322/1507/1085
f 1321/1521/1096 1323/1518/1094 1319/1516/1092
f 1326/1519/1095 1329/1522/1100 1325/1523/1098
f 1325/1524/1098 1327/1517/1093 1323/1518/1094
f 1328/1525/1099 1326/1519/1095 1324/1513/1090
f 1331/1526/1101 1336/1527/1102 1332/1528/1103
f 1334/1529/1104 1336/1527/1102 1337/1530/1105
f 1334/1529/1104 1338/1531/1106 1333/1532/1107
f 1333/1533/1107 1335/1534/1108 1331/1526/1101
f 1339/1535/1109 1344/1536/1110 1340/1537/1111
f 1342/1538/1112 1344/1536/1110 1345/1539/1113
f 1342/1540/1112 1346/1541/1114 1341/1542/1115
f 1341/1542/1115 1343/1543/1116 1339/1535/1109
f 1347/1544/1117 1352/1545/1118 1348/1546/1119
f 1350/1547/1120 1352/1545/1118 1353/1548/1121
f 1350/1549/1120 1354/1550/1122 1349/1551/1123
f 1349/1551/1123 1351/1552/1124 1347/1544/1117
f 1356/1553/1125 1357/1554/1126 1355/1555/1127
f 1358/1556/1128 1363/1557/1129 1357/1554/1126
f 1362/1558/1130 1359/1559/1131 1361/1560/1132
f 1360/1561/1133 1355/1555/1133 1359/1562/1133
f 1361/1560/1132 1355/1555/1127 1357/1554/1126
f 1362/1563/1130 1356/1553/1125 1360/1564/1134
f 1366/1565/1135 1368/1566/1136 1364/1567/1137
f 1361/1560/1132 1366/1568/1135 1362/1558/1130
f 1361/1560/1132 1363/1557/1129 1365/1569/1138
f 1362/1563/1130 1364/1567/1137 1358/1556/1128
f 1369/1570/1139 1374/1571/1140 1370/1572/1141
f 1364/1567/1137 1367/1573/1142 1363/1557/1129
f 1365/1569/1138 1370/1572/1141 1366/1568/1135
f 1365/1569/1138 1367/1573/1142 1369/1570/1139
f 1374/1574/1140 1376/1575/1143 1372/1576/1144
f 1369/1570/1139 1371/1577/1145 1373/1578/1146
f 1370/1579/1141 1372/1576/1144 1368/1566/1136
f 1368/1566/1136 1371/1577/1145 1367/1573/1142
f 1376/1575/1143 1299/1485/1093 1375/1580/1147
f 1372/1576/1144 1375/1580/1147 1371/1577/1145
f 1373/1578/1146 1378/1581/1148 1374/1571/1140
f 1373/1578/1146 1375/1580/1147 1377/1582/1149
f 1377/1582/1149 1302/1489/1097 1378/1581/1148
f 1377/1582/1149 1299/1485/1093 1301/1583/1150
f 1378/1584/1148 1300/1491/1099 1376/1575/1143
f 1380/1585/1125 1381/1586/1126 1379/1587/1127
f 1382/1588/1128 1387/1589/1129 1381/1586/1126
f 1386/1590/1130 1383/1591/1151 1385/1592/1132
f 1384/1593/1133 1379/1587/1133 1383/1594/1133
f 1385/1595/1132 1379/1587/1127 1381/1586/1126
f 1386/1590/1130 1380/1585/1125 1384/1596/1134
f 1390/1597/1135 1392/1598/1136 1388/1599/1137
f 1385/1592/1132 1390/1597/1135 1386/1590/1130
f 1385/1595/1132 1387/1589/1129 1389/1600/1138
f 1386/1590/1130 1388/1599/1137 1382/1588/1128
f 1393/1601/1139 1398/1602/1140 1394/1603/1141
f 1388/1599/1137 1391/1604/1142 1387/1589/1129
f 1389/1605/1138 1394/1603/1141 1390/1597/1135
f 1389/1600/1138 1391/1604/1142 1393/1606/1139
f 1398/1602/1140 1400/1607/1143 1396/1608/1144
f 1393/1606/1139 1395/1609/1145 1397/1610/1146
f 1394/1603/1141 1396/1608/1144 1392/1598/1136
f 1392/1598/1136 1395/1609/1145 1391/1604/1142
f 1400/1607/1143 1327/1517/1093 1399/1611/1147
f 1396/1608/1144 1399/1611/1147 1395/1609/1145
f 1397/1612/1146 1402/1613/1148 1398/1602/1140
f 1397/1610/1146 1399/1611/1147 1401/1614/1149
f 1402/1613/1148 1329/1522/1100 1330/1615/1152
f 1401/1614/1149 1327/1517/1093 1329/1616/1100
f 1402/1613/1148 1328/1525/1099 1400/1607/1143
f 1408/1617/1153 1403/1618/1154 1404/1619/1155
f 1406/1620/1156 1408/1617/1153 1404/1619/1155
f 1410/1621/1157 1406/1620/1156 1405/1622/1158
f 1407/1623/1159 1405/1624/1158 1403/1618/1154
f 1416/1625/1160 1411/1626/1161 1412/1627/1162
f 1414/1628/1163 1416/1625/1160 1412/1627/1162
f 1418/1629/1164 1414/1630/1163 1413/1631/1165
f 1415/1632/1166 1413/1631/1165 1411/1626/1161
f 1424/1633/1167 1419/1634/1168 1420/1635/1169
f 1422/1636/1170 1424/1633/1167 1420/1635/1169
f 1426/1637/1171 1422/1638/1170 1421/1639/1172
f 1423/1640/1173 1421/1639/1172 1419/1634/1168
f 1435/1641/1174 1450/1642/1175 1444/1643/1174
f 1427/1644/1176 1436/1645/1177 1428/1646/1177
f 1434/1647/1178 1435/1641/1176 1427/1644/1176
f 1436/1645/1177 1429/1648/1067 1428/1646/1177
f 1437/1649/1067 1430/1650/1179 1429/1648/1067
f 1438/1651/1179 1431/1652/1180 1430/1650/1179
f 1439/1653/1180 1432/1654/1181 1431/1655/1180
f 1440/1656/1181 1433/1657/1071 1432/1654/1181
f 1433/1657/1071 1442/1658/1178 1434/1647/1178
f 1449/1659/1182 1447/1660/1182 1445/1661/1182
f 1440/1656/1183 1449/1662/1184 1441/1663/1184
f 1439/1664/1185 1446/1665/1186 1447/1666/1185
f 1437/1649/1187 1443/1667/1188 1445/1668/1187
f 1441/1663/1184 1450/1642/1175 1442/1658/1175
f 1439/1653/1185 1448/1669/1183 1440/1656/1183
f 1438/1651/1186 1445/1668/1187 1446/1665/1186
f 1435/1641/1174 1443/1667/1188 1436/1645/1188
f 1466/1670/1175 1468/1671/1174 1459/1672/1174
f 1459/1672/1176 1452/1673/1177 1451/1674/1176
f 1466/1670/1178 1451/1674/1176 1458/1675/1178
f 1460/1676/1177 1453/1677/1067 1452/1673/1177
f 1453/1677/1067 1462/1678/1179 1454/1679/1179
f 1462/1678/1179 1455/1680/1180 1454/1679/1179
f 1463/1681/1180 1456/1682/1181 1455/1683/1180
f 1464/1684/1181 1457/1685/1071 1456/1682/1181
f 1465/1686/1071 1458/1675/1178 1457/1685/1071
f 1473/1687/1182 1471/1688/1182 1469/1689/1182
f 1465/1686/1184 1472/1690/1183 1473/1691/1184
f 1462/1678/1186 1471/1692/1185 1463/1693/1185
f 1461/1694/1187 1467/1695/1188 1469/1696/1187
f 1465/1686/1184 1474/1697/1175 1466/1670/1175
f 1464/1684/1183 1471/1698/1185 1472/1690/1183
f 1461/1694/1187 1470/1699/1186 1462/1678/1186
f 1460/1676/1188 1468/1671/1174 1467/1695/1188
s 0
f 1475/1700/1189 1478/1701/1189 1477/1702/1189
f 1477/1702/1190 1482/1703/1190 1481/1704/1190
f 1482/1705/1191 1479/1706/1191 1481/1704/1191
f 1479/1706/1192 1476/1707/1192 1475/1700/1192
f 1481/1704/1193 1475/1700/1193 1477/1702/1193
s 1
f 1498/1708/1175 1500/1709/1174 1491/1710/1174
f 1483/1711/1176 1492/1712/1177 1484/1713/1177
f 1498/1708/1178 1483/1711/1176 1490/1714/1178
f 1492/1712/1177 1485/1715/1067 1484/1713/1177
f 1493/1716/1067 1486/1717/1179 1485/1715/1067
f 1486/1717/1179 1495/1718/1180 1487/1719/1180
f 1495/1720/1180 1488/1721/1181 1487/1722/1180
f 1496/1723/1181 1489/1724/1071 1488/1721/1181
f 1497/1725/1071 1490/1714/1178 1489/1724/1071
f 1505/1726/1182 1503/1727/1182 1501/1728/1182
f 1496/1723/1183 1505/1729/1184 1497/1725/1184
f 1495/1718/1185 1502/1730/1186 1503/1731/1185
f 1493/1716/1187 1499/1732/1194 1501/1733/1187
f 1497/1725/1184 1506/1734/1175 1498/1708/1175
f 1495/1720/1185 1504/1735/1183 1496/1723/1183
f 1494/1736/1186 1501/1733/1187 1502/1730/1186
f 1492/1712/1194 1500/1709/1174 1499/1732/1194
f 1507/1737/1071 1510/1738/1071 1509/1739/1071
f 1527/1740/1195 1514/1741/1195 1513/1742/1195
f 1514/1743/1067 1511/1744/1067 1513/1745/1067
f 1529/1746/1196 1508/1747/1196 1507/1748/1196
f 1520/1749/1071 1518/1750/1197 1515/1751/1071
f 1510/1738/1198 1532/1752/1198 1533/1753/1198
f 1514/1743/1198 1531/1754/1198 1512/1755/1198
f 1525/1756/1199 1518/1750/1197 1521/1757/1197
f 1526/1758/1200 1524/1759/1200 1525/1756/1200
f 1512/1760/1196 1530/1761/1196 1511/1762/1196
f 1509/1763/1195 1533/1764/1195 1528/1765/1195
f 1526/1758/1201 1517/1766/1202 1523/1767/1201
f 1519/1768/1067 1517/1766/1202 1522/1769/1202
f 1515/1751/1198 1519/1770/1198 1520/1749/1198
f 1515/1771/1195 1528/1765/1195 1516/1772/1195
f 1519/1773/1196 1530/1761/1196 1520/1774/1196
f 1520/1774/1196 1531/1775/1196 1521/1776/1196
f 1519/1773/1196 1532/1777/1196 1529/1746/1196
f 1516/1772/1195 1533/1764/1195 1517/1778/1195
f 1515/1771/1195 1534/1779/1195 1527/1740/1195
f 1535/1780/1195 1536/1781/1195 1537/1782/1195
f 1538/1783/1195 1539/1784/1195 1540/1785/1195
f 1541/1786/1196 1542/1787/1196 1543/1788/1196
f 1544/1789/1196 1545/1790/1196 1546/1791/1203
f 1538/1792/1204 1541/1793/1205 1539/1794/1205
f 1535/1795/1206 1544/1796/1207 1536/1797/1207
f 1523/1798/1195 1536/1781/1195 1540/1785/1195
f 1536/1797/1207 1542/1799/1204 1538/1792/1204
f 1532/1752/1208 1535/1795/1206 1533/1753/1208
f 1517/1778/1195 1535/1780/1195 1537/1782/1195
f 1534/1800/1209 1541/1793/1205 1531/1754/1209
f 1524/1801/1195 1539/1784/1195 1534/1779/1195
f 1525/1802/1196 1542/1787/1196 1546/1791/1203
f 1521/1776/1196 1541/1786/1196 1543/1788/1196
f 1526/1803/1196 1545/1790/1196 1532/1777/1196
s 0
f 1547/1804/1071 1550/1805/1071 1549/1806/1071
f 1554/1807/1067 1551/1808/1067 1553/1809/1067
f 1552/1810/1210 1547/1804/1210 1551/1808/1210
f 1555/1811/1211 1558/1812/1211 1557/1813/1211
f 1562/1814/1212 1559/1815/1212 1561/1816/1212
f 1560/1817/1213 1555/1811/1213 1559/1815/1213
f 1563/1818/1211 1566/1819/1211 1565/1820/1211
f 1570/1821/1212 1567/1822/1212 1569/1823/1212
f 1568/1824/1213 1563/1818/1213 1567/1822/1213
f 1574/1825/1067 1571/1826/1067 1573/1827/1067
f 1572/1828/1210 1575/1829/1210 1571/1826/1210
f 1577/1830/1214 1580/1831/1214 1579/1832/1214
f 1584/1833/1215 1581/1834/1215 1583/1835/1215
f 1582/1836/1216 1577/1830/1216 1581/1834/1216
f 1585/1837/1214 1588/1838/1214 1587/1839/1214
f 1592/1840/1215 1589/1841/1215 1591/1842/1215
f 1589/1841/1216 1586/1843/1216 1585/1837/1216
f 1593/1844/1214 1596/1845/1214 1595/1846/1214
f 1600/1847/1215 1597/1848/1215 1599/1849/1215
f 1597/1848/1216 1594/1850/1216 1593/1844/1216
f 1601/1851/1214 1604/1852/1214 1603/1853/1214
f 1608/1854/1215 1605/1855/1215 1607/1856/1215
f 1606/1857/1216 1601/1851/1216 1605/1855/1216
f 1609/1858/1067 1612/1859/1067 1610/1860/1067
f 1613/1861/1071 1616/1862/1071 1615/1863/1071
f 1609/1858/1210 1614/1864/1210 1613/1861/1210
f 1617/1865/1217 1620/1866/1217 1618/1867/1217
f 1621/1868/1218 1624/1869/1218 1623/1870/1218
f 1617/1865/1219 1622/1871/1219 1621/1868/1219
f 1625/1872/1217 1628/1873/1217 1626/1874/1217
f 1629/1875/1218 1632/1876/1218 1631/1877/1218
f 1625/1872/1219 1630/1878/1219 1629/1875/1219
f 1633/1879/1071 1636/1880/1071 1635/1881/1071
f 1575/1829/1210 1634/1882/1210 1633/1879/1210
f 1637/1883/1220 1640/1884/1220 1638/1885/1220
f 1641/1886/1221 1644/1887/1221 1643/1888/1221
f 1637/1883/1222 1642/1889/1222 1641/1886/1222
f 1645/1890/1220 1648/1891/1220 1646/1892/1220
f 1649/1893/1221 1652/1894/1221 1651/1895/1221
f 1645/1890/1222 1650/1896/1222 1649/1893/1222
f 1653/1897/1220 1656/1898/1220 1654/1899/1220
f 1657/1900/1221 1660/1901/1221 1659/1902/1221
f 1653/1897/1222 1658/1903/1222 1657/1900/1222
f 1661/1904/1220 1664/1905/1220 1662/1906/1220
f 1665/1907/1221 1668/1908/1221 1667/1909/1221
f 1661/1904/1222 1666/1910/1222 1665/1907/1222
s 1
f 1686/1911/1223 1671/1912/1224 1669/1913/1225
f 1671/1912/1224 1687/1914/1226 1673/1915/1227
f 1673/1915/1227 1688/1916/1228 1675/1917/1229
f 1675/1917/1229 1689/1918/1230 1677/1919/1231
f 1689/1918/1230 1679/1920/1232 1677/1919/1231
f 1690/1921/1233 1681/1922/1234 1679/1920/1232
f 1691/1923/1235 1683/1924/1236 1681/1922/1234
f 1692/1925/1237 1669/1926/1225 1683/1924/1236
f 1694/1927/1238 1686/1911/1223 1693/1928/1239
f 1694/1927/1238 1687/1914/1226 1685/1929/1240
f 1695/1930/1241 1688/1916/1228 1687/1914/1226
f 1696/1931/1242 1689/1918/1230 1688/1916/1228
f 1698/1932/1243 1689/1918/1230 1697/1933/1244
f 1699/1934/1245 1690/1921/1233 1698/1932/1243
f 1699/1934/1245 1692/1925/1237 1691/1923/1235
f 1700/1935/1246 1686/1936/1223 1692/1925/1237
f 1682/1937/1182 1678/1938/1182 1674/1939/1182
f 1670/1940/1247 1700/1935/1246 1684/1941/1248
f 1682/1942/1249 1700/1935/1246 1699/1934/1245
f 1680/1943/1250 1699/1934/1245 1698/1932/1243
f 1678/1938/1251 1698/1932/1243 1697/1933/1244
f 1678/1938/1251 1696/1931/1242 1676/1944/1252
f 1676/1944/1252 1695/1930/1241 1674/1945/1253
f 1672/1946/1254 1695/1930/1241 1694/1927/1238
f 1672/1946/1254 1693/1928/1239 1670/1947/1247
f 1701/1948/1225 1717/1949/1255 1718/1950/1223
f 1703/1951/1236 1719/1952/1235 1717/1949/1255
f 1705/1953/1234 1720/1954/1233 1719/1952/1235
f 1709/1955/1231 1720/1954/1233 1707/1956/1232
f 1709/1955/1231 1722/1957/1228 1721/1958/1230
f 1713/1959/1227 1722/1957/1228 1711/1960/1229
f 1715/1961/1224 1723/1962/1256 1713/1959/1227
f 1715/1961/1224 1718/1963/1223 1724/1964/1240
f 1725/1965/1239 1717/1949/1255 1726/1966/1246
f 1717/1949/1255 1727/1967/1245 1726/1966/1246
f 1727/1967/1245 1720/1954/1233 1728/1968/1257
f 1728/1968/1257 1721/1958/1230 1729/1969/1244
f 1721/1958/1230 1730/1970/1258 1729/1969/1244
f 1730/1970/1258 1723/1962/1256 1731/1971/1241
f 1723/1962/1256 1732/1972/1238 1731/1971/1241
f 1724/1964/1240 1725/1973/1239 1732/1972/1238
f 1710/1974/1182 1714/1975/1182 1702/1976/1182
f 1716/1977/1254 1725/1973/1239 1702/1978/1247
f 1731/1971/1241 1716/1977/1254 1714/1979/1253
f 1712/1980/1252 1731/1971/1241 1714/1979/1253
f 1729/1969/1244 1712/1980/1252 1710/1974/1259
f 1708/1981/1250 1729/1969/1244 1710/1974/1259
f 1727/1967/1245 1708/1981/1250 1706/1982/1249
f 1726/1966/1246 1706/1982/1249 1704/1983/1248
f 1725/1965/1239 1704/1983/1248 1702/1984/1247
f 1747/1985/1260 1745/1986/1261 1743/1987/1262
f 1756/1988/1263 1740/1989/1264 1739/1990/1265
f 1755/1991/1266 1739/1990/1265 1738/1992/1267
f 1754/1993/1268 1738/1994/1267 1737/1995/1269
f 1736/1996/1270 1754/1993/1268 1737/1995/1269
f 1735/1997/1271 1753/1998/1272 1736/1996/1270
f 1734/1999/1273 1752/2000/1274 1735/1997/1271
f 1751/2001/1275 1733/2002/1276 1740/1989/1264
f 1733/2002/1276 1750/2003/1277 1734/1999/1273
f 1757/2004/1278 1759/2005/1279 1760/2006/1280
f 1760/2006/1280 1761/2007/1281 1762/2008/1282
f 1762/2008/1282 1763/2009/1283 1764/2010/1284
f 1764/2010/1284 1765/2011/1285 1766/2012/1286
f 1768/2013/1287 1765/2011/1285 1767/2014/1288
f 1770/2015/1289 1767/2016/1288 1769/2017/1290
f 1772/2018/1291 1769/2017/1290 1771/2019/1292
f 1757/2004/1278 1771/2019/1292 1758/2020/1293
f 1749/2021/1294 1760/2006/1280 1750/2003/1277
f 1759/2005/1279 1741/2022/1295 1742/2023/1296
f 1771/2019/1292 1741/2022/1295 1758/2020/1293
f 1772/2018/1291 1749/2021/1294 1751/2001/1275
f 1759/2005/1279 1743/1987/1262 1761/2007/1281
f 1750/2003/1277 1762/2008/1282 1752/2000/1274
f 1763/2009/1283 1743/1987/1262 1744/2024/1297
f 1752/2000/1274 1764/2010/1284 1753/1998/1272
f 1763/2009/1283 1745/2025/1261 1765/2011/1285
f 1753/1998/1272 1766/2012/1286 1754/1993/1268
f 1767/2014/1288 1745/2025/1261 1746/2026/1298
f 1766/2012/1286 1755/2027/1266 1754/1993/1268
f 1767/2016/1288 1747/2028/1260 1769/2017/1290
f 1768/2029/1287 1756/1988/1263 1755/1991/1266
f 1769/2017/1290 1748/2030/1299 1771/2019/1292
f 1770/2015/1289 1751/2001/1275 1756/1988/1263
f 1785/2031/1261 1787/2032/1262 1781/2033/1295
f 1780/2034/1273 1796/2035/1274 1779/2036/1271
f 1779/2036/1271 1795/2037/1272 1778/2038/1270
f 1778/2039/1270 1794/2040/1268 1777/2041/1269
f 1776/2042/1267 1794/2040/1268 1793/2043/1266
f 1775/2044/1265 1793/2043/1266 1792/2045/1263
f 1774/2046/1264 1792/2045/1263 1790/2047/1300
f 1773/2048/1276 1791/2049/1277 1780/2034/1273
f 1773/2048/1276 1790/2047/1300 1789/2050/1294
f 1799/2051/1292 1797/2052/1278 1800/2053/1291
f 1801/2054/1290 1800/2053/1291 1802/2055/1289
f 1803/2056/1288 1802/2055/1289 1804/2057/1287
f 1805/2058/1285 1804/2057/1287 1806/2059/1286
f 1808/2060/1301 1805/2058/1285 1806/2059/1286
f 1810/2061/1282 1807/2062/1283 1808/2063/1301
f 1812/2064/1280 1809/2065/1281 1810/2061/1282
f 1797/2052/1278 1811/2066/1279 1812/2064/1280
f 1789/2050/1294 1800/2053/1291 1797/2052/1278
f 1799/2051/1292 1781/2067/1295 1798/2068/1293
f 1781/2067/1295 1811/2066/1279 1798/2068/1293
f 1789/2050/1294 1812/2064/1280 1791/2049/1277
f 1801/2054/1290 1782/2069/1299 1799/2051/1292
f 1790/2047/1300 1802/2055/1289 1800/2053/1291
f 1784/2070/1298 1801/2054/1290 1803/2056/1288
f 1792/2045/1263 1804/2057/1287 1802/2055/1289
f 1785/2071/1261 1803/2056/1288 1805/2058/1285
f 1793/2043/1266 1806/2059/1286 1804/2057/1287
f 1807/2072/1283 1785/2071/1261 1805/2058/1285
f 1795/2073/1272 1806/2059/1286 1794/2040/1268
f 1809/2065/1281 1786/2074/1297 1807/2062/1283
f 1796/2035/1274 1808/2063/1301 1795/2037/1272
f 1811/2066/1279 1787/2075/1262 1809/2065/1281
f 1791/2049/1277 1810/2061/1282 1796/2035/1274
f 1816/2076/1302 1822/2077/1303 1820/2078/1304
f 1825/2079/1067 1822/2077/1303 1818/2080/1305
f 1833/2081/1306 1831/2082/1307 1832/2083/1306
f 1825/2084/1308 1836/2085/1309 1835/2086/1309
f 1815/2087/1071 1831/2088/1071 1836/2089/1071
f 1829/2090/1068 1814/2091/1310 1834/2092/1070
f 1814/2091/1310 1821/2093/1311 1827/2094/1071
f 1819/2095/1067 1830/2096/1067 1833/2097/1067
f 1827/2098/1312 1833/2081/1306 1832/2083/1306
f 1828/2099/1312 1826/2100/1313 1825/2101/1308
f 1821/2093/1311 1818/2080/1305 1822/2077/1303
f 1835/2086/1309 1831/2082/1307 1830/2102/1307
f 1846/2103/1311 1840/2104/1304 1844/2105/1302
f 1842/2106/1314 1846/2103/1311 1852/2107/1071
f 1855/2108/1307 1857/2109/1306 1856/2110/1306
f 1860/2111/1309 1849/2112/1308 1859/2113/1309
f 1839/2114/1067 1855/2115/1067 1856/2116/1067
f 1858/2117/1068 1842/2106/1314 1853/2118/1070
f 1850/2119/1067 1845/2120/1303 1838/2121/1305
f 1843/2122/1071 1854/2123/1071 1859/2124/1071
f 1857/2109/1306 1851/2125/1312 1856/2110/1306
f 1850/2126/1313 1852/2127/1312 1849/2128/1308
f 1842/2106/1314 1845/2120/1303 1846/2103/1311
f 1855/2108/1307 1859/2113/1309 1854/2129/1307
f 1878/2130/1223 1863/2131/1224 1861/2132/1225
f 1863/2131/1224 1879/2133/1256 1865/2134/1227
f 1865/2134/1227 1880/2135/1228 1867/2136/1229
f 1867/2136/1229 1881/2137/1230 1869/2138/1231
f 1869/2138/1231 1882/2139/1315 1871/2140/1232
f 1882/2139/1315 1873/2141/1234 1871/2140/1232
f 1883/2142/1235 1875/2143/1236 1873/2141/1234
f 1884/2144/1316 1861/2145/1225 1875/2143/1236
f 1886/2146/1238 1878/2130/1223 1885/2147/1239
f 1886/2146/1238 1879/2133/1256 1877/2148/1317
f 1888/2149/1242 1879/2133/1256 1887/2150/1241
f 1888/2149/1242 1881/2137/1230 1880/2135/1228
f 1889/2151/1244 1882/2139/1315 1881/2137/1230
f 1891/2152/1245 1882/2139/1315 1890/2153/1243
f 1892/2154/1246 1883/2142/1235 1891/2152/1245
f 1885/2155/1239 1884/2144/1316 1892/2154/1246
f 1874/2156/1182 1870/2157/1182 1866/2158/1182
f 1876/2159/1248 1885/2155/1239 1892/2154/1246
f 1876/2159/1248 1891/2152/1245 1874/2160/1249
f 1874/2160/1249 1890/2153/1243 1872/2161/1250
f 1870/2157/1251 1890/2153/1243 1889/2151/1244
f 1870/2157/1251 1888/2149/1242 1868/2162/1252
f 1868/2162/1252 1887/2150/1241 1866/2163/1253
f 1866/2163/1253 1886/2146/1238 1864/2164/1254
f 1864/2164/1254 1885/2147/1239 1862/2165/1247
f 1893/2166/1225 1909/2167/1255 1910/2168/1223
f 1895/2169/1236 1911/2170/1235 1909/2167/1255
f 1897/2171/1234 1912/2172/1315 1911/2170/1235
f 1901/2173/1231 1912/2172/1315 1899/2174/1232
f 1903/2175/1229 1913/2176/1318 1901/2173/1231
f 1905/2177/1227 1914/2178/1319 1903/2175/1229
f 1907/2179/1224 1915/2180/1256 1905/2177/1227
f 1907/2179/1224 1910/2181/1223 1916/2182/1320
f 1917/2183/1239 1909/2167/1255 1918/2184/1246
f 1909/2167/1255 1919/2185/1245 1918/2184/1246
f 1911/2170/1235 1920/2186/1243 1919/2185/1245
f 1912/2172/1315 1921/2187/1244 1920/2186/1243
f 1921/2187/1244 1914/2178/1319 1922/2188/1258
f 1922/2188/1258 1915/2180/1256 1923/2189/1241
f 1915/2180/1256 1924/2190/1238 1923/2189/1241
f 1916/2182/1320 1917/2191/1239 1924/2190/1238
f 1902/2192/1182 1906/2193/1182 1894/2194/1182
f 1908/2195/1254 1917/2191/1239 1894/2196/1247
f 1923/2189/1241 1908/2195/1254 1906/2197/1253
f 1904/2198/1252 1923/2189/1241 1906/2197/1253
f 1921/2187/1244 1904/2198/1252 1902/2192/1251
f 1920/2186/1243 1902/2192/1251 1900/2199/1250
f 1919/2185/1245 1900/2199/1250 1898/2200/1249
f 1918/2184/1246 1898/2200/1249 1896/2201/1248
f 1917/2183/1239 1896/2201/1248 1894/2202/1247
f 1942/2203/1223 1927/2204/1224 1925/2205/1225
f 1927/2204/1224 1943/2206/1256 1929/2207/1227
f 1929/2207/1227 1944/2208/1228 1931/2209/1321
f 1931/2209/1321 1945/2210/1230 1933/2211/1322
f 1945/2210/1230 1935/2212/1232 1933/2211/1322
f 1946/2213/1233 1937/2214/1234 1935/2212/1232
f 1947/2215/1323 1939/2216/1236 1937/2214/1234
f 1948/2217/1316 1925/2218/1225 1939/2216/1236
f 1949/2219/1239 1941/2220/1320 1942/2203/1223
f 1950/2221/1238 1943/2206/1256 1941/2220/1320
f 1952/2222/1258 1943/2206/1256 1951/2223/1241
f 1952/2222/1258 1945/2210/1230 1944/2208/1228
f 1954/2224/1243 1945/2210/1230 1953/2225/1244
f 1955/2226/1245 1946/2213/1233 1954/2224/1243
f 1956/2227/1246 1947/2215/1323 1955/2226/1245
f 1949/2228/1239 1948/2217/1316 1956/2227/1246
f 1938/2229/1182 1934/2230/1182 1930/2231/1182
f 1926/2232/1247 1956/2227/1246 1940/2233/1248
f 1938/2234/1249 1956/2227/1246 1955/2226/1245
f 1936/2235/1250 1955/2226/1245 1954/2224/1243
f 1934/2230/1251 1954/2224/1243 1953/2225/1244
f 1932/2236/1252 1953/2225/1244 1952/2222/1258
f 1932/2236/1252 1951/2223/1241 1930/2237/1253
f 1928/2238/1254 1951/2223/1241 1950/2221/1238
f 1928/2238/1254 1949/2219/1239 1926/2239/1247
f 1959/2240/1236 1974/2241/1223 1957/2242/1225
f 1959/2240/1236 1975/2243/1235 1973/2244/1255
f 1961/2245/1234 1976/2246/1315 1975/2243/1235
f 1965/2247/1231 1976/2246/1315 1963/2248/1232
f 1967/2249/1229 1977/2250/1318 1965/2247/1231
f 1967/2249/1229 1979/2251/1256 1978/2252/1319
f 1971/2253/1224 1979/2251/1256 1969/2254/1227
f 1971/2253/1224 1974/2255/1223 1980/2256/1320
f 1981/2257/1239 1973/2244/1255 1982/2258/1246
f 1982/2258/1246 1975/2243/1235 1983/2259/1245
f 1975/2243/1235 1984/2260/1243 1983/2259/1245
f 1976/2246/1315 1985/2261/1244 1984/2260/1243
f 1985/2261/1244 1978/2252/1319 1986/2262/1258
f 1978/2252/1319 1987/2263/1241 1986/2262/1258
f 1979/2251/1256 1988/2264/1238 1987/2263/1241
f 1980/2256/1320 1981/2265/1239 1988/2264/1238
f 1966/2266/1182 1970/2267/1182 1958/2268/1182
f 1988/2264/1238 1958/2269/1247 1972/2270/1254
f 1987/2263/1241 1972/2270/1254 1970/2271/1253
f 1968/2272/1252 1987/2263/1241 1970/2271/1253
f 1985/2261/1244 1968/2272/1252 1966/2266/1259
f 1964/2273/1250 1985/2261/1244 1966/2266/1259
f 1962/2274/1249 1984/2260/1243 1964/2273/1250
f 1960/2275/1248 1983/2259/1245 1962/2274/1249
f 1958/2276/1247 1982/2258/1246 1960/2275/1248
f 1996/2277/1324 1989/2278/1325 1991/2279/1325
f 1995/2280/1326 1991/2279/1327 1992/2281/1327
f 1994/2282/1328 1992/2281/1329 1990/2283/1329
f 1993/2284/1330 1990/2283/1331 1989/2278/1331
f 1999/2285/1332 1998/2286/1333 1997/2287/1334
f 2003/2288/1335 2000/2289/1336 1999/2285/1332
f 2001/2290/1337 2004/2291/1338 2003/2288/1335
f 1997/2287/1334 2002/2292/1339 2001/2290/1337
f 2002/2292/1339 1993/2284/1324 1996/2277/1324
f 1998/2286/1333 1994/2282/1330 1993/2284/1330
f 1999/2285/1332 2001/2290/1337 2003/2288/1335
f 2000/2289/1336 1995/2280/1328 1994/2282/1328
f 2004/2291/1338 1996/2277/1326 1995/2280/1326
f 2005/2293/1340 2008/2294/1341 2007/2295/1342
f 2008/2296/1341 2011/2297/1343 2007/2298/1342
f 2012/2299/1344 2009/2300/1345 2011/2297/1343
f 2009/2300/1345 2006/2301/1346 2005/2293/1340
f 2013/2302/1347 2016/2303/1348 2015/2304/1349
f 2016/2303/1348 2019/2305/1350 2015/2304/1349
f 2020/2306/1351 2017/2307/1352 2019/2305/1350
f 2017/2307/1352 2014/2308/1353 2013/2309/1347
f 2021/2310/1354 2024/2311/1355 2023/2312/1356
f 2024/2311/1355 2027/2313/1357 2023/2312/1356
f 2028/2314/1358 2025/2315/1359 2027/2313/1357
f 2025/2315/1359 2022/2316/1360 2021/2317/1354
f 2030/2318/1361 2031/2319/1362 2029/2320/1363
f 2032/2321/1364 2035/2322/1365 2031/2323/1362
f 2035/2322/1365 2034/2324/1366 2033/2325/1367
f 2034/2324/1366 2029/2320/1363 2033/2325/1367
f 2037/2326/1368 2040/2327/1369 2039/2328/1370
f 2039/2328/1370 2044/2329/1371 2043/2330/1372
f 2044/2329/1371 2041/2331/1373 2043/2330/1372
f 2042/2332/1374 2037/2333/1368 2041/2331/1373
f 2045/2334/1375 2048/2335/1376 2047/2336/1377
f 2047/2336/1377 2052/2337/1378 2051/2338/1379
f 2052/2337/1378 2049/2339/1380 2051/2338/1379
f 2050/2340/1381 2045/2341/1375 2049/2339/1380
f 2053/2342/1382 2056/2343/1383 2055/2344/1384
f 2056/2345/1383 2059/2346/1385 2055/2347/1384
f 2060/2348/1386 2057/2349/1387 2059/2346/1385
f 2058/2350/1388 2053/2342/1382 2057/2349/1387
f 2061/2351/1389 2064/2352/1390 2063/2353/1391
f 2063/2353/1391 2068/2354/1392 2067/2355/1393
f 2068/2354/1392 2065/2356/1394 2067/2355/1393
f 2066/2357/1395 2061/2358/1389 2065/2356/1394
f 2069/2359/1396 2072/2360/1397 2071/2361/1398
f 2071/2361/1398 2076/2362/1399 2075/2363/1400
f 2076/2362/1399 2073/2364/1401 2075/2363/1400
f 2074/2365/1402 2069/2366/1396 2073/2364/1401
f 2077/2367/1403 2080/2368/1404 2079/2369/1405
f 2079/2370/1405 2084/2371/1406 2083/2372/1407
f 2084/2371/1406 2081/2373/1408 2083/2372/1407
f 2082/2374/1409 2077/2367/1403 2081/2373/1408
f 2085/2375/1410 2088/2376/1411 2087/2377/1412
f 2088/2376/1411 2091/2378/1413 2087/2377/1412
f 2092/2379/1414 2089/2380/1415 2091/2378/1413
f 2089/2380/1415 2086/2381/1416 2085/2382/1410
f 2093/2383/1417 2096/2384/1418 2095/2385/1419
f 2096/2384/1418 2099/2386/1420 2095/2385/1419
f 2100/2387/1421 2097/2388/1422 2099/2386/1420
f 2097/2388/1422 2094/2389/1423 2093/2390/1417
f 2101/2391/1424 2104/2392/1425 2103/2393/1426
f 2103/2394/1426 2108/2395/1427 2107/2396/1428
f 2108/2395/1427 2105/2397/1429 2107/2396/1428
f 2106/2398/1430 2101/2391/1424 2105/2397/1429
f 2109/2399/1431 2112/2400/1432 2111/2401/1433
f 2112/2400/1432 2115/2402/1434 2111/2401/1433
f 2116/2403/1435 2113/2404/1436 2115/2402/1434
f 2113/2404/1436 2110/2405/1437 2109/2406/1431
f 2117/2407/1438 2120/2408/1439 2119/2409/1440
f 2120/2408/1439 2123/2410/1441 2119/2409/1440
f 2124/2411/1442 2121/2412/1443 2123/2410/1441
f 2121/2412/1443 2118/2413/1444 2117/2414/1438
f 2126/2415/1445 2127/2416/1446 2125/2417/1447
f 2127/2418/1446 2132/2419/1448 2131/2420/1449
f 2131/2420/1449 2130/2421/1450 2129/2422/1451
f 2130/2421/1450 2125/2417/1447 2129/2422/1451
f 2133/2423/1452 2136/2424/1453 2135/2425/1454
f 2136/2424/1453 2139/2426/1455 2135/2425/1454
f 2140/2427/1456 2137/2428/1457 2139/2426/1455
f 2137/2428/1457 2134/2429/1458 2133/2430/1452
f 2141/2431/1459 2144/2432/1460 2143/2433/1461
f 2144/2432/1460 2147/2434/1462 2143/2433/1461
f 2148/2435/1463 2145/2436/1464 2147/2434/1462
f 2145/2436/1464 2142/2437/1465 2141/2438/1459
f 2150/2439/1466 2151/2440/1467 2149/2441/1468
f 2152/2442/1469 2155/2443/1470 2151/2444/1467
f 2155/2443/1470 2154/2445/1471 2153/2446/1472
f 2153/2446/1472 2150/2439/1466 2149/2441/1468
f 2157/2447/1473 2160/2448/1474 2159/2449/1475
f 2160/2448/1474 2163/2450/1476 2159/2449/1475
f 2164/2451/1477 2161/2452/1478 2163/2450/1476
f 2161/2452/1478 2158/2453/1479 2157/2454/1473
f 2165/2455/1480 2168/2456/1481 2167/2457/1482
f 2168/2456/1481 2171/2458/1483 2167/2457/1482
f 2172/2459/1484 2169/2460/1485 2171/2458/1483
f 2169/2460/1485 2166/2461/1486 2165/2462/1480
f 2174/2463/1487 2175/2464/1488 2173/2465/1489
f 2175/2466/1488 2180/2467/1490 2179/2468/1491
f 2179/2468/1491 2178/2469/1492 2177/2470/1493
f 2177/2470/1493 2174/2463/1487 2173/2465/1489
f 2181/2471/1494 2184/2472/1495 2183/2473/1496
f 2183/2473/1496 2188/2474/1497 2187/2475/1498
f 2188/2474/1497 2185/2476/1499 2187/2475/1498
f 2186/2477/1500 2181/2478/1494 2185/2476/1499
f 2189/2479/1501 2192/2480/1502 2191/2481/1503
f 2191/2481/1503 2196/2482/1504 2195/2483/1505
f 2196/2482/1504 2193/2484/1506 2195/2483/1505
f 2194/2485/1507 2189/2486/1501 2193/2484/1506
f 2197/2487/1508 2200/2488/1509 2199/2489/1510
f 2199/2490/1510 2204/2491/1511 2203/2492/1512
f 2204/2491/1511 2201/2493/1513 2203/2492/1512
f 2201/2493/1513 2198/2494/1514 2197/2487/1508
f 2206/2495/1515 2207/2496/1516 2205/2497/1517
f 2207/2496/1516 2212/2498/1518 2211/2499/1519
f 2211/2499/1519 2210/2500/1520 2209/2501/1521
f 2210/2500/1520 2205/2502/1517 2209/2501/1521
f 2214/2503/1522 2215/2504/1523 2213/2505/1524
f 2215/2504/1523 2220/2506/1525 2219/2507/1526
f 2219/2507/1526 2218/2508/1527 2217/2509/1528
f 2218/2508/1527 2213/2510/1524 2217/2509/1528
f 2221/2511/1529 2224/2512/1530 2223/2513/1531
f 2223/2514/1531 2228/2515/1532 2227/2516/1533
f 2228/2515/1532 2225/2517/1534 2227/2516/1533
f 2226/2518/1535 2221/2511/1529 2225/2517/1534
f 2230/2519/1536 2231/2520/1537 2229/2521/1538
f 2231/2520/1537 2236/2522/1539 2235/2523/1540
f 2235/2523/1540 2234/2524/1541 2233/2525/1542
f 2234/2524/1541 2229/2526/1538 2233/2525/1542
f 2238/2527/1543 2239/2528/1544 2237/2529/1545
f 2239/2528/1544 2244/2530/1546 2243/2531/1547
f 2243/2531/1547 2242/2532/1548 2241/2533/1549
f 2242/2532/1548 2237/2534/1545 2241/2533/1549
f 2245/2535/1550 2248/2536/1551 2247/2537/1552
f 2248/2538/1551 2251/2539/1553 2247/2540/1552
f 2252/2541/1554 2249/2542/1555 2251/2539/1553
f 2250/2543/1556 2245/2535/1550 2249/2542/1555
f 2254/2544/1557 2255/2545/1558 2253/2546/1559
f 2255/2545/1558 2260/2547/1560 2259/2548/1561
f 2259/2548/1561 2258/2549/1562 2257/2550/1563
f 2258/2549/1562 2253/2551/1559 2257/2550/1563
f 2262/2552/1564 2263/2553/1565 2261/2554/1566
f 2263/2553/1565 2268/2555/1567 2267/2556/1568
f 2267/2556/1568 2266/2557/1569 2265/2558/1570
f 2266/2557/1569 2261/2559/1566 2265/2558/1570
f 2269/2560/1571 2272/2561/1572 2271/2562/1573
f 2272/2563/1572 2275/2564/1574 2271/2565/1573
f 2276/2566/1575 2273/2567/1576 2275/2564/1574
f 2274/2568/1577 2269/2560/1571 2273/2567/1576
f 2278/2569/1578 2279/2570/1579 2277/2571/1580
f 2279/2570/1579 2284/2572/1581 2283/2573/1582
f 2283/2573/1582 2282/2574/1583 2281/2575/1584
f 2282/2574/1583 2277/2576/1580 2281/2575/1584
f 2286/2577/1585 2287/2578/1586 2285/2579/1587
f 2287/2578/1586 2292/2580/1588 2291/2581/1589
f 2291/2581/1589 2290/2582/1590 2289/2583/1591
f 2290/2582/1590 2285/2584/1587 2289/2583/1591
f 2293/2585/1592 2296/2586/1593 2295/2587/1594
f 2296/2588/1593 2299/2589/1595 2295/2590/1594
f 2300/2591/1596 2297/2592/1597 2299/2589/1595
f 2298/2593/1598 2293/2585/1592 2297/2592/1597
f 2302/2594/1599 2303/2595/1600 2301/2596/1601
f 2303/2595/1600 2308/2597/1602 2307/2598/1603
f 2307/2598/1603 2306/2599/1604 2305/2600/1605
f 2306/2599/1604 2301/2601/1601 2305/2600/1605
f 2310/2602/1606 2311/2603/1607 2309/2604/1608
f 2311/2603/1607 2316/2605/1609 2315/2606/1610
f 2315/2606/1610 2314/2607/1611 2313/2608/1612
f 2314/2607/1611 2309/2609/1608 2313/2608/1612
f 2317/2610/1613 2320/2611/1614 2319/2612/1615
f 2319/2613/1615 2324/2614/1616 2323/2615/1617
f 2324/2614/1616 2321/2616/1618 2323/2615/1617
f 2322/2617/1619 2317/2610/1613 2321/2616/1618
f 2326/2618/1620 2327/2619/1621 2325/2620/1622
f 2327/2619/1621 2332/2621/1623 2331/2622/1624
f 2331/2622/1624 2330/2623/1625 2329/2624/1626
f 2330/2623/1625 2325/2625/1622 2329/2624/1626
f 2334/2626/1627 2335/2627/1628 2333/2628/1629
f 2335/2627/1628 2340/2629/1630 2339/2630/1631
f 2339/2630/1631 2338/2631/1632 2337/2632/1633
f 2338/2631/1632 2333/2633/1629 2337/2632/1633
f 2341/2634/1634 2344/2635/1635 2343/2636/1636
f 2344/2637/1635 2347/2638/1637 2343/2639/1636
f 2348/2640/1638 2345/2641/1639 2347/2638/1637
f 2345/2641/1639 2342/2642/1640 2341/2634/1634
f 2350/2643/1641 2351/2644/1642 2349/2645/1643
f 2351/2644/1642 2356/2646/1644 2355/2647/1645
f 2355/2647/1645 2354/2648/1646 2353/2649/1647
f 2354/2648/1646 2349/2650/1643 2353/2649/1647
f 2358/2651/1648 2359/2652/1649 2357/2653/1650
f 2359/2652/1649 2364/2654/1651 2363/2655/1652
f 2363/2655/1652 2362/2656/1653 2361/2657/1654
f 2362/2656/1653 2357/2658/1650 2361/2657/1654
f 2365/2659/1655 2368/2660/1656 2367/2661/1657
f 2368/2662/1656 2371/2663/1658 2367/2664/1657
f 2372/2665/1659 2369/2666/1660 2371/2663/1658
f 2370/2667/1661 2365/2659/1655 2369/2666/1660
f 2374/2668/1662 2375/2669/1663 2373/2670/1664
f 2375/2669/1663 2380/2671/1665 2379/2672/1666
f 2379/2672/1666 2378/2673/1667 2377/2674/1668
f 2378/2673/1667 2373/2675/1664 2377/2674/1668
f 2382/2676/1669 2383/2677/1670 2381/2678/1671
f 2383/2677/1670 2388/2679/1672 2387/2680/1673
f 2387/2680/1673 2386/2681/1674 2385/2682/1675
f 2386/2681/1674 2381/2683/1671 2385/2682/1675
f 2389/2684/1676 2392/2685/1677 2391/2686/1678
f 2392/2687/1677 2395/2688/1679 2391/2689/1678
f 2396/2690/1680 2393/2691/1681 2395/2688/1679
f 2393/2691/1681 2390/2692/1682 2389/2684/1676
f 2398/2693/1683 2399/2694/1684 2397/2695/1685
f 2399/2694/1684 2404/2696/1686 2403/2697/1687
f 2403/2697/1687 2402/2698/1688 2401/2699/1689
f 2402/2698/1688 2397/2700/1685 2401/2699/1689
f 2406/2701/1690 2407/2702/1691 2405/2703/1692
f 2407/2702/1691 2412/2704/1693 2411/2705/1694
f 2411/2705/1694 2410/2706/1695 2409/2707/1696
f 2410/2706/1695 2405/2708/1692 2409/2707/1696
f 2413/2709/1697 2416/2710/1698 2415/2711/1699
f 2415/2712/1699 2420/2713/1700 2419/2714/1701
f 2420/2713/1700 2417/2715/1702 2419/2714/1701
f 2418/2716/1703 2413/2709/1697 2417/2715/1702
f 2422/2717/1704 2423/2718/1705 2421/2719/1706
f 2423/2718/1705 2428/2720/1707 2427/2721/1708
f 2427/2721/1708 2426/2722/1709 2425/2723/1710
f 2426/2722/1709 2421/2724/1706 2425/2723/1710
f 2430/2725/1711 2431/2726/1712 2429/2727/1713
f 2431/2726/1712 2436/2728/1714 2435/2729/1715
f 2435/2729/1715 2434/2730/1716 2433/2731/1717
f 2434/2730/1716 2429/2732/1713 2433/2731/1717
f 2437/2733/1718 2440/2734/1719 2439/2735/1720
f 2440/2736/1719 2443/2737/1721 2439/2738/1720
f 2444/2739/1722 2441/2740/1723 2443/2737/1721
f 2442/2741/1724 2437/2733/1718 2441/2740/1723
f 2446/2742/1725 2447/2743/1726 2445/2744/1727
f 2447/2743/1726 2452/2745/1728 2451/2746/1729
f 2451/2746/1729 2450/2747/1730 2449/2748/1731
f 2450/2747/1730 2445/2749/1727 2449/2748/1731
f 2454/2750/1732 2455/2751/1733 2453/2752/1734
f 2455/2751/1733 2460/2753/1735 2459/2754/1736
f 2459/2754/1736 2458/2755/1737 2457/2756/1738
f 2458/2755/1737 2453/2757/1734 2457/2756/1738
f 2461/2758/1739 2464/2759/1740 2463/2760/1741
f 2464/2761/1740 2467/2762/1742 2463/2763/1741
f 2468/2764/1743 2465/2765/1744 2467/2762/1742
f 2466/2766/1745 2461/2758/1739 2465/2765/1744
f 2470/2767/1746 2471/2768/1747 2469/2769/1748
f 2471/2768/1747 2476/2770/1749 2475/2771/1750
f 2475/2771/1750 2474/2772/1751 2473/2773/1752
f 2474/2772/1751 2469/2774/1748 2473/2773/1752
f 2478/2775/1753 2479/2776/1754 2477/2777/1755
f 2479/2776/1754 2484/2778/1756 2483/2779/1757
f 2483/2779/1757 2482/2780/1758 2481/2781/1759
f 2482/2780/1758 2477/2782/1755 2481/2781/1759
f 2485/2783/1760 2488/2784/1761 2487/2785/1762
f 2488/2786/1761 2491/2787/1763 2487/2788/1762
f 2492/2789/1764 2489/2790/1765 2491/2787/1763
f 2490/2791/1766 2485/2783/1760 2489/2790/1765
f 2494/2792/1767 2495/2793/1768 2493/2794/1769
f 2495/2793/1768 2500/2795/1770 2499/2796/1771
f 2499/2796/1771 2498/2797/1772 2497/2798/1773
f 2498/2797/1772 2493/2799/1769 2497/2798/1773
f 2502/2800/1774 2503/2801/1775 2501/2802/1776
f 2503/2801/1775 2508/2803/1777 2507/2804/1778
f 2507/2804/1778 2506/2805/1779 2505/2806/1780
f 2506/2805/1779 2501/2807/1776 2505/2806/1780
f 2509/2808/1781 2512/2809/1782 2511/2810/1783
f 2512/2811/1782 2515/2812/1784 2511/2813/1783
f 2516/2814/1785 2513/2815/1786 2515/2812/1784
f 2513/2815/1786 2510/2816/1787 2509/2808/1781
f 2518/2817/1788 2519/2818/1789 2517/2819/1790
f 2519/2818/1789 2524/2820/1791 2523/2821/1792
f 2523/2821/1792 2522/2822/1793 2521/2823/1794
f 2522/2822/1793 2517/2824/1790 2521/2823/1794
f 2526/2825/1795 2527/2826/1796 2525/2827/1797
f 2527/2826/1796 2532/2828/1798 2531/2829/1799
f 2531/2829/1799 2530/2830/1800 2529/2831/1801
f 2530/2830/1800 2525/2832/1797 2529/2831/1801
f 2533/2833/1802 2536/2834/1803 2535/2835/1804
f 2535/2836/1804 2540/2837/1805 2539/2838/1806
f 2540/2837/1805 2537/2839/1807 2539/2838/1806
f 2537/2839/1807 2534/2840/1808 2533/2833/1802
f 2542/2841/1809 2543/2842/1810 2541/2843/1811
f 2543/2842/1810 2548/2844/1812 2547/2845/1813
f 2547/2845/1813 2546/2846/1814 2545/2847/1815
f 2546/2846/1814 2541/2848/1811 2545/2847/1815
f 2550/2849/1816 2551/2850/1817 2549/2851/1818
f 2551/2850/1817 2556/2852/1819 2555/2853/1820
f 2555/2853/1820 2554/2854/1821 2553/2855/1822
f 2554/2854/1821 2549/2856/1818 2553/2855/1822
f 2557/2857/1823 2560/2858/1824 2559/2859/1825
f 2559/2860/1825 2564/2861/1826 2563/2862/1827
f 2564/2861/1826 2561/2863/1828 2563/2862/1827
f 2562/2864/1829 2557/2857/1823 2561/2863/1828
f 2566/2865/1830 2567/2866/1831 2565/2867/1832
f 2567/2866/1831 2572/2868/1833 2571/2869/1834
f 2571/2869/1834 2570/2870/1835 2569/2871/1836
f 2570/2870/1835 2565/2872/1832 2569/2871/1836
f 2574/2873/1837 2575/2874/1838 2573/2875/1839
f 2575/2874/1838 2580/2876/1840 2579/2877/1841
f 2579/2877/1841 2578/2878/1842 2577/2879/1843
f 2578/2878/1842 2573/2880/1839 2577/2879/1843
f 2582/2881/1844 2583/2882/1845 2581/2883/1846
f 2583/2884/1845 2588/2885/1847 2587/2886/1848
f 2587/2886/1848 2586/2887/1849 2585/2888/1850
f 2586/2887/1849 2581/2883/1846 2585/2888/1850
f 2589/2889/1851 2592/2890/1852 2591/2891/1853
f 2592/2890/1852 2595/2892/1854 2591/2891/1853
f 2596/2893/1855 2593/2894/1856 2595/2892/1854
f 2593/2894/1856 2590/2895/1857 2589/2896/1851
f 2597/2897/1858 2600/2898/1859 2599/2899/1860
f 2600/2898/1859 2603/2900/1861 2599/2899/1860
f 2604/2901/1862 2601/2902/1863 2603/2900/1861
f 2601/2902/1863 2598/2903/1864 2597/2904/1858
f 2606/2905/1865 2607/2906/1866 2605/2907/1867
f 2608/2908/1868 2611/2909/1869 2607/2910/1866
f 2611/2909/1869 2610/2911/1870 2609/2912/1871
f 2609/2912/1871 2606/2905/1865 2605/2907/1867
f 2613/2913/1872 2616/2914/1873 2615/2915/1874
f 2616/2914/1873 2619/2916/1875 2615/2915/1874
f 2620/2917/1876 2617/2918/1877 2619/2916/1875
f 2617/2918/1877 2614/2919/1878 2613/2920/1872
f 2621/2921/1879 2624/2922/1880 2623/2923/1881
f 2624/2922/1880 2627/2924/1882 2623/2923/1881
f 2628/2925/1883 2625/2926/1884 2627/2924/1882
f 2625/2926/1884 2622/2927/1885 2621/2928/1879
f 2630/2929/1886 2631/2930/1887 2629/2931/1888
f 2631/2932/1887 2636/2933/1889 2635/2934/1890
f 2635/2934/1890 2634/2935/1891 2633/2936/1892
f 2634/2935/1891 2629/2931/1888 2633/2936/1892
f 2637/2937/1893 2640/2938/1894 2639/2939/1895
f 2640/2938/1894 2643/2940/1896 2639/2939/1895
f 2644/2941/1897 2641/2942/1898 2643/2940/1896
f 2641/2942/1898 2638/2943/1899 2637/2944/1893
f 2645/2945/1900 2648/2946/1901 2647/2947/1902
f 2648/2946/1901 2651/2948/1903 2647/2947/1902
f 2652/2949/1904 2649/2950/1905 2651/2948/1903
f 2649/2950/1905 2646/2951/1906 2645/2952/1900
f 2654/2953/1907 2655/2954/1908 2653/2955/1909
f 2655/2956/1908 2660/2957/1910 2659/2958/1911
f 2659/2958/1911 2658/2959/1912 2657/2960/1913
f 2658/2959/1912 2653/2955/1909 2657/2960/1913
f 2661/2961/1914 2664/2962/1915 2663/2963/1916
f 2664/2962/1915 2667/2964/1917 2663/2963/1916
f 2668/2965/1918 2665/2966/1919 2667/2964/1917
f 2665/2966/1919 2662/2967/1920 2661/2968/1914
f 2669/2969/1921 2672/2970/1922 2671/2971/1923
f 2671/2971/1923 2676/2972/1924 2675/2973/1925
f 2676/2972/1924 2673/2974/1926 2675/2973/1925
f 2674/2975/1927 2669/2976/1921 2673/2974/1926
f 2677/2977/1928 2680/2978/1929 2679/2979/1930
f 2680/2980/1929 2683/2981/1931 2679/2982/1930
f 2684/2983/1932 2681/2984/1933 2683/2981/1931
f 2681/2984/1933 2678/2985/1934 2677/2977/1928
f 2686/2986/1935 2687/2987/1936 2685/2988/1937
f 2687/2987/1936 2692/2989/1938 2691/2990/1939
f 2691/2990/1939 2690/2991/1940 2689/2992/1941
f 2690/2991/1940 2685/2993/1937 2689/2992/1941
f 2694/2994/1942 2695/2995/1943 2693/2996/1944
f 2695/2995/1943 2700/2997/1945 2699/2998/1946
f 2699/2998/1946 2698/2999/1947 2697/3000/1948
f 2698/2999/1947 2693/3001/1944 2697/3000/1948
f 2701/3002/1949 2704/3003/1950 2703/3004/1951
f 2703/3005/1951 2708/3006/1952 2707/3007/1953
f 2708/3006/1952 2705/3008/1954 2707/3007/1953
f 2705/3008/1954 2702/3009/1955 2701/3002/1949
f 2710/3010/1956 2711/3011/1957 2709/3012/1958
f 2711/3011/1957 2716/3013/1959 2715/3014/1960
f 2715/3014/1960 2714/3015/1961 2713/3016/1962
f 2714/3015/1961 2709/3017/1958 2713/3016/1962
f 2718/3018/1963 2719/3019/1964 2717/3020/1965
f 2719/3019/1964 2724/3021/1966 2723/3022/1967
f 2723/3022/1967 2722/3023/1968 2721/3024/1969
f 2722/3023/1968 2717/3025/1965 2721/3024/1969
f 2725/3026/1970 2728/3027/1971 2727/3028/1972
f 2728/3029/1971 2731/3030/1973 2727/3031/1972
f 2732/3032/1974 2729/3033/1975 2731/3030/1973
f 2730/3034/1976 2725/3026/1970 2729/3033/1975
f 2734/3035/1977 2735/3036/1978 2733/3037/1979
f 2735/3036/1978 2740/3038/1980 2739/3039/1981
f 2739/3039/1981 2738/3040/1982 2737/3041/1983
f 2738/3040/1982 2733/3042/1979 2737/3041/1983
f 2742/3043/1984 2743/3044/1985 2741/3045/1986
f 2743/3044/1985 2748/3046/1987 2747/3047/1988
f 2747/3047/1988 2746/3048/1989 2745/3049/1990
f 2746/3048/1989 2741/3050/1986 2745/3049/1990
f 2749/3051/1991 2752/3052/1992 2751/3053/1993
f 2752/3054/1992 2755/3055/1994 2751/3056/1993
f 2756/3057/1995 2753/3058/1996 2755/3055/1994
f 2754/3059/1997 2749/3051/1991 2753/3058/1996
f 2757/3060/1998 2760/3061/1999 2759/3062/2000
f 2760/3061/1999 2763/3063/2001 2759/3062/2000
f 2764/3064/2002 2761/3065/2003 2763/3063/2001
f 2761/3065/2003 2758/3066/2004 2757/3067/1998
f 2765/3068/2005 2768/3069/2006 2767/3070/2007
f 2768/3069/2006 2771/3071/2008 2767/3070/2007
f 2772/3072/2009 2769/3073/2010 2771/3071/2008
f 2769/3073/2010 2766/3074/2011 2765/3075/2005
f 2774/3076/2012 2775/3077/2013 2773/3078/2014
f 2776/3079/2015 2779/3080/2016 2775/3081/2013
f 2779/3080/2016 2778/3082/2017 2777/3083/2018
f 2778/3082/2017 2773/3078/2014 2777/3083/2018
f 2781/3084/2019 2784/3085/2020 2783/3086/2021
f 2784/3085/2020 2787/3087/2022 2783/3086/2021
f 2788/3088/2023 2785/3089/2024 2787/3087/2022
f 2785/3089/2024 2782/3090/2025 2781/3091/2019
f 2789/3092/2026 2792/3093/2027 2791/3094/2028
f 2792/3093/2027 2795/3095/2029 2791/3094/2028
f 2796/3096/2030 2793/3097/2031 2795/3095/2029
f 2793/3097/2031 2790/3098/2032 2789/3099/2026
f 2798/3100/2033 2799/3101/2034 2797/3102/2035
f 2800/3103/2036 2803/3104/2037 2799/3105/2034
f 2803/3104/2037 2802/3106/2038 2801/3107/2039
f 2801/3107/2039 2798/3100/2033 2797/3102/2035
f 2805/3108/2040 2808/3109/2041 2807/3110/2042
f 2808/3109/2041 2811/3111/2043 2807/3110/2042
f 2812/3112/2044 2809/3113/2045 2811/3111/2043
f 2809/3113/2045 2806/3114/2046 2805/3115/2040
f 2813/3116/2047 2816/3117/2048 2815/3118/2049
f 2816/3117/2048 2819/3119/2050 2815/3118/2049
f 2820/3120/2051 2817/3121/2052 2819/3119/2050
f 2817/3121/2052 2814/3122/2053 2813/3123/2047
f 2822/3124/2054 2823/3125/2055 2821/3126/2056
f 2824/3127/2057 2827/3128/2058 2823/3129/2055
f 2827/3128/2058 2826/3130/2059 2825/3131/2060
f 2826/3130/2059 2821/3126/2056 2825/3131/2060
f 2829/3132/2061 2832/3133/2062 2831/3134/2063
f 2832/3133/2062 2835/3135/2064 2831/3134/2063
f 2836/3136/2065 2833/3137/2066 2835/3135/2064
f 2833/3137/2066 2830/3138/2067 2829/3139/2061
f 2837/3140/2068 2840/3141/2069 2839/3142/2070
f 2840/3141/2069 2843/3143/2071 2839/3142/2070
f 2844/3144/2072 2841/3145/2073 2843/3143/2071
f 2841/3145/2073 2838/3146/2074 2837/3147/2068
f 2846/3148/2075 2847/3149/2076 2845/3150/2077
f 2848/3151/2078 2851/3152/2079 2847/3153/2076
f 2851/3152/2079 2850/3154/2080 2849/3155/2081
f 2850/3154/2080 2845/3150/2077 2849/3155/2081
f 2853/3156/2082 2856/3157/2083 2855/3158/2084
f 2856/3157/2083 2859/3159/2085 2855/3158/2084
f 2860/3160/2086 2857/3161/2087 2859/3159/2085
f 2857/3161/2087 2854/3162/2088 2853/3163/2082
f 2861/3164/2089 2864/3165/2090 2863/3166/2091
f 2864/3165/2090 2867/3167/2092 2863/3166/2091
f 2868/3168/2093 2865/3169/2094 2867/3167/2092
f 2865/3169/2094 2862/3170/2095 2861/3171/2089
f 2870/3172/2096 2871/3173/2097 2869/3174/2098
f 2872/3175/2099 2875/3176/2100 2871/3177/2097
f 2875/3176/2100 2874/3178/2101 2873/3179/2102
f 2873/3179/2102 2870/3172/2096 2869/3174/2098
f 2877/3180/2103 2880/3181/2104 2879/3182/2105
f 2880/3181/2104 2883/3183/2106 2879/3182/2105
f 2884/3184/2107 2881/3185/2108 2883/3183/2106
f 2881/3185/2108 2878/3186/2109 2877/3187/2103
f 2885/3188/2110 2888/3189/2111 2887/3190/2112
f 2888/3189/2111 2891/3191/2113 2887/3190/2112
f 2892/3192/2114 2889/3193/2115 2891/3191/2113
f 2889/3193/2115 2886/3194/2116 2885/3195/2110
f 2894/3196/2117 2895/3197/2118 2893/3198/2119
f 2896/3199/2120 2899/3200/2121 2895/3201/2118
f 2899/3200/2121 2898/3202/2122 2897/3203/2123
f 2898/3202/2122 2893/3198/2119 2897/3203/2123
f 2901/3204/2124 2904/3205/2125 2903/3206/2126
f 2904/3205/2125 2907/3207/2127 2903/3206/2126
f 2908/3208/2128 2905/3209/2129 2907/3207/2127
f 2905/3209/2129 2902/3210/2130 2901/3211/2124
f 2909/3212/2131 2912/3213/2132 2911/3214/2133
f 2912/3213/2132 2915/3215/2134 2911/3214/2133
f 2916/3216/2135 2913/3217/2136 2915/3215/2134
f 2913/3217/2136 2910/3218/2137 2909/3219/2131
f 2918/3220/2138 2919/3221/2139 2917/3222/2140
f 2920/3223/2141 2923/3224/2142 2919/3225/2139
f 2923/3224/2142 2922/3226/2143 2921/3227/2144
f 2922/3226/2143 2917/3222/2140 2921/3227/2144
f 2925/3228/2145 2928/3229/2146 2927/3230/2147
f 2928/3229/2146 2931/3231/2148 2927/3230/2147
f 2932/3232/2149 2929/3233/2150 2931/3231/2148
f 2929/3233/2150 2926/3234/2151 2925/3235/2145
f 2933/3236/2152 2936/3237/2153 2935/3238/2154
f 2936/3237/2153 2939/3239/2155 2935/3238/2154
f 2940/3240/2156 2937/3241/2157 2939/3239/2155
f 2937/3241/2157 2934/3242/2158 2933/3243/2152
f 2942/3244/2159 2943/3245/2160 2941/3246/2161
f 2944/3247/2162 2947/3248/2163 2943/3249/2160
f 2947/3248/2163 2946/3250/2164 2945/3251/2165
f 2945/3251/2165 2942/3244/2159 2941/3246/2161
f 2949/3252/2166 2952/3253/2167 2951/3254/2168
f 2952/3253/2167 2955/3255/2169 2951/3254/2168
f 2956/3256/2170 2953/3257/2171 2955/3255/2169
f 2953/3257/2171 2950/3258/2172 2949/3259/2166
f 2957/3260/2173 2960/3261/2174 2959/3262/2175
f 2960/3261/2174 2963/3263/2176 2959/3262/2175
f 2964/3264/2177 2961/3265/2178 2963/3263/2176
f 2961/3265/2178 2958/3266/2179 2957/3267/2173
f 2966/3268/2180 2967/3269/2181 2965/3270/2182
f 2967/3271/2181 2972/3272/2183 2971/3273/2184
f 2971/3273/2184 2970/3274/2185 2969/3275/2186
f 2970/3274/2185 2965/3270/2182 2969/3275/2186
f 2973/3276/2187 2976/3277/2188 2975/3278/2189
f 2976/3277/2188 2979/3279/2190 2975/3278/2189
f 2980/3280/2191 2977/3281/2192 2979/3279/2190
f 2977/3281/2192 2974/3282/2193 2973/3283/2187
f 2981/3284/2194 2984/3285/2195 2983/3286/2196
f 2984/3285/2195 2987/3287/2197 2983/3286/2196
f 2988/3288/2198 2985/3289/2199 2987/3287/2197
f 2985/3289/2199 2982/3290/2200 2981/3291/2194
f 2990/3292/2201 2991/3293/2202 2989/3294/2203
f 2992/3295/2204 2995/3296/2205 2991/3297/2202
f 2995/3296/2205 2994/3298/2206 2993/3299/2207
f 2994/3298/2206 2989/3294/2203 2993/3299/2207
f 2997/3300/2208 3000/3301/2209 2999/3302/2210
f 3000/3301/2209 3003/3303/2211 2999/3302/2210
f 3004/3304/2212 3001/3305/2213 3003/3303/2211
f 3001/3305/2213 2998/3306/2214 2997/3307/2208
f 3005/3308/2215 3008/3309/2216 3007/3310/2217
f 3008/3309/2216 3011/3311/2218 3007/3310/2217
f 3012/3312/2219 3009/3313/2220 3011/3311/2218
f 3009/3313/2220 3006/3314/2221 3005/3315/2215
f 3014/3316/2222 3015/3317/2223 3013/3318/2224
f 3015/3319/2223 3020/3320/2225 3019/3321/2226
f 3019/3321/2226 3018/3322/2227 3017/3323/2228
f 3017/3323/2228 3014/3316/2222 3013/3318/2224
f 3021/3324/2229 3024/3325/2230 3023/3326/2231
f 3024/3325/2230 3027/3327/2232 3023/3326/2231
f 3028/3328/2233 3025/3329/2234 3027/3327/2232
f 3025/3329/2234 3022/3330/2235 3021/3331/2229
f 3029/3332/2236 3032/3333/2237 3031/3334/2238
f 3032/3333/2237 3035/3335/2239 3031/3334/2238
f 3036/3336/2240 3033/3337/2241 3035/3335/2239
f 3033/3337/2241 3030/3338/2242 3029/3339/2236
f 3038/3340/2243 3039/3341/2244 3037/3342/2245
f 3040/3343/2246 3043/3344/2247 3039/3345/2244
f 3043/3344/2247 3042/3346/2248 3041/3347/2249
f 3041/3347/2249 3038/3340/2243 3037/3342/2245
f 3045/3348/2250 3048/3349/2251 3047/3350/2252
f 3048/3349/2251 3051/3351/2253 3047/3350/2252
f 3052/3352/2254 3049/3353/2255 3051/3351/2253
f 3049/3353/2255 3046/3354/2256 3045/3355/2250
f 3053/3356/2257 3056/3357/2258 3055/3358/2259
f 3056/3357/2258 3059/3359/2260 3055/3358/2259
f 3060/3360/2261 3057/3361/2262 3059/3359/2260
f 3057/3361/2262 3054/3362/2263 3053/3363/2257
f 3062/3364/2264 3063/3365/2265 3061/3366/2266
f 3064/3367/2267 3067/3368/2268 3063/3369/2265
f 3067/3368/2268 3066/3370/2269 3065/3371/2270
f 3066/3370/2269 3061/3366/2266 3065/3371/2270
f 3069/3372/2271 3072/3373/2272 3071/3374/2273
f 3072/3373/2272 3075/3375/2274 3071/3374/2273
f 3076/3376/2275 3073/3377/2276 3075/3375/2274
f 3073/3377/2276 3070/3378/2277 3069/3379/2271
f 3077/3380/2278 3080/3381/2279 3079/3382/2280
f 3080/3381/2279 3083/3383/2281 3079/3382/2280
f 3084/3384/2282 3081/3385/2283 3083/3383/2281
f 3081/3385/2283 3078/3386/2284 3077/3387/2278
f 3086/3388/2285 3087/3389/2286 3085/3390/2287
f 3087/3391/2286 3092/3392/2288 3091/3393/2289
f 3091/3393/2289 3090/3394/2290 3089/3395/2291
f 3090/3394/2290 3085/3390/2287 3089/3395/2291
f 3093/3396/2292 3096/3397/2293 3095/3398/2294
f 3096/3397/2293 3099/3399/2295 3095/3398/2294
f 3100/3400/2296 3097/3401/2297 3099/3399/2295
f 3097/3401/2297 3094/3402/2298 3093/3403/2292
f 3101/3404/2299 3104/3405/2300 3103/3406/2301
f 3104/3405/2300 3107/3407/2302 3103/3406/2301
f 3108/3408/2303 3105/3409/2304 3107/3407/2302
f 3105/3409/2304 3102/3410/2305 3101/3411/2299
f 3110/3412/2306 3111/3413/2307 3109/3414/2308
f 3111/3415/2307 3116/3416/2309 3115/3417/2310
f 3115/3417/2310 3114/3418/2311 3113/3419/2312
f 3114/3418/2311 3109/3414/2308 3113/3419/2312
f 3117/3420/2313 3120/3421/2314 3119/3422/2315
f 3120/3421/2314 3123/3423/2316 3119/3422/2315
f 3124/3424/2317 3121/3425/2318 3123/3423/2316
f 3121/3425/2318 3118/3426/2319 3117/3427/2313
f 3125/3428/2320 3128/3429/2321 3127/3430/2322
f 3128/3429/2321 3131/3431/2323 3127/3430/2322
f 3132/3432/2324 3129/3433/2325 3131/3431/2323
f 3129/3433/2325 3126/3434/2326 3125/3435/2320
f 3134/3436/2327 3135/3437/2328 3133/3438/2329
f 3135/3439/2328 3140/3440/2330 3139/3441/2331
f 3139/3441/2331 3138/3442/2332 3137/3443/2333
f 3138/3442/2332 3133/3438/2329 3137/3443/2333
f 3142/3444/2334 3143/3445/2335 3141/3446/2336
f 3144/3447/2337 3147/3448/2338 3143/3445/2335
f 3147/3448/2338 3146/3449/2339 3145/3450/2340
f 3145/3450/2340 3142/3451/2334 3141/3452/2336
f 3150/3453/2341 3151/3454/2342 3149/3455/2343
f 3152/3456/2344 3155/3457/2345 3151/3454/2342
f 3155/3457/2345 3154/3458/2346 3153/3459/2347
f 3153/3459/2347 3150/3460/2341 3149/3461/2343
f 3157/3462/2348 3160/3463/2349 3159/3464/2350
f 3160/3465/2349 3163/3466/2351 3159/3467/2350
f 3164/3468/2352 3161/3469/2353 3163/3466/2351
f 3162/3470/2354 3157/3462/2348 3161/3469/2353
f 3166/3471/2355 3167/3472/2356 3165/3473/2357
f 3167/3472/2356 3172/3474/2358 3171/3475/2359
f 3171/3475/2359 3170/3476/2360 3169/3477/2361
f 3170/3476/2360 3165/3478/2357 3169/3477/2361
f 3174/3479/2362 3175/3480/2363 3173/3481/2364
f 3175/3480/2363 3180/3482/2365 3179/3483/2366
f 3179/3483/2366 3178/3484/2367 3177/3485/2368
f 3178/3484/2367 3173/3486/2364 3177/3485/2368
f 3181/3487/2369 3184/3488/2370 3183/3489/2371
f 3184/3490/2370 3187/3491/2372 3183/3492/2371
f 3188/3493/2373 3185/3494/2374 3187/3491/2372
f 3185/3494/2374 3182/3495/2375 3181/3487/2369
f 3190/3496/2376 3191/3497/2377 3189/3498/2378
f 3191/3497/2377 3196/3499/2379 3195/3500/2380
f 3195/3500/2380 3194/3501/2381 3193/3502/2382
f 3194/3501/2381 3189/3503/2378 3193/3502/2382
f 3198/3504/2383 3199/3505/2384 3197/3506/2385
f 3199/3505/2384 3204/3507/2386 3203/3508/2387
f 3203/3508/2387 3202/3509/2388 3201/3510/2389
f 3202/3509/2388 3197/3511/2385 3201/3510/2389
f 3205/3512/2390 3208/3513/2391 3207/3514/2392
f 3208/3515/2391 3211/3516/2393 3207/3517/2392
f 3212/3518/2394 3209/3519/2395 3211/3516/2393
f 3209/3519/2395 3206/3520/2396 3205/3512/2390
f 3214/3521/2397 3215/3522/2398 3213/3523/2399
f 3215/3522/2398 3220/3524/2400 3219/3525/2401
f 3219/3525/2401 3218/3526/2402 3217/3527/2403
f 3218/3526/2402 3213/3528/2399 3217/3527/2403
f 3221/3529/2404 3224/3530/2405 3223/3531/2406
f 3223/3531/2406 3228/3532/2407 3227/3533/2408
f 3228/3532/2407 3225/3534/2409 3227/3533/2408
f 3226/3535/2410 3221/3536/2404 3225/3534/2409
f 3230/3537/2411 3231/3538/2412 3229/3539/2413
f 3231/3540/2412 3236/3541/2414 3235/3542/2415
f 3235/3542/2415 3234/3543/2416 3233/3544/2417
f 3234/3543/2416 3229/3539/2413 3233/3544/2417
f 3237/3545/2418 3240/3546/2419 3239/3547/2420
f 3239/3547/2420 3244/3548/2421 3243/3549/2422
f 3244/3548/2421 3241/3550/2423 3243/3549/2422
f 3242/3551/2424 3237/3552/2418 3241/3550/2423
f 3245/3553/2425 3248/3554/2426 3247/3555/2427
f 3247/3555/2427 3252/3556/2428 3251/3557/2429
f 3252/3556/2428 3249/3558/2430 3251/3557/2429
f 3250/3559/2431 3245/3560/2425 3249/3558/2430
f 3254/3561/2432 3255/3562/2433 3253/3563/2434
f 3256/3564/2435 3259/3565/2436 3255/3566/2433
f 3259/3565/2436 3258/3567/2437 3257/3568/2438
f 3258/3567/2437 3253/3563/2434 3257/3568/2438
f 3261/3569/2439 3264/3570/2440 3263/3571/2441
f 3264/3570/2440 3267/3572/2442 3263/3571/2441
f 3268/3573/2443 3265/3574/2444 3267/3572/2442
f 3265/3574/2444 3262/3575/2445 3261/3576/2439
f 3269/3577/2446 3272/3578/2447 3271/3579/2448
f 3272/3578/2447 3275/3580/2449 3271/3579/2448
f 3276/3581/2450 3273/3582/2451 3275/3580/2449
f 3273/3582/2451 3270/3583/2452 3269/3584/2446
f 3278/3585/2453 3279/3586/2454 3277/3587/2455
f 3280/3588/2456 3283/3589/2457 3279/3590/2454
f 3283/3589/2457 3282/3591/2458 3281/3592/2459
f 3281/3592/2459 3278/3585/2453 3277/3587/2455
f 3285/3593/2460 3288/3594/2461 3287/3595/2462
f 3288/3594/2461 3291/3596/2463 3287/3595/2462
f 3292/3597/2464 3289/3598/2465 3291/3596/2463
f 3289/3598/2465 3286/3599/2466 3285/3600/2460
f 3293/3601/2467 3296/3602/2468 3295/3603/2469
f 3296/3602/2468 3299/3604/2470 3295/3603/2469
f 3300/3605/2471 3297/3606/2472 3299/3604/2470
f 3297/3606/2472 3294/3607/2473 3293/3608/2467
f 3301/3609/2474 3304/3610/2475 3303/3611/2476
f 3303/3612/2476 3308/3613/2477 3307/3614/2478
f 3308/3613/2477 3305/3615/2479 3307/3614/2478
f 3306/3616/2480 3301/3609/2474 3305/3615/2479
f 3309/3617/2481 3312/3618/2482 3311/3619/2483
f 3311/3619/2483 3316/3620/2484 3315/3621/2485
f 3316/3620/2484 3313/3622/2486 3315/3621/2485
f 3314/3623/2487 3309/3624/2481 3313/3622/2486
f 3317/3625/2488 3320/3626/2489 3319/3627/2490
f 3319/3627/2490 3324/3628/2491 3323/3629/2492
f 3324/3628/2491 3321/3630/2493 3323/3629/2492
f 3322/3631/2494 3317/3632/2488 3321/3630/2493
f 3325/3633/1340 3328/3634/1341 3327/3635/1342
f 3328/3634/1341 3331/3636/1343 3327/3635/1342
f 3332/3637/1344 3329/3638/1345 3331/3636/1343
f 3329/3638/1345 3326/3639/1346 3325/3633/1340
f 3333/3640/1347 3336/3641/1348 3335/3642/1349
f 3336/3641/1348 3339/3643/1350 3335/3642/1349
f 3340/3644/1351 3337/3645/1352 3339/3643/1350
f 3337/3645/1352 3334/3646/1353 3333/3640/1347
f 3341/3647/1354 3344/3648/1355 3343/3649/1356
f 3344/3648/1355 3347/3650/1357 3343/3649/1356
f 3348/3651/1358 3345/3652/1359 3347/3650/1357
f 3345/3652/1359 3342/3653/1360 3341/3647/1354
f 3350/3654/1361 3351/3655/1362 3349/3656/1363
f 3352/3657/1364 3355/3658/1365 3351/3655/1362
f 3355/3658/1365 3354/3659/1366 3353/3660/1367
f 3354/3659/1366 3349/3656/1363 3353/3660/1367
f 3357/3661/1368 3360/3662/1369 3359/3663/1370
f 3359/3663/1370 3364/3664/1371 3363/3665/1372
f 3364/3664/1371 3361/3666/1373 3363/3665/1372
f 3362/3667/1374 3357/3661/1368 3361/3666/1373
f 3365/3668/1375 3368/3669/1376 3367/3670/1377
f 3367/3670/1377 3372/3671/1378 3371/3672/1379
f 3372/3671/1378 3369/3673/1380 3371/3672/1379
f 3370/3674/1381 3365/3668/1375 3369/3673/1380
f 3373/3675/1382 3376/3676/1383 3375/3677/1384
f 3376/3676/1383 3379/3678/1385 3375/3677/1384
f 3380/3679/1386 3377/3680/1387 3379/3678/1385
f 3378/3681/1388 3373/3675/1382 3377/3680/1387
f 3381/3682/1389 3384/3683/1390 3383/3684/1391
f 3383/3684/1391 3388/3685/1392 3387/3686/1393
f 3388/3685/1392 3385/3687/1394 3387/3686/1393
f 3386/3688/1395 3381/3682/1389 3385/3687/1394
f 3389/3689/1396 3392/3690/1397 3391/3691/1398
f 3391/3691/1398 3396/3692/1399 3395/3693/1400
f 3396/3692/1399 3393/3694/1401 3395/3693/1400
f 3394/3695/1402 3389/3689/1396 3393/3694/1401
f 3397/3696/1403 3400/3697/1404 3399/3698/1405
f 3399/3698/1405 3404/3699/1406 3403/3700/1407
f 3404/3699/1406 3401/3701/1408 3403/3700/1407
f 3402/3702/1409 3397/3696/1403 3401/3701/1408
f 3405/3703/1410 3408/3704/1411 3407/3705/1412
f 3408/3704/1411 3411/3706/1413 3407/3705/1412
f 3412/3707/1414 3409/3708/1415 3411/3706/1413
f 3409/3708/1415 3406/3709/1416 3405/3703/1410
f 3413/3710/1417 3416/3711/1418 3415/3712/1419
f 3416/3711/1418 3419/3713/1420 3415/3712/1419
f 3420/3714/1421 3417/3715/1422 3419/3713/1420
f 3417/3715/1422 3414/3716/1423 3413/3710/1417
f 3421/3717/1424 3424/3718/1425 3423/3719/1426
f 3423/3719/1426 3428/3720/1427 3427/3721/1428
f 3428/3720/1427 3425/3722/1429 3427/3721/1428
f 3426/3723/1430 3421/3717/1424 3425/3722/1429
f 3429/3724/1431 3432/3725/1432 3431/3726/1433
f 3432/3725/1432 3435/3727/1434 3431/3726/1433
f 3436/3728/1435 3433/3729/1436 3435/3727/1434
f 3433/3729/1436 3430/3730/1437 3429/3724/1431
f 3437/3731/1438 3440/3732/1439 3439/3733/1440
f 3440/3732/1439 3443/3734/1441 3439/3733/1440
f 3444/3735/1442 3441/3736/1443 3443/3734/1441
f 3441/3736/1443 3438/3737/1444 3437/3731/1438
f 3446/3738/1445 3447/3739/1446 3445/3740/1447
f 3447/3739/1446 3452/3741/1448 3451/3742/1449
f 3451/3742/1449 3450/3743/1450 3449/3744/1451
f 3450/3743/1450 3445/3740/1447 3449/3744/1451
f 3453/3745/1452 3456/3746/1453 3455/3747/1454
f 3456/3746/1453 3459/3748/1455 3455/3747/1454
f 3460/3749/1456 3457/3750/1457 3459/3748/1455
f 3457/3750/1457 3454/3751/1458 3453/3745/1452
f 3461/3752/1459 3464/3753/1460 3463/3754/1461
f 3464/3753/1460 3467/3755/1462 3463/3754/1461
f 3468/3756/1463 3465/3757/1464 3467/3755/1462
f 3465/3757/1464 3462/3758/1465 3461/3752/1459
f 3470/3759/1466 3471/3760/1467 3469/3761/1468
f 3472/3762/1469 3475/3763/1470 3471/3760/1467
f 3475/3763/1470 3474/3764/1471 3473/3765/1472
f 3473/3765/1472 3470/3759/1466 3469/3761/1468
f 3477/3766/1473 3480/3767/1474 3479/3768/1475
f 3480/3767/1474 3483/3769/1476 3479/3768/1475
f 3484/3770/1477 3481/3771/1478 3483/3769/1476
f 3481/3771/1478 3478/3772/1479 3477/3766/1473
f 3485/3773/1480 3488/3774/1481 3487/3775/1482
f 3488/3774/1481 3491/3776/1483 3487/3775/1482
f 3492/3777/1484 3489/3778/1485 3491/3776/1483
f 3489/3778/1485 3486/3779/1486 3485/3773/1480
f 3494/3780/1487 3495/3781/1488 3493/3782/1489
f 3495/3781/1488 3500/3783/1490 3499/3784/1491
f 3499/3784/1491 3498/3785/1492 3497/3786/1493
f 3497/3786/1493 3494/3780/1487 3493/3782/1489
f 3501/3787/1494 3504/3788/1495 3503/3789/1496
f 3503/3789/1496 3508/3790/1497 3507/3791/1498
f 3508/3790/1497 3505/3792/1499 3507/3791/1498
f 3506/3793/1500 3501/3787/1494 3505/3792/1499
f 3509/3794/1501 3512/3795/1502 3511/3796/1503
f 3511/3796/1503 3516/3797/1504 3515/3798/1505
f 3516/3797/1504 3513/3799/1506 3515/3798/1505
f 3514/3800/1507 3509/3794/1501 3513/3799/1506
f 3517/3801/1508 3520/3802/1509 3519/3803/1510
f 3519/3803/1510 3524/3804/1511 3523/3805/1512
f 3524/3804/1511 3521/3806/1513 3523/3805/1512
f 3521/3806/1513 3518/3807/1514 3517/3801/1508
f 3526/3808/1515 3527/3809/1516 3525/3810/1517
f 3527/3809/1516 3532/3811/1518 3531/3812/1519
f 3531/3812/1519 3530/3813/1520 3529/3814/1521
f 3530/3813/1520 3525/3810/1517 3529/3814/1521
f 3534/3815/1522 3535/3816/1523 3533/3817/1524
f 3535/3816/1523 3540/3818/1525 3539/3819/1526
f 3539/3819/1526 3538/3820/1527 3537/3821/1528
f 3538/3820/1527 3533/3817/1524 3537/3821/1528
f 3541/3822/1529 3544/3823/1530 3543/3824/1531
f 3543/3824/1531 3548/3825/1532 3547/3826/1533
f 3548/3825/1532 3545/3827/1534 3547/3826/1533
f 3546/3828/1535 3541/3822/1529 3545/3827/1534
f 3550/3829/1536 3551/3830/1537 3549/3831/1538
f 3551/3830/1537 3556/3832/1539 3555/3833/1540
f 3555/3833/1540 3554/3834/1541 3553/3835/1542
f 3554/3834/1541 3549/3831/1538 3553/3835/1542
f 3558/3836/1543 3559/3837/1544 3557/3838/1545
f 3559/3837/1544 3564/3839/1546 3563/3840/1547
f 3563/3840/1547 3562/3841/1548 3561/3842/1549
f 3562/3841/1548 3557/3838/1545 3561/3842/1549
f 3565/3843/1550 3568/3844/1551 3567/3845/1552
f 3568/3844/1551 3571/3846/1553 3567/3845/1552
f 3572/3847/1554 3569/3848/1555 3571/3846/1553
f 3570/3849/1556 3565/3843/1550 3569/3848/1555
f 3574/3850/1557 3575/3851/1558 3573/3852/1559
f 3575/3851/1558 3580/3853/1560 3579/3854/1561
f 3579/3854/1561 3578/3855/1562 3577/3856/1563
f 3578/3855/1562 3573/3852/1559 3577/3856/1563
f 3582/3857/1564 3583/3858/1565 3581/3859/1566
f 3583/3858/1565 3588/3860/1567 3587/3861/1568
f 3587/3861/1568 3586/3862/1569 3585/3863/1570
f 3586/3862/1569 3581/3859/1566 3585/3863/1570
f 3589/3864/1571 3592/3865/1572 3591/3866/1573
f 3592/3865/1572 3595/3867/1574 3591/3866/1573
f 3596/3868/1575 3593/3869/1576 3595/3867/1574
f 3594/3870/1577 3589/3864/1571 3593/3869/1576
f 3598/3871/1578 3599/3872/1579 3597/3873/1580
f 3599/3872/1579 3604/3874/1581 3603/3875/1582
f 3603/3875/1582 3602/3876/1583 3601/3877/1584
f 3602/3876/1583 3597/3873/1580 3601/3877/1584
f 3606/3878/1585 3607/3879/1586 3605/3880/1587
f 3607/3879/1586 3612/3881/1588 3611/3882/1589
f 3611/3882/1589 3610/3883/1590 3609/3884/1591
f 3610/3883/1590 3605/3880/1587 3609/3884/1591
f 3613/3885/1592 3616/3886/1593 3615/3887/1594
f 3616/3886/1593 3619/3888/1595 3615/3887/1594
f 3620/3889/1596 3617/3890/1597 3619/3888/1595
f 3618/3891/1598 3613/3885/1592 3617/3890/1597
f 3622/3892/1599 3623/3893/1600 3621/3894/1601
f 3623/3893/1600 3628/3895/1602 3627/3896/1603
f 3627/3896/1603 3626/3897/1604 3625/3898/1605
f 3626/3897/1604 3621/3894/1601 3625/3898/1605
f 3630/3899/1606 3631/3900/1607 3629/3901/1608
f 3631/3900/1607 3636/3902/1609 3635/3903/1610
f 3635/3903/1610 3634/3904/1611 3633/3905/1612
f 3634/3904/1611 3629/3901/1608 3633/3905/1612
f 3637/3906/1613 3640/3907/1614 3639/3908/1615
f 3639/3908/1615 3644/3909/1616 3643/3910/1617
f 3644/3909/1616 3641/3911/1618 3643/3910/1617
f 3642/3912/1619 3637/3906/1613 3641/3911/1618
f 3646/3913/1620 3647/3914/1621 3645/3915/1622
f 3647/3914/1621 3652/3916/1623 3651/3917/1624
f 3651/3917/1624 3650/3918/1625 3649/3919/1626
f 3650/3918/1625 3645/3915/1622 3649/3919/1626
f 3654/3920/1627 3655/3921/1628 3653/3922/1629
f 3655/3921/1628 3660/3923/1630 3659/3924/1631
f 3659/3924/1631 3658/3925/1632 3657/3926/1633
f 3658/3925/1632 3653/3922/1629 3657/3926/1633
f 3661/3927/1634 3664/3928/1635 3663/3929/1636
f 3664/3928/1635 3667/3930/1637 3663/3929/1636
f 3668/3931/1638 3665/3932/1639 3667/3930/1637
f 3665/3932/1639 3662/3933/1640 3661/3927/1634
f 3670/3934/1641 3671/3935/1642 3669/3936/1643
f 3671/3935/1642 3676/3937/1644 3675/3938/1645
f 3675/3938/1645 3674/3939/1646 3673/3940/1647
f 3674/3939/1646 3669/3936/1643 3673/3940/1647
f 3678/3941/1648 3679/3942/1649 3677/3943/1650
f 3679/3942/1649 3684/3944/1651 3683/3945/1652
f 3683/3945/1652 3682/3946/1653 3681/3947/1654
f 3682/3946/1653 3677/3943/1650 3681/3947/1654
f 3685/3948/1655 3688/3949/1656 3687/3950/1657
f 3688/3949/1656 3691/3951/1658 3687/3950/1657
f 3692/3952/1659 3689/3953/1660 3691/3951/1658
f 3690/3954/1661 3685/3948/1655 3689/3953/1660
f 3694/3955/1662 3695/3956/1663 3693/3957/1664
f 3695/3956/1663 3700/3958/1665 3699/3959/1666
f 3699/3959/1666 3698/3960/1667 3697/3961/1668
f 3698/3960/1667 3693/3957/1664 3697/3961/1668
f 3702/3962/1669 3703/3963/1670 3701/3964/1671
f 3703/3963/1670 3708/3965/1672 3707/3966/1673
f 3707/3966/1673 3706/3967/1674 3705/3968/1675
f 3706/3967/1674 3701/3964/1671 3705/3968/1675
f 3709/3969/1676 3712/3970/1677 3711/3971/1678
f 3712/3970/1677 3715/3972/1679 3711/3971/1678
f 3716/3973/1680 3713/3974/1681 3715/3972/1679
f 3713/3974/1681 3710/3975/1682 3709/3969/1676
f 3718/3976/1683 3719/3977/1684 3717/3978/1685
f 3719/3977/1684 3724/3979/1686 3723/3980/1687
f 3723/3980/1687 3722/3981/1688 3721/3982/1689
f 3722/3981/1688 3717/3978/1685 3721/3982/1689
f 3726/3983/1690 3727/3984/1691 3725/3985/1692
f 3727/3984/1691 3732/3986/1693 3731/3987/1694
f 3731/3987/1694 3730/3988/1695 3729/3989/1696
f 3730/3988/1695 3725/3985/1692 3729/3989/1696
f 3733/3990/1697 3736/3991/1698 3735/3992/1699
f 3735/3992/1699 3740/3993/1700 3739/3994/1701
f 3740/3993/1700 3737/3995/1702 3739/3994/1701
f 3738/3996/1703 3733/3990/1697 3737/3995/1702
f 3742/3997/1704 3743/3998/1705 3741/3999/1706
f 3743/3998/1705 3748/4000/1707 3747/4001/1708
f 3747/4001/1708 3746/4002/1709 3745/4003/1710
f 3746/4002/1709 3741/3999/1706 3745/4003/1710
f 3750/4004/1711 3751/4005/1712 3749/4006/1713
f 3751/4005/1712 3756/4007/1714 3755/4008/1715
f 3755/4008/1715 3754/4009/1716 3753/4010/1717
f 3754/4009/1716 3749/4006/1713 3753/4010/1717
f 3757/4011/1718 3760/4012/1719 3759/4013/1720
f 3760/4012/1719 3763/4014/1721 3759/4013/1720
f 3764/4015/1722 3761/4016/1723 3763/4014/1721
f 3762/4017/1724 3757/4011/1718 3761/4016/1723
f 3766/4018/1725 3767/4019/1726 3765/4020/1727
f 3767/4019/1726 3772/4021/1728 3771/4022/1729
f 3771/4022/1729 3770/4023/1730 3769/4024/1731
f 3770/4023/1730 3765/4020/1727 3769/4024/1731
f 3774/4025/1732 3775/4026/1733 3773/4027/1734
f 3775/4026/1733 3780/4028/1735 3779/4029/1736
f 3779/4029/1736 3778/4030/1737 3777/4031/1738
f 3778/4030/1737 3773/4027/1734 3777/4031/1738
f 3781/4032/1739 3784/4033/1740 3783/4034/1741
f 3784/4033/1740 3787/4035/1742 3783/4034/1741
f 3788/4036/1743 3785/4037/1744 3787/4035/1742
f 3786/4038/1745 3781/4032/1739 3785/4037/1744
f 3790/4039/1746 3791/4040/1747 3789/4041/1748
f 3791/4040/1747 3796/4042/1749 3795/4043/1750
f 3795/4043/1750 3794/4044/1751 3793/4045/1752
f 3794/4044/1751 3789/4041/1748 3793/4045/1752
f 3798/4046/1753 3799/4047/1754 3797/4048/1755
f 3799/4047/1754 3804/4049/1756 3803/4050/1757
f 3803/4050/1757 3802/4051/1758 3801/4052/1759
f 3802/4051/1758 3797/4048/1755 3801/4052/1759
f 3805/4053/1760 3808/4054/1761 3807/4055/1762
f 3808/4054/1761 3811/4056/1763 3807/4055/1762
f 3812/4057/1764 3809/4058/1765 3811/4056/1763
f 3810/4059/1766 3805/4053/1760 3809/4058/1765
f 3814/4060/1767 3815/4061/1768 3813/4062/1769
f 3815/4061/1768 3820/4063/1770 3819/4064/1771
f 3819/4064/1771 3818/4065/1772 3817/4066/1773
f 3818/4065/1772 3813/4062/1769 3817/4066/1773
f 3822/4067/1774 3823/4068/1775 3821/4069/1776
f 3823/4068/1775 3828/4070/1777 3827/4071/1778
f 3827/4071/1778 3826/4072/1779 3825/4073/1780
f 3826/4072/1779 3821/4069/1776 3825/4073/1780
f 3829/4074/1781 3832/4075/1782 3831/4076/1783
f 3832/4075/1782 3835/4077/1784 3831/4076/1783
f 3836/4078/1785 3833/4079/1786 3835/4077/1784
f 3833/4079/1786 3830/4080/1787 3829/4074/1781
f 3838/4081/1788 3839/4082/1789 3837/4083/1790
f 3839/4082/1789 3844/4084/1791 3843/4085/1792
f 3843/4085/1792 3842/4086/1793 3841/4087/1794
f 3842/4086/1793 3837/4083/1790 3841/4087/1794
f 3846/4088/1795 3847/4089/1796 3845/4090/1797
f 3847/4089/1796 3852/4091/1798 3851/4092/1799
f 3851/4092/1799 3850/4093/1800 3849/4094/1801
f 3850/4093/1800 3845/4090/1797 3849/4094/1801
f 3853/4095/1802 3856/4096/1803 3855/4097/1804
f 3855/4097/1804 3860/4098/1805 3859/4099/1806
f 3860/4098/1805 3857/4100/1807 3859/4099/1806
f 3857/4100/1807 3854/4101/1808 3853/4095/1802
f 3862/4102/1809 3863/4103/1810 3861/4104/1811
f 3863/4103/1810 3868/4105/1812 3867/4106/1813
f 3867/4106/1813 3866/4107/1814 3865/4108/1815
f 3866/4107/1814 3861/4104/1811 3865/4108/1815
f 3870/4109/1816 3871/4110/1817 3869/4111/1818
f 3871/4110/1817 3876/4112/1819 3875/4113/1820
f 3875/4113/1820 3874/4114/1821 3873/4115/1822
f 3874/4114/1821 3869/4111/1818 3873/4115/1822
f 3877/4116/1823 3880/4117/1824 3879/4118/1825
f 3879/4118/1825 3884/4119/1826 3883/4120/1827
f 3884/4119/1826 3881/4121/1828 3883/4120/1827
f 3882/4122/1829 3877/4116/1823 3881/4121/1828
f 3886/4123/1830 3887/4124/1831 3885/4125/1832
f 3887/4124/1831 3892/4126/1833 3891/4127/1834
f 3891/4127/1834 3890/4128/1835 3889/4129/1836
f 3890/4128/1835 3885/4125/1832 3889/4129/1836
f 3894/4130/1837 3895/4131/1838 3893/4132/1839
f 3895/4131/1838 3900/4133/1840 3899/4134/1841
f 3899/4134/1841 3898/4135/1842 3897/4136/1843
f 3898/4135/1842 3893/4132/1839 3897/4136/1843
f 3902/4137/1844 3903/4138/1845 3901/4139/1846
f 3903/4138/1845 3908/4140/1847 3907/4141/1848
f 3907/4141/1848 3906/4142/1849 3905/4143/1850
f 3906/4142/1849 3901/4139/1846 3905/4143/1850
f 3909/4144/1851 3912/4145/1852 3911/4146/1853
f 3912/4145/1852 3915/4147/1854 3911/4146/1853
f 3916/4148/1855 3913/4149/1856 3915/4147/1854
f 3913/4149/1856 3910/4150/1857 3909/4144/1851
f 3917/4151/1858 3920/4152/1859 3919/4153/1860
f 3920/4152/1859 3923/4154/1861 3919/4153/1860
f 3924/4155/1862 3921/4156/1863 3923/4154/1861
f 3921/4156/1863 3918/4157/1864 3917/4151/1858
f 3926/4158/1865 3927/4159/1866 3925/4160/1867
f 3928/4161/1868 3931/4162/1869 3927/4159/1866
f 3931/4162/1869 3930/4163/1870 3929/4164/1871
f 3929/4164/1871 3926/4158/1865 3925/4160/1867
f 3933/4165/1872 3936/4166/1873 3935/4167/1874
f 3936/4166/1873 3939/4168/1875 3935/4167/1874
f 3940/4169/1876 3937/4170/1877 3939/4168/1875
f 3937/4170/1877 3934/4171/1878 3933/4165/1872
f 3941/4172/1879 3944/4173/1880 3943/4174/1881
f 3944/4173/1880 3947/4175/1882 3943/4174/1881
f 3948/4176/1883 3945/4177/1884 3947/4175/1882
f 3945/4177/1884 3942/4178/1885 3941/4172/1879
f 3950/4179/1886 3951/4180/1887 3949/4181/1888
f 3951/4180/1887 3956/4182/1889 3955/4183/1890
f 3955/4183/1890 3954/4184/1891 3953/4185/1892
f 3954/4184/1891 3949/4181/1888 3953/4185/1892
f 3957/4186/1893 3960/4187/1894 3959/4188/1895
f 3960/4187/1894 3963/4189/1896 3959/4188/1895
f 3964/4190/1897 3961/4191/1898 3963/4189/1896
f 3961/4191/1898 3958/4192/1899 3957/4186/1893
f 3965/4193/1900 3968/4194/1901 3967/4195/1902
f 3968/4194/1901 3971/4196/1903 3967/4195/1902
f 3972/4197/1904 3969/4198/1905 3971/4196/1903
f 3969/4198/1905 3966/4199/1906 3965/4193/1900
f 3974/4200/1907 3975/4201/1908 3973/4202/1909
f 3975/4201/1908 3980/4203/1910 3979/4204/1911
f 3979/4204/1911 3978/4205/1912 3977/4206/1913
f 3978/4205/1912 3973/4202/1909 3977/4206/1913
f 3981/4207/1914 3984/4208/1915 3983/4209/1916
f 3984/4208/1915 3987/4210/1917 3983/4209/1916
f 3988/4211/1918 3985/4212/1919 3987/4210/1917
f 3985/4212/1919 3982/4213/1920 3981/4207/1914
f 3989/4214/1921 3992/4215/1922 3991/4216/1923
f 3991/4216/1923 3996/4217/1924 3995/4218/1925
f 3996/4217/1924 3993/4219/1926 3995/4218/1925
f 3994/4220/1927 3989/4214/1921 3993/4219/1926
f 3997/4221/1928 4000/4222/1929 3999/4223/1930
f 4000/4222/1929 4003/4224/1931 3999/4223/1930
f 4004/4225/1932 4001/4226/1933 4003/4224/1931
f 4001/4226/1933 3998/4227/1934 3997/4221/1928
f 4006/4228/1935 4007/4229/1936 4005/4230/1937
f 4007/4229/1936 4012/4231/1938 4011/4232/1939
f 4011/4232/1939 4010/4233/1940 4009/4234/1941
f 4010/4233/1940 4005/4230/1937 4009/4234/1941
f 4014/4235/1942 4015/4236/1943 4013/4237/1944
f 4015/4236/1943 4020/4238/1945 4019/4239/1946
f 4019/4239/1946 4018/4240/1947 4017/4241/1948
f 4018/4240/1947 4013/4237/1944 4017/4241/1948
f 4021/4242/1949 4024/4243/1950 4023/4244/1951
f 4023/4244/1951 4028/4245/1952 4027/4246/1953
f 4028/4245/1952 4025/4247/1954 4027/4246/1953
f 4025/4247/1954 4022/4248/1955 4021/4242/1949
f 4030/4249/1956 4031/4250/1957 4029/4251/1958
f 4031/4250/1957 4036/4252/1959 4035/4253/1960
f 4035/4253/1960 4034/4254/1961 4033/4255/1962
f 4034/4254/1961 4029/4251/1958 4033/4255/1962
f 4038/4256/1963 4039/4257/1964 4037/4258/1965
f 4039/4257/1964 4044/4259/1966 4043/4260/1967
f 4043/4260/1967 4042/4261/1968 4041/4262/1969
f 4042/4261/1968 4037/4258/1965 4041/4262/1969
f 4045/4263/1970 4048/4264/1971 4047/4265/1972
f 4048/4264/1971 4051/4266/1973 4047/4265/1972
f 4052/4267/1974 4049/4268/1975 4051/4266/1973
f 4050/4269/1976 4045/4263/1970 4049/4268/1975
f 4054/4270/1977 4055/4271/1978 4053/4272/1979
f 4055/4271/1978 4060/4273/1980 4059/4274/1981
f 4059/4274/1981 4058/4275/1982 4057/4276/1983
f 4058/4275/1982 4053/4272/1979 4057/4276/1983
f 4062/4277/1984 4063/4278/1985 4061/4279/1986
f 4063/4278/1985 4068/4280/1987 4067/4281/1988
f 4067/4281/1988 4066/4282/1989 4065/4283/1990
f 4066/4282/1989 4061/4279/1986 4065/4283/1990
f 4069/4284/1991 4072/4285/1992 4071/4286/1993
f 4072/4285/1992 4075/4287/1994 4071/4286/1993
f 4076/4288/1995 4073/4289/1996 4075/4287/1994
f 4074/4290/1997 4069/4284/1991 4073/4289/1996
f 4077/4291/1998 4080/4292/1999 4079/4293/2000
f 4080/4292/1999 4083/4294/2001 4079/4293/2000
f 4084/4295/2002 4081/4296/2003 4083/4294/2001
f 4081/4296/2003 4078/4297/2004 4077/4291/1998
f 4085/4298/2005 4088/4299/2006 4087/4300/2007
f 4088/4299/2006 4091/4301/2008 4087/4300/2007
f 4092/4302/2009 4089/4303/2010 4091/4301/2008
f 4089/4303/2010 4086/4304/2011 4085/4298/2005
f 4094/4305/2012 4095/4306/2013 4093/4307/2014
f 4096/4308/2015 4099/4309/2016 4095/4306/2013
f 4099/4309/2016 4098/4310/2017 4097/4311/2018
f 4098/4310/2017 4093/4307/2014 4097/4311/2018
f 4101/4312/2019 4104/4313/2020 4103/4314/2021
f 4104/4313/2020 4107/4315/2022 4103/4314/2021
f 4108/4316/2023 4105/4317/2024 4107/4315/2022
f 4105/4317/2024 4102/4318/2025 4101/4312/2019
f 4109/4319/2026 4112/4320/2027 4111/4321/2028
f 4112/4320/2027 4115/4322/2029 4111/4321/2028
f 4116/4323/2030 4113/4324/2031 4115/4322/2029
f 4113/4324/2031 4110/4325/2032 4109/4319/2026
f 4118/4326/2033 4119/4327/2034 4117/4328/2035
f 4120/4329/2036 4123/4330/2037 4119/4327/2034
f 4123/4330/2037 4122/4331/2038 4121/4332/2039
f 4121/4332/2039 4118/4326/2033 4117/4328/2035
f 4125/4333/2040 4128/4334/2041 4127/4335/2042
f 4128/4334/2041 4131/4336/2043 4127/4335/2042
f 4132/4337/2044 4129/4338/2045 4131/4336/2043
f 4129/4338/2045 4126/4339/2046 4125/4333/2040
f 4133/4340/2047 4136/4341/2048 4135/4342/2049
f 4136/4341/2048 4139/4343/2050 4135/4342/2049
f 4140/4344/2051 4137/4345/2052 4139/4343/2050
f 4137/4345/2052 4134/4346/2053 4133/4340/2047
f 4142/4347/2054 4143/4348/2055 4141/4349/2056
f 4144/4350/2057 4147/4351/2058 4143/4348/2055
f 4147/4351/2058 4146/4352/2059 4145/4353/2060
f 4146/4352/2059 4141/4349/2056 4145/4353/2060
f 4149/4354/2061 4152/4355/2062 4151/4356/2063
f 4152/4355/2062 4155/4357/2064 4151/4356/2063
f 4156/4358/2065 4153/4359/2066 4155/4357/2064
f 4153/4359/2066 4150/4360/2067 4149/4354/2061
f 4157/4361/2068 4160/4362/2069 4159/4363/2070
f 4160/4362/2069 4163/4364/2071 4159/4363/2070
f 4164/4365/2072 4161/4366/2073 4163/4364/2071
f 4161/4366/2073 4158/4367/2074 4157/4361/2068
f 4166/4368/2075 4167/4369/2076 4165/4370/2077
f 4168/4371/2078 4171/4372/2079 4167/4369/2076
f 4171/4372/2079 4170/4373/2080 4169/4374/2081
f 4170/4373/2080 4165/4370/2077 4169/4374/2081
f 4173/4375/2082 4176/4376/2083 4175/4377/2084
f 4176/4376/2083 4179/4378/2085 4175/4377/2084
f 4180/4379/2086 4177/4380/2087 4179/4378/2085
f 4177/4380/2087 4174/4381/2088 4173/4375/2082
f 4181/4382/2089 4184/4383/2090 4183/4384/2091
f 4184/4383/2090 4187/4385/2092 4183/4384/2091
f 4188/4386/2093 4185/4387/2094 4187/4385/2092
f 4185/4387/2094 4182/4388/2095 4181/4382/2089
f 4190/4389/2096 4191/4390/2097 4189/4391/2098
f 4192/4392/2099 4195/4393/2100 4191/4390/2097
f 4195/4393/2100 4194/4394/2101 4193/4395/2102
f 4193/4395/2102 4190/4389/2096 4189/4391/2098
f 4197/4396/2103 4200/4397/2104 4199/4398/2105
f 4200/4397/2104 4203/4399/2106 4199/4398/2105
f 4204/4400/2107 4201/4401/2108 4203/4399/2106
f 4201/4401/2108 4198/4402/2109 4197/4396/2103
f 4205/4403/2110 4208/4404/2111 4207/4405/2112
f 4208/4404/2111 4211/4406/2113 4207/4405/2112
f 4212/4407/2114 4209/4408/2115 4211/4406/2113
f 4209/4408/2115 4206/4409/2116 4205/4403/2110
f 4214/4410/2117 4215/4411/2118 4213/4412/2119
f 4216/4413/2120 4219/4414/2121 4215/4411/2118
f 4219/4414/2121 4218/4415/2122 4217/4416/2123
f 4218/4415/2122 4213/4412/2119 4217/4416/2123
f 4221/4417/2124 4224/4418/2125 4223/4419/2126
f 4224/4418/2125 4227/4420/2127 4223/4419/2126
f 4228/4421/2128 4225/4422/2129 4227/4420/2127
f 4225/4422/2129 4222/4423/2130 4221/4417/2124
f 4229/4424/2131 4232/4425/2132 4231/4426/2133
f 4232/4425/2132 4235/4427/2134 4231/4426/2133
f 4236/4428/2135 4233/4429/2136 4235/4427/2134
f 4233/4429/2136 4230/4430/2137 4229/4424/2131
f 4238/4431/2138 4239/4432/2139 4237/4433/2140
f 4240/4434/2141 4243/4435/2142 4239/4432/2139
f 4243/4435/2142 4242/4436/2143 4241/4437/2144
f 4242/4436/2143 4237/4433/2140 4241/4437/2144
f 4245/4438/2145 4248/4439/2146 4247/4440/2147
f 4248/4439/2146 4251/4441/2148 4247/4440/2147
f 4252/4442/2149 4249/4443/2150 4251/4441/2148
f 4249/4443/2150 4246/4444/2151 4245/4438/2145
f 4253/4445/2152 4256/4446/2153 4255/4447/2154
f 4256/4446/2153 4259/4448/2155 4255/4447/2154
f 4260/4449/2156 4257/4450/2157 4259/4448/2155
f 4257/4450/2157 4254/4451/2158 4253/4445/2152
f 4262/4452/2159 4263/4453/2160 4261/4454/2161
f 4264/4455/2162 4267/4456/2163 4263/4453/2160
f 4267/4456/2163 4266/4457/2164 4265/4458/2165
f 4265/4458/2165 4262/4452/2159 4261/4454/2161
f 4269/4459/2166 4272/4460/2167 4271/4461/2168
f 4272/4460/2167 4275/4462/2169 4271/4461/2168
f 4276/4463/2170 4273/4464/2171 4275/4462/2169
f 4273/4464/2171 4270/4465/2172 4269/4459/2166
f 4277/4466/2173 4280/4467/2174 4279/4468/2175
f 4280/4467/2174 4283/4469/2176 4279/4468/2175
f 4284/4470/2177 4281/4471/2178 4283/4469/2176
f 4281/4471/2178 4278/4472/2179 4277/4466/2173
f 4286/4473/2180 4287/4474/2181 4285/4475/2182
f 4287/4474/2181 4292/4476/2183 4291/4477/2184
f 4291/4477/2184 4290/4478/2185 4289/4479/2186
f 4290/4478/2185 4285/4475/2182 4289/4479/2186
f 4293/4480/2187 4296/4481/2188 4295/4482/2189
f 4296/4481/2188 4299/4483/2190 4295/4482/2189
f 4300/4484/2191 4297/4485/2192 4299/4483/2190
f 4297/4485/2192 4294/4486/2193 4293/4480/2187
f 4301/4487/2194 4304/4488/2195 4303/4489/2196
f 4304/4488/2195 4307/4490/2197 4303/4489/2196
f 4308/4491/2198 4305/4492/2199 4307/4490/2197
f 4305/4492/2199 4302/4493/2200 4301/4487/2194
f 4310/4494/2201 4311/4495/2202 4309/4496/2203
f 4312/4497/2204 4315/4498/2205 4311/4495/2202
f 4315/4498/2205 4314/4499/2206 4313/4500/2207
f 4314/4499/2206 4309/4496/2203 4313/4500/2207
f 4317/4501/2208 4320/4502/2209 4319/4503/2210
f 4320/4502/2209 4323/4504/2211 4319/4503/2210
f 4324/4505/2212 4321/4506/2213 4323/4504/2211
f 4321/4506/2213 4318/4507/2214 4317/4501/2208
f 4325/4508/2215 4328/4509/2216 4327/4510/2217
f 4328/4509/2216 4331/4511/2218 4327/4510/2217
f 4332/4512/2219 4329/4513/2220 4331/4511/2218
f 4329/4513/2220 4326/4514/2221 4325/4508/2215
f 4334/4515/2222 4335/4516/2223 4333/4517/2224
f 4335/4516/2223 4340/4518/2225 4339/4519/2226
f 4339/4519/2226 4338/4520/2227 4337/4521/2228
f 4337/4521/2228 4334/4515/2222 4333/4517/2224
f 4341/4522/2229 4344/4523/2230 4343/4524/2231
f 4344/4523/2230 4347/4525/2232 4343/4524/2231
f 4348/4526/2233 4345/4527/2234 4347/4525/2232
f 4345/4527/2234 4342/4528/2235 4341/4522/2229
f 4349/4529/2236 4352/4530/2237 4351/4531/2238
f 4352/4530/2237 4355/4532/2239 4351/4531/2238
f 4356/4533/2240 4353/4534/2241 4355/4532/2239
f 4353/4534/2241 4350/4535/2242 4349/4529/2236
f 4358/4536/2243 4359/4537/2244 4357/4538/2245
f 4360/4539/2246 4363/4540/2247 4359/4537/2244
f 4363/4540/2247 4362/4541/2248 4361/4542/2249
f 4361/4542/2249 4358/4536/2243 4357/4538/2245
f 4365/4543/2250 4368/4544/2251 4367/4545/2252
f 4368/4544/2251 4371/4546/2253 4367/4545/2252
f 4372/4547/2254 4369/4548/2255 4371/4546/2253
f 4369/4548/2255 4366/4549/2256 4365/4543/2250
f 4373/4550/2257 4376/4551/2258 4375/4552/2259
f 4376/4551/2258 4379/4553/2260 4375/4552/2259
f 4380/4554/2261 4377/4555/2262 4379/4553/2260
f 4377/4555/2262 4374/4556/2263 4373/4550/2257
f 4382/4557/2264 4383/4558/2265 4381/4559/2266
f 4384/4560/2267 4387/4561/2268 4383/4558/2265
f 4387/4561/2268 4386/4562/2269 4385/4563/2270
f 4386/4562/2269 4381/4559/2266 4385/4563/2270
f 4389/4564/2271 4392/4565/2272 4391/4566/2273
f 4392/4565/2272 4395/4567/2274 4391/4566/2273
f 4396/4568/2275 4393/4569/2276 4395/4567/2274
f 4393/4569/2276 4390/4570/2277 4389/4564/2271
f 4397/4571/2278 4400/4572/2279 4399/4573/2280
f 4400/4572/2279 4403/4574/2281 4399/4573/2280
f 4404/4575/2282 4401/4576/2283 4403/4574/2281
f 4401/4576/2283 4398/4577/2284 4397/4571/2278
f 4406/4578/2285 4407/4579/2286 4405/4580/2287
f 4407/4579/2286 4412/4581/2288 4411/4582/2289
f 4411/4582/2289 4410/4583/2290 4409/4584/2291
f 4410/4583/2290 4405/4580/2287 4409/4584/2291
f 4413/4585/2292 4416/4586/2293 4415/4587/2294
f 4416/4586/2293 4419/4588/2295 4415/4587/2294
f 4420/4589/2296 4417/4590/2297 4419/4588/2295
f 4417/4590/2297 4414/4591/2298 4413/4585/2292
f 4421/4592/2299 4424/4593/2300 4423/4594/2301
f 4424/4593/2300 4427/4595/2302 4423/4594/2301
f 4428/4596/2303 4425/4597/2304 4427/4595/2302
f 4425/4597/2304 4422/4598/2305 4421/4592/2299
f 4430/4599/2306 4431/4600/2307 4429/4601/2308
f 4431/4600/2307 4436/4602/2309 4435/4603/2310
f 4435/4603/2310 4434/4604/2311 4433/4605/2312
f 4434/4604/2311 4429/4601/2308 4433/4605/2312
f 4437/4606/2313 4440/4607/2314 4439/4608/2315
f 4440/4607/2314 4443/4609/2316 4439/4608/2315
f 4444/4610/2317 4441/4611/2318 4443/4609/2316
f 4441/4611/2318 4438/4612/2319 4437/4606/2313
f 4445/4613/2320 4448/4614/2321 4447/4615/2322
f 4448/4614/2321 4451/4616/2323 4447/4615/2322
f 4452/4617/2324 4449/4618/2325 4451/4616/2323
f 4449/4618/2325 4446/4619/2326 4445/4613/2320
f 4454/4620/2327 4455/4621/2328 4453/4622/2329
f 4455/4621/2328 4460/4623/2330 4459/4624/2331
f 4459/4624/2331 4458/4625/2332 4457/4626/2333
f 4458/4625/2332 4453/4622/2329 4457/4626/2333
f 4462/4627/2334 4463/4628/2335 4461/4629/2336
f 4464/4630/2337 4467/4631/2338 4463/4628/2335
f 4467/4631/2338 4466/4632/2339 4465/4633/2340
f 4465/4633/2340 4462/4627/2334 4461/4629/2336
f 4470/4634/2341 4471/4635/2342 4469/4636/2343
f 4472/4637/2344 4475/4638/2345 4471/4635/2342
f 4475/4638/2345 4474/4639/2346 4473/4640/2347
f 4473/4640/2347 4470/4634/2341 4469/4636/2343
f 4477/4641/2348 4480/4642/2349 4479/4643/2350
f 4480/4642/2349 4483/4644/2351 4479/4643/2350
f 4484/4645/2352 4481/4646/2353 4483/4644/2351
f 4482/4647/2354 4477/4641/2348 4481/4646/2353
f 4486/4648/2355 4487/4649/2356 4485/4650/2357
f 4487/4649/2356 4492/4651/2358 4491/4652/2359
f 4491/4652/2359 4490/4653/2360 4489/4654/2361
f 4490/4653/2360 4485/4650/2357 4489/4654/2361
f 4494/4655/2362 4495/4656/2363 4493/4657/2364
f 4495/4656/2363 4500/4658/2365 4499/4659/2366
f 4499/4659/2366 4498/4660/2367 4497/4661/2368
f 4498/4660/2367 4493/4657/2364 4497/4661/2368
f 4501/4662/2369 4504/4663/2370 4503/4664/2371
f 4504/4663/2370 4507/4665/2372 4503/4664/2371
f 4508/4666/2373 4505/4667/2374 4507/4665/2372
f 4505/4667/2374 4502/4668/2375 4501/4662/2369
f 4510/4669/2376 4511/4670/2377 4509/4671/2378
f 4511/4670/2377 4516/4672/2379 4515/4673/2380
f 4515/4673/2380 4514/4674/2381 4513/4675/2382
f 4514/4674/2381 4509/4671/2378 4513/4675/2382
f 4518/4676/2383 4519/4677/2384 4517/4678/2385
f 4519/4677/2384 4524/4679/2386 4523/4680/2387
f 4523/4680/2387 4522/4681/2388 4521/4682/2389
f 4522/4681/2388 4517/4678/2385 4521/4682/2389
f 4525/4683/2390 4528/4684/2391 4527/4685/2392
f 4528/4684/2391 4531/4686/2393 4527/4685/2392
f 4532/4687/2394 4529/4688/2395 4531/4686/2393
f 4529/4688/2395 4526/4689/2396 4525/4683/2390
f 4534/4690/2397 4535/4691/2398 4533/4692/2399
f 4535/4691/2398 4540/4693/2400 4539/4694/2401
f 4539/4694/2401 4538/4695/2402 4537/4696/2403
f 4538/4695/2402 4533/4692/2399 4537/4696/2403
f 4541/4697/2404 4544/4698/2405 4543/4699/2406
f 4543/4699/2406 4548/4700/2407 4547/4701/2408
f 4548/4700/2407 4545/4702/2409 4547/4701/2408
f 4546/4703/2410 4541/4697/2404 4545/4702/2409
f 4550/4704/2411 4551/4705/2412 4549/4706/2413
f 4551/4705/2412 4556/4707/2414 4555/4708/2415
f 4555/4708/2415 4554/4709/2416 4553/4710/2417
f 4554/4709/2416 4549/4706/2413 4553/4710/2417
f 4557/4711/2418 4560/4712/2419 4559/4713/2420
f 4559/4713/2420 4564/4714/2421 4563/4715/2422
f 4564/4714/2421 4561/4716/2423 4563/4715/2422
f 4562/4717/2424 4557/4711/2418 4561/4716/2423
f 4565/4718/2425 4568/4719/2426 4567/4720/2427
f 4567/4720/2427 4572/4721/2428 4571/4722/2429
f 4572/4721/2428 4569/4723/2430 4571/4722/2429
f 4570/4724/2431 4565/4718/2425 4569/4723/2430
f 4574/4725/2432 4575/4726/2433 4573/4727/2434
f 4576/4728/2435 4579/4729/2436 4575/4726/2433
f 4579/4729/2436 4578/4730/2437 4577/4731/2438
f 4578/4730/2437 4573/4727/2434 4577/4731/2438
f 4581/4732/2439 4584/4733/2440 4583/4734/2441
f 4584/4733/2440 4587/4735/2442 4583/4734/2441
f 4588/4736/2443 4585/4737/2444 4587/4735/2442
f 4585/4737/2444 4582/4738/2445 4581/4732/2439
f 4589/4739/2446 4592/4740/2447 4591/4741/2448
f 4592/4740/2447 4595/4742/2449 4591/4741/2448
f 4596/4743/2450 4593/4744/2451 4595/4742/2449
f 4593/4744/2451 4590/4745/2452 4589/4739/2446
f 4598/4746/2453 4599/4747/2454 4597/4748/2455
f 4600/4749/2456 4603/4750/2457 4599/4747/2454
f 4603/4750/2457 4602/4751/2458 4601/4752/2459
f 4601/4752/2459 4598/4746/2453 4597/4748/2455
f 4605/4753/2460 4608/4754/2461 4607/4755/2462
f 4608/4754/2461 4611/4756/2463 4607/4755/2462
f 4612/4757/2464 4609/4758/2465 4611/4756/2463
f 4609/4758/2465 4606/4759/2466 4605/4753/2460
f 4613/4760/2467 4616/4761/2468 4615/4762/2469
f 4616/4761/2468 4619/4763/2470 4615/4762/2469
f 4620/4764/2471 4617/4765/2472 4619/4763/2470
f 4617/4765/2472 4614/4766/2473 4613/4760/2467
f 4621/4767/2474 4624/4768/2475 4623/4769/2476
f 4623/4769/2476 4628/4770/2477 4627/4771/2478
f 4628/4770/2477 4625/4772/2479 4627/4771/2478
f 4626/4773/2480 4621/4767/2474 4625/4772/2479
f 4629/4774/2481 4632/4775/2482 4631/4776/2483
f 4631/4776/2483 4636/4777/2484 4635/4778/2485
f 4636/4777/2484 4633/4779/2486 4635/4778/2485
f 4634/4780/2487 4629/4774/2481 4633/4779/2486
f 4637/4781/2488 4640/4782/2489 4639/4783/2490
f 4639/4783/2490 4644/4784/2491 4643/4785/2492
f 4644/4784/2491 4641/4786/2493 4643/4785/2492
f 4642/4787/2494 4637/4781/2488 4641/4786/2493
f 4654/4788/2495 4655/4789/1296 4656/4790/2496
f 4658/4791/2497 4655/4789/1296 4657/4792/1262
f 4660/4793/2498 4657/4792/1262 4659/4794/1297
f 4660/4793/2498 4661/4795/1261 4662/4796/2499
f 4664/4797/2500 4661/4798/1261 4663/4799/1298
f 4664/4797/2500 4665/4800/1260 4666/4801/2501
f 4668/4802/2502 4665/4800/1260 4667/4803/1299
f 4654/4788/2495 4667/4803/1299 4653/4804/1295
f 4665/4805/1260 4661/4806/1261 4657/4807/1262
f 4654/4788/2495 4646/4808/1177 4645/4809/1176
f 4652/4810/1178 4654/4788/2495 4645/4809/1176
f 4656/4790/2496 4647/4811/1067 4646/4808/1177
f 4647/4811/1067 4660/4793/2498 4648/4812/1179
f 4648/4812/1179 4662/4796/2499 4649/4813/1180
f 4649/4814/1180 4664/4797/2500 4650/4815/1181
f 4650/4815/1181 4666/4801/2501 4651/4816/1071
f 4666/4801/2501 4652/4810/1178 4651/4816/1071
f 4680/4817/2496 4677/4818/1295 4679/4819/1296
f 4682/4820/2503 4679/4819/1296 4681/4821/1262
f 4682/4820/2503 4683/4822/1297 4684/4823/2498
f 4684/4823/2498 4685/4824/1261 4686/4825/2499
f 4688/4826/2500 4685/4827/1261 4687/4828/1298
f 4690/4829/2504 4687/4828/1298 4689/4830/1260
f 4690/4829/2504 4691/4831/1299 4692/4832/2502
f 4692/4832/2502 4677/4818/1295 4678/4833/2505
f 4689/4834/1260 4685/4835/1261 4681/4836/1262
f 4678/4833/2505 4670/4837/1177 4669/4838/1176
f 4692/4832/2502 4669/4838/1176 4676/4839/1178
f 4680/4817/2496 4671/4840/1067 4670/4837/1177
f 4682/4820/2503 4672/4841/1179 4671/4840/1067
f 4684/4823/2498 4673/4842/1180 4672/4841/1179
f 4673/4843/1180 4688/4826/2500 4674/4844/1181
f 4674/4844/1181 4690/4829/2504 4675/4845/1071
f 4675/4845/1071 4692/4832/2502 4676/4839/1178
f 4704/4846/2496 4701/4847/1295 4703/4848/1296
f 4706/4849/2503 4703/4848/1296 4705/4850/1262
f 4706/4849/2503 4707/4851/1297 4708/4852/2498
f 4708/4852/2498 4709/4853/1261 4710/4854/2499
f 4712/4855/2500 4709/4856/1261 4711/4857/1298
f 4714/4858/2504 4711/4857/1298 4713/4859/1260
f 4714/4858/2504 4715/4860/1299 4716/4861/2502
f 4716/4861/2502 4701/4847/1295 4702/4862/2505
f 4713/4863/1260 4709/4864/1261 4705/4865/1262
f 4693/4866/1176 4704/4846/2496 4694/4867/1177
f 4716/4861/2502 4693/4866/1176 4700/4868/1178
f 4704/4846/2496 4695/4869/1067 4694/4867/1177
f 4706/4849/2503 4696/4870/1179 4695/4869/1067
f 4708/4852/2498 4697/4871/1180 4696/4870/1179
f 4697/4872/1180 4712/4855/2500 4698/4873/1181
f 4698/4873/1181 4714/4858/2504 4699/4874/1071
f 4699/4874/1071 4716/4861/2502 4700/4868/1178
f 4726/4875/2495 4727/4876/1296 4728/4877/2506
f 4728/4877/2506 4729/4878/1262 4730/4879/2497
f 4730/4879/2497 4731/4880/1297 4732/4881/2498
f 4732/4881/2498 4733/4882/1261 4734/4883/2499
f 4736/4884/2500 4733/4885/1261 4735/4886/1298
f 4738/4887/2504 4735/4886/1298 4737/4888/1260
f 4738/4887/2504 4739/4889/1299 4740/4890/2502
f 4740/4890/2502 4725/4891/1295 4726/4875/2495
f 4737/4892/1260 4733/4893/1261 4729/4894/1262
f 4726/4875/2495 4718/4895/1177 4717/4896/1176
f 4724/4897/1178 4726/4875/2495 4717/4896/1176
f 4728/4877/2506 4719/4898/1067 4718/4895/1177
f 4730/4879/2497 4720/4899/1179 4719/4898/1067
f 4732/4881/2498 4721/4900/1180 4720/4899/1179
f 4721/4901/1180 4736/4884/2500 4722/4902/1181
f 4722/4902/1181 4738/4887/2504 4723/4903/1071
f 4723/4903/1071 4740/4890/2502 4724/4897/1178
f 4752/4904/2496 4749/4905/1295 4751/4906/1296
f 4754/4907/2503 4751/4906/1296 4753/4908/1262
f 4754/4907/2503 4755/4909/1297 4756/4910/2498
f 4758/4911/2499 4755/4909/1297 4757/4912/1261
f 4760/4913/2500 4757/4914/1261 4759/4915/1298
f 4762/4916/2504 4759/4915/1298 4761/4917/1260
f 4762/4916/2504 4763/4918/1299 4764/4919/2502
f 4764/4919/2502 4749/4905/1295 4750/4920/2495
f 4761/4921/1260 4757/4922/1261 4753/4923/1262
f 4750/4920/2495 4742/4924/1177 4741/4925/1176
f 4748/4926/1178 4750/4920/2495 4741/4925/1176
f 4752/4904/2496 4743/4927/1067 4742/4924/1177
f 4743/4927/1067 4756/4910/2498 4744/4928/1179
f 4744/4928/1179 4758/4911/2499 4745/4929/1180
f 4758/4930/2499 4746/4931/1181 4745/4932/1180
f 4746/4931/1181 4762/4916/2504 4747/4933/1071
f 4747/4933/1071 4764/4919/2502 4748/4926/1178
f 4776/4934/2496 4773/4935/1295 4775/4936/1296
f 4778/4937/2503 4775/4936/1296 4777/4938/1262
f 4778/4937/2503 4779/4939/1297 4780/4940/2498
f 4780/4940/2498 4781/4941/1261 4782/4942/2499
f 4784/4943/2500 4781/4944/1261 4783/4945/1298
f 4786/4946/2504 4783/4945/1298 4785/4947/1260
f 4786/4946/2504 4787/4948/1299 4788/4949/2502
f 4788/4949/2502 4773/4935/1295 4774/4950/2505
f 4785/4951/1260 4781/4952/1261 4777/4953/1262
f 4774/4950/2505 4766/4954/1177 4765/4955/1176
f 4772/4956/1178 4774/4950/2505 4765/4955/1176
f 4776/4934/2496 4767/4957/1067 4766/4954/1177
f 4767/4957/1067 4780/4940/2498 4768/4958/1179
f 4768/4958/1179 4782/4942/2499 4769/4959/1180
f 4782/4960/2499 4770/4961/1181 4769/4962/1180
f 4784/4943/2500 4771/4963/1071 4770/4961/1181
f 4771/4963/1071 4788/4949/2502 4772/4956/1178
f 4800/4964/2496 4797/4965/1295 4799/4966/1296
f 4802/4967/2503 4799/4966/1296 4801/4968/1262
f 4802/4967/2503 4803/4969/1297 4804/4970/2498
f 4806/4971/2499 4803/4969/1297 4805/4972/1261
f 4808/4973/2500 4805/4974/1261 4807/4975/1298
f 4808/4973/2500 4809/4976/1260 4810/4977/2504
f 4810/4977/2504 4811/4978/1299 4812/4979/2502
f 4812/4979/2502 4797/4965/1295 4798/4980/2505
f 4809/4981/1260 4805/4982/1261 4801/4983/1262
f 4798/4980/2505 4790/4984/1177 4789/4985/1176
f 4796/4986/1178 4798/4980/2505 4789/4985/1176
f 4800/4964/2496 4791/4987/1067 4790/4984/1177
f 4802/4967/2503 4792/4988/1179 4791/4987/1067
f 4804/4970/2498 4793/4989/1180 4792/4988/1179
f 4806/4990/2499 4794/4991/1181 4793/4992/1180
f 4808/4973/2500 4795/4993/1071 4794/4991/1181
f 4795/4993/1071 4812/4979/2502 4796/4986/1178
f 4814/4994/2507 4815/4995/2508 4813/4996/2507
f 4816/4997/2508 4819/4998/2509 4815/4995/2508
f 4820/4999/2510 4817/5000/2511 4819/4998/2509
f 4818/5001/2512 4813/4996/2507 4817/5002/2511
f 4822/5003/2513 4823/5004/2514 4821/5005/2513
f 4824/5006/2514 4827/5007/2515 4823/5004/2514
f 4828/5008/2515 4825/5009/2516 4827/5007/2515
f 4826/5010/2516 4821/5005/2513 4825/5011/2516
f 4830/5012/2517 4831/5013/2518 4829/5014/2517
f 4832/5015/2518 4835/5016/2519 4831/5013/2518
f 4836/5017/2519 4833/5018/2520 4835/5016/2519
f 4834/5019/2521 4829/5014/2517 4833/5020/2520
f 4838/5021/2522 4839/5022/2523 4837/5023/2522
f 4840/5024/2523 4843/5025/2524 4839/5022/2523
f 4844/5026/2525 4841/5027/2526 4843/5025/2524
f 4841/5028/2526 4838/5021/2522 4837/5023/2522
f 4846/5029/2527 4847/5030/2528 4845/5031/2527
f 4848/5032/2529 4851/5033/2530 4847/5030/2528
f 4852/5034/2530 4849/5035/2531 4851/5033/2530
f 4850/5036/2531 4845/5031/2527 4849/5037/2531
f 4854/5038/2532 4855/5039/2533 4853/5040/2532
f 4856/5041/2533 4859/5042/2534 4855/5039/2533
f 4860/5043/2534 4857/5044/2535 4859/5042/2534
f 4858/5045/2535 4853/5040/2532 4857/5046/2535
f 4862/5047/2536 4863/5048/2537 4861/5049/2536
f 4864/5050/2537 4867/5051/2538 4863/5048/2537
f 4868/5052/2539 4865/5053/2540 4867/5051/2538
f 4865/5054/2540 4862/5047/2536 4861/5049/2536
f 4870/5055/2541 4871/5056/2542 4869/5057/2543
f 4872/5058/2542 4875/5059/2544 4871/5056/2542
f 4876/5060/2544 4873/5061/2545 4875/5059/2544
f 4874/5062/2545 4869/5057/2543 4873/5063/2545
f 4878/5064/2546 4879/5065/2547 4877/5066/2546
f 4880/5067/2547 4883/5068/2548 4879/5065/2547
f 4884/5069/2549 4881/5070/2550 4883/5068/2548
f 4882/5071/2551 4877/5066/2546 4881/5072/2550
f 4886/5073/2552 4887/5074/2553 4885/5075/2552
f 4888/5076/2553 4891/5077/2554 4887/5074/2553
f 4892/5078/2554 4889/5079/2555 4891/5077/2554
f 4890/5080/2555 4885/5075/2552 4889/5081/2555
f 4894/5082/2556 4895/5083/2557 4893/5084/2558
f 4896/5085/2559 4899/5086/2560 4895/5083/2557
f 4900/5087/2561 4897/5088/2562 4899/5086/2560
f 4898/5089/2562 4893/5084/2558 4897/5090/2562
f 4902/5091/2563 4903/5092/2564 4901/5093/2563
f 4904/5094/2565 4907/5095/2566 4903/5092/2564
f 4908/5096/2567 4905/5097/2568 4907/5095/2566
f 4906/5098/2568 4901/5093/2563 4905/5099/2568
f 4910/5100/2569 4911/5101/2570 4909/5102/2569
f 4912/5103/2571 4915/5104/2572 4911/5101/2570
f 4916/5105/2573 4913/5106/2574 4915/5104/2572
f 4914/5107/2574 4909/5102/2569 4913/5108/2574
f 4918/5109/2575 4919/5110/2576 4917/5111/2575
f 4920/5112/2577 4923/5113/2578 4919/5110/2576
f 4924/5114/2579 4921/5115/2580 4923/5113/2578
f 4922/5116/2580 4917/5111/2575 4921/5117/2580
f 4926/5118/2581 4927/5119/2582 4925/5120/2581
f 4928/5121/2582 4931/5122/2583 4927/5119/2582
f 4932/5123/2583 4929/5124/2584 4931/5122/2583
f 4930/5125/2584 4925/5120/2581 4929/5126/2584
f 4933/5127/2585 4940/5127/2586 4936/5127/2587
f 4934/5127/2588 4937/5127/2589 4933/5127/2585
f 4939/5127/2590 4934/5127/2588 4935/5127/2591
f 4940/5127/2586 4935/5127/2591 4936/5127/2587
f 4941/5127/2592 4940/5127/2586 4937/5127/2589
f 4942/5127/1071 4937/5127/2589 4938/5127/2593
f 4939/5127/2590 4942/5127/1071 4938/5127/2593
f 4940/5127/2586 4943/5127/2594 4939/5127/2590
f 4941/5127/2592 4948/5127/2595 4944/5127/2596
f 4942/5127/1071 4945/5127/2597 4941/5127/2592
f 4947/5127/2598 4942/5127/1071 4943/5127/2594
f 4948/5127/2595 4943/5127/2594 4944/5127/2596
f 4949/5127/2599 4948/5127/2595 4945/5127/2597
f 4950/5127/2600 4945/5127/2597 4946/5127/2601
f 4947/5127/2598 4950/5127/2600 4946/5127/2601
f 4948/5127/2595 4951/5127/2602 4947/5127/2598
f 4953/5127/2603 4952/5127/2604 4949/5127/2599
f 4954/5127/2605 4949/5127/2599 4950/5127/2600
f 4951/5127/2602 4954/5127/2605 4950/5127/2600
f 4952/5127/2604 4955/5127/2606 4951/5127/2602
f 4953/5127/2603 4960/5127/2607 4956/5127/2608
f 4954/5127/2605 4957/5127/2609 4953/5127/2603
f 4959/5127/2610 4954/5127/2605 4955/5127/2606
f 4960/5127/2607 4955/5127/2606 4956/5127/2608
f 4957/5127/2609 4964/5127/2611 4960/5127/2607
f 4958/5127/2612 4961/5127/2613 4957/5127/2609
f 4963/5127/2614 4958/5127/2612 4959/5127/2610
f 4964/5127/2611 4959/5127/2610 4960/5127/2607
f 4965/5127/2615 4964/5127/2611 4961/5127/2613
f 4966/5127/2616 4961/5127/2613 4962/5127/2617
f 4963/5127/2614 4966/5127/2616 4962/5127/2617
f 4964/5127/2611 4967/5127/2618 4963/5127/2614
f 4969/5127/2619 4968/5127/2620 4965/5127/2615
f 4970/5127/2621 4965/5127/2615 4966/5127/2616
f 4967/5127/2618 4970/5127/2621 4966/5127/2616
f 4968/5127/2620 4971/5127/2622 4967/5127/2618
f 4969/5127/2619 4976/5127/2623 4972/5127/2624
f 4970/5127/2621 4973/5127/2625 4969/5127/2619
f 4975/5127/2626 4970/5127/2621 4971/5127/2622
f 4976/5127/2623 4971/5127/2622 4972/5127/2624
f 4977/5127/2627 4976/5127/2623 4973/5127/2625
f 4978/5127/2628 4973/5127/2625 4974/5127/2629
f 4975/5127/2626 4978/5127/2628 4974/5127/2629
f 4976/5127/2623 4979/5127/2630 4975/5127/2626
f 4981/5127/2631 4980/5127/2632 4977/5127/2627
f 4982/5127/2633 4977/5127/2627 4978/5127/2628
f 4979/5127/2630 4982/5127/2633 4978/5127/2628
f 4980/5127/2632 4983/5127/2634 4979/5127/2630
f 4981/5127/2631 4988/5127/2635 4984/5127/2636
f 4982/5127/2633 4985/5127/2637 4981/5127/2631
f 4987/5127/2638 4982/5127/2633 4983/5127/2634
f 4988/5127/2635 4983/5127/2634 4984/5127/2636
f 4985/5127/2637 4992/5127/2639 4988/5127/2635
f 4986/5127/2640 4989/5127/2641 4985/5127/2637
f 4991/5127/2642 4986/5127/2640 4987/5127/2638
f 4992/5127/2639 4987/5127/2638 4988/5127/2635
f 4993/5128/2643 4992/5127/2639 4989/5127/2641
f 4994/5129/2644 4989/5127/2641 4990/5127/2645
f 4991/5127/2642 4994/5129/2644 4990/5127/2645
f 4992/5127/2639 4995/5130/2646 4991/5127/2642
f 4997/5131/2647 4996/5132/2648 4993/5128/2643
f 4998/5133/1069 4993/5128/2643 4994/5129/2644
f 4995/5130/2646 4998/5133/1069 4994/5129/2644
f 4996/5132/2648 4999/5134/2649 4995/5130/2646
f 4997/5131/2647 5004/5135/2650 5000/5136/1065
f 4998/5133/1069 5001/5137/2651 4997/5131/2647
f 5003/5138/2652 4998/5133/1069 4999/5134/2649
f 5004/5135/2650 4999/5134/2649 5000/5136/1065
f 5001/5137/2651 5008/5139/2653 5004/5135/2650
f 5002/5140/2654 5005/5141/2655 5001/5137/2651
f 5007/5142/2656 5002/5140/2654 5003/5138/2652
f 5008/5139/2653 5003/5138/2652 5004/5135/2650
f 5009/5143/2657 5008/5139/2653 5005/5141/2655
f 5010/5144/2658 5005/5141/2655 5006/5145/2659
f 5007/5142/2656 5010/5144/2658 5006/5145/2659
f 5008/5139/2653 5011/5146/2660 5007/5142/2656
f 5013/5147/2661 5012/5148/2662 5009/5143/2657
f 5014/5149/2663 5009/5143/2657 5010/5144/2658
f 5011/5146/2660 5014/5149/2663 5010/5144/2658
f 5012/5148/2662 5015/5150/2664 5011/5146/2660
f 5013/5147/2661 5020/5151/2665 5016/5152/2666
f 5014/5149/2663 5017/5153/2667 5013/5147/2661
f 5019/5154/2668 5014/5149/2663 5015/5150/2664
f 5020/5151/2665 5015/5150/2664 5016/5152/2666
f 5017/5153/2667 5024/5155/2669 5020/5151/2665
f 5018/5156/2670 5021/5157/2671 5017/5153/2667
f 5023/5158/2672 5018/5156/2670 5019/5154/2668
f 5024/5155/2669 5019/5154/2668 5020/5151/2665
f 5025/5159/2673 5024/5155/2669 5021/5157/2671
f 5026/5160/2674 5021/5157/2671 5022/5161/2675
f 5023/5158/2672 5026/5160/2674 5022/5161/2675
f 5024/5155/2669 5027/5162/2676 5023/5158/2672
f 5025/5159/2673 5032/5163/2677 5028/5164/2678
f 5026/5160/2674 5029/5165/2679 5025/5159/2673
f 5031/5166/2680 5026/5160/2674 5027/5162/2676
f 5032/5163/2677 5027/5162/2676 5028/5164/2678
f 5029/5165/2679 5036/5167/2681 5032/5163/2677
f 5030/5168/2682 5033/5169/2683 5029/5165/2679
f 5035/5170/2684 5030/5168/2682 5031/5166/2680
f 5036/5167/2681 5031/5166/2680 5032/5163/2677
f 5037/5171/2685 5036/5167/2681 5033/5169/2683
f 5038/5172/2686 5033/5169/2683 5034/5173/2687
f 5035/5170/2684 5038/5172/2686 5034/5173/2687
f 5036/5167/2681 5039/5174/2688 5035/5170/2684
f 5041/5175/2689 5040/5176/2690 5037/5171/2685
f 5042/5177/2691 5037/5171/2685 5038/5172/2686
f 5039/5174/2688 5042/5177/2691 5038/5172/2686
f 5040/5176/2690 5043/5178/2692 5039/5174/2688
f 5041/5175/2689 5048/5179/2693 5044/5180/2694
f 5042/5177/2691 5045/5181/2695 5041/5175/2689
f 5047/5182/2696 5042/5177/2691 5043/5178/2692
f 5048/5179/2693 5043/5178/2692 5044/5180/2694
f 5045/5181/2695 5052/5183/2697 5048/5179/2693
f 5046/5184/2698 5049/5185/2699 5045/5181/2695
f 5051/5186/2700 5046/5184/2698 5047/5182/2696
f 5052/5183/2697 5047/5182/2696 5048/5179/2693
f 5053/5187/2701 5052/5183/2697 5049/5185/2699
f 5054/5188/1067 5049/5185/2699 5050/5189/2702
f 5051/5186/2700 5054/5188/1067 5050/5189/2702
f 5052/5183/2697 5055/5190/2703 5051/5186/2700
f 5053/5187/2701 5060/5191/2704 5056/5192/2705
f 5054/5188/1067 5057/5193/2706 5053/5187/2701
f 5059/5194/2707 5054/5188/1067 5055/5190/2703
f 5060/5191/2704 5055/5190/2703 5056/5192/2705
f 5061/5195/2585 5060/5191/2704 5057/5193/2706
f 5062/5196/2708 5057/5193/2706 5058/5197/2709
f 5059/5194/2707 5062/5196/2708 5058/5197/2709
f 5060/5191/2704 5063/5198/2591 5059/5194/2707
f 5065/5199/2710 5072/5199/2586 5068/5199/2587
f 5066/5199/2588 5069/5199/2589 5065/5199/2710
f 5071/5199/2711 5066/5199/2588 5067/5199/2712
f 5072/5199/2586 5067/5199/2712 5068/5199/2587
f 5073/5199/2713 5072/5199/2586 5069/5199/2589
f 5074/5199/1071 5069/5199/2589 5070/5199/2593
f 5071/5199/2711 5074/5199/1071 5070/5199/2593
f 5072/5199/2586 5075/5199/2714 5071/5199/2711
f 5073/5199/2713 5080/5199/2595 5076/5199/2715
f 5074/5199/1071 5077/5199/2716 5073/5199/2713
f 5079/5199/2717 5074/5199/1071 5075/5199/2714
f 5080/5199/2595 5075/5199/2714 5076/5199/2715
f 5081/5199/2718 5080/5199/2595 5077/5199/2716
f 5082/5199/2719 5077/5199/2716 5078/5199/2720
f 5079/5199/2717 5082/5199/2719 5078/5199/2720
f 5080/5199/2595 5083/5199/2721 5079/5199/2717
f 5085/5199/2722 5084/5199/2604 5081/5199/2718
f 5086/5199/2723 5081/5199/2718 5082/5199/2719
f 5083/5199/2721 5086/5199/2723 5082/5199/2719
f 5084/5199/2604 5087/5199/2724 5083/5199/2721
f 5085/5199/2722 5092/5199/2725 5088/5199/2726
f 5086/5199/2723 5089/5199/2727 5085/5199/2722
f 5091/5199/2728 5086/5199/2723 5087/5199/2724
f 5092/5199/2725 5087/5199/2724 5088/5199/2726
f 5089/5199/2727 5096/5199/2611 5092/5199/2725
f 5090/5199/2729 5093/5199/2730 5089/5199/2727
f 5095/5199/2731 5090/5199/2729 5091/5199/2728
f 5096/5199/2611 5091/5199/2728 5092/5199/2725
f 5097/5199/2732 5096/5199/2611 5093/5199/2730
f 5098/5199/2733 5093/5199/2730 5094/5199/2617
f 5095/5199/2731 5098/5199/2733 5094/5199/2617
f 5096/5199/2611 5099/5199/2734 5095/5199/2731
f 5101/5199/2735 5100/5199/2736 5097/5199/2732
f 5102/5199/2737 5097/5199/2732 5098/5199/2733
f 5099/5199/2734 5102/5199/2737 5098/5199/2733
f 5100/5199/2736 5103/5199/2738 5099/5199/2734
f 5101/5199/2735 5108/5199/2739 5104/5199/2740
f 5102/5199/2737 5105/5199/2741 5101/5199/2735
f 5107/5199/2742 5102/5199/2737 5103/5199/2738
f 5108/5199/2739 5103/5199/2738 5104/5199/2740
f 5109/5199/2743 5108/5199/2739 5105/5199/2741
f 5110/5199/2744 5105/5199/2741 5106/5199/2745
f 5107/5199/2742 5110/5199/2744 5106/5199/2745
f 5108/5199/2739 5111/5199/2746 5107/5199/2742
f 5113/5199/2747 5112/5199/2748 5109/5199/2743
f 5114/5199/2749 5109/5199/2743 5110/5199/2744
f 5111/5199/2746 5114/5199/2749 5110/5199/2744
f 5112/5199/2748 5115/5199/2750 5111/5199/2746
f 5113/5199/2747 5120/5199/2635 5116/5199/2751
f 5114/5199/2749 5117/5199/2637 5113/5199/2747
f 5119/5199/2638 5114/5199/2749 5115/5199/2750
f 5120/5199/2635 5115/5199/2750 5116/5199/2751
f 5117/5199/2637 5124/5199/2639 5120/5199/2635
f 5118/5199/2640 5121/5199/2641 5117/5199/2637
f 5123/5199/2642 5118/5199/2640 5119/5199/2638
f 5124/5199/2639 5119/5199/2638 5120/5199/2635
f 5125/5200/2643 5124/5199/2639 5121/5199/2641
f 5126/5201/2644 5121/5199/2641 5122/5199/2645
f 5123/5199/2642 5126/5201/2644 5122/5199/2645
f 5124/5199/2639 5127/5200/2646 5123/5199/2642
f 5129/5202/2710 5128/5203/2752 5125/5200/2643
f 5130/5204/1069 5125/5200/2643 5126/5201/2644
f 5127/5200/2646 5130/5204/1069 5126/5201/2644
f 5128/5203/2752 5131/5205/2712 5127/5200/2646
f 5129/5202/2710 5136/5206/2753 5132/5207/1065
f 5130/5204/1069 5133/5208/2651 5129/5202/2710
f 5135/5209/2652 5130/5204/1069 5131/5205/2712
f 5136/5206/2753 5131/5205/2712 5132/5207/1065
f 5133/5208/2651 5140/5210/2653 5136/5206/2753
f 5134/5211/2654 5137/5212/2655 5133/5208/2651
f 5139/5213/2656 5134/5211/2654 5135/5209/2652
f 5140/5210/2653 5135/5209/2652 5136/5206/2753
f 5141/5214/2657 5140/5210/2653 5137/5212/2655
f 5142/5215/2658 5137/5212/2655 5138/5216/2659
f 5139/5213/2656 5142/5215/2658 5138/5216/2659
f 5140/5210/2653 5143/5217/2660 5139/5213/2656
f 5145/5218/2754 5144/5219/2662 5141/5214/2657
f 5146/5220/2755 5141/5214/2657 5142/5215/2658
f 5143/5217/2660 5146/5220/2755 5142/5215/2658
f 5144/5219/2662 5147/5221/2756 5143/5217/2660
f 5145/5218/2754 5152/5222/2757 5148/5223/2758
f 5146/5220/2755 5149/5224/2759 5145/5218/2754
f 5151/5225/2760 5146/5220/2755 5147/5221/2756
f 5152/5222/2757 5147/5221/2756 5148/5223/2758
f 5149/5224/2759 5156/5226/2761 5152/5222/2757
f 5150/5227/2762 5153/5228/2763 5149/5224/2759
f 5155/5229/2764 5150/5227/2762 5151/5225/2760
f 5156/5226/2761 5151/5225/2760 5152/5222/2757
f 5157/5230/2765 5156/5226/2761 5153/5228/2763
f 5158/5231/2766 5153/5228/2763 5154/5232/2767
f 5155/5229/2764 5158/5231/2766 5154/5232/2767
f 5156/5226/2761 5159/5233/2768 5155/5229/2764
f 5157/5230/2765 5164/5234/2769 5160/5235/2770
f 5158/5231/2766 5161/5236/2771 5157/5230/2765
f 5163/5237/2772 5158/5231/2766 5159/5233/2768
f 5164/5234/2769 5159/5233/2768 5160/5235/2770
f 5161/5236/2771 5168/5238/2681 5164/5234/2769
f 5162/5239/2773 5165/5240/2774 5161/5236/2771
f 5167/5241/2775 5162/5239/2773 5163/5237/2772
f 5168/5238/2681 5163/5237/2772 5164/5234/2769
f 5169/5242/2776 5168/5238/2681 5165/5240/2774
f 5170/5243/2777 5165/5240/2774 5166/5244/2687
f 5167/5241/2775 5170/5243/2777 5166/5244/2687
f 5168/5238/2681 5171/5245/2778 5167/5241/2775
f 5173/5246/2779 5172/5247/2780 5169/5242/2776
f 5174/5248/2781 5169/5242/2776 5170/5243/2777
f 5171/5245/2778 5174/5248/2781 5170/5243/2777
f 5172/5247/2780 5175/5249/2782 5171/5245/2778
f 5173/5246/2779 5180/5250/2693 5176/5251/2783
f 5174/5248/2781 5177/5252/2784 5173/5246/2779
f 5179/5253/2785 5174/5248/2781 5175/5249/2782
f 5180/5250/2693 5175/5249/2782 5176/5251/2783
f 5177/5252/2784 5184/5254/2697 5180/5250/2693
f 5178/5255/2786 5181/5256/2787 5177/5252/2784
f 5183/5257/2788 5178/5255/2786 5179/5253/2785
f 5184/5254/2697 5179/5253/2785 5180/5250/2693
f 5185/5258/2789 5184/5254/2697 5181/5256/2787
f 5186/5259/1067 5181/5256/2787 5182/5260/2790
f 5183/5257/2788 5186/5259/1067 5182/5260/2790
f 5184/5254/2697 5187/5261/2791 5183/5257/2788
f 5185/5258/2789 5192/5262/2704 5188/5263/2792
f 5186/5259/1067 5189/5264/2793 5185/5258/2789
f 5191/5265/2794 5186/5259/1067 5187/5261/2791
f 5192/5262/2704 5187/5261/2791 5188/5263/2792
f 5193/5266/2710 5192/5262/2704 5189/5264/2793
f 5194/5267/2708 5189/5264/2793 5190/5268/2709
f 5191/5265/2794 5194/5267/2708 5190/5268/2709
f 5192/5262/2704 5195/5269/2712 5191/5265/2794
f 5198/5270/2710 5203/5271/2710 5202/5272/2710
f 5197/5273/2710 5204/5274/2710 5199/5275/2710
f 5202/5272/2710 5204/5274/2710 5201/5276/2710
f 5199/5275/1067 5205/5277/2795 5197/5278/2795
f 5201/5279/2796 5210/5280/2797 5202/5281/2797
f 5202/5281/2797 5206/5282/2798 5198/5283/2798
f 5197/5278/2795 5209/5284/2796 5201/5279/2796
f 5198/5283/2798 5208/5285/1071 5200/5286/1071
f 5206/5287/2710 5216/5288/2710 5212/5289/2710
f 5209/5290/2710 5216/5288/2710 5210/5291/2710
f 5206/5287/2710 5214/5292/2710 5208/5285/2710
f 5205/5293/2710 5213/5294/2710 5211/5295/2710
f 5205/5293/2710 5215/5296/2710 5209/5290/2710
f 5211/5297/2799 5221/5298/2796 5215/5299/2796
f 5216/5300/2797 5218/5301/2800 5212/5302/2798
f 5215/5299/2796 5222/5303/2797 5216/5300/2797
f 5212/5302/2798 5220/5304/1071 5214/5292/1071
f 5213/5294/1067 5217/5305/2795 5211/5297/2799
f 5229/5306/2801 5224/5307/2802 5228/5308/2803
f 5223/5309/2804 5230/5310/2805 5227/5311/2806
f 5230/5310/2805 5228/5308/2803 5227/5311/2806
f 5231/5312/2807 5225/5313/2808 5223/5314/2809
f 5236/5315/2810 5227/5316/2811 5228/5317/2812
f 5232/5318/2813 5228/5317/2812 5224/5319/2814
f 5227/5316/2811 5231/5312/2807 5223/5314/2809
f 5226/5320/2815 5232/5318/2813 5224/5319/2814
f 5232/5321/2816 5242/5322/2817 5236/5323/2818
f 5242/5322/2817 5235/5324/2819 5236/5323/2818
f 5240/5325/2820 5232/5321/2816 5234/5326/2821
f 5231/5327/2822 5239/5328/2823 5233/5329/2821
f 5241/5330/2824 5231/5327/2822 5235/5324/2819
f 5247/5331/2825 5237/5332/2826 5241/5333/2827
f 5238/5334/2828 5248/5335/2829 5242/5336/2830
f 5248/5335/2829 5241/5333/2827 5242/5336/2830
f 5246/5337/2831 5238/5334/2828 5240/5325/2832
f 5237/5332/2826 5245/5338/2833 5239/5328/2834
f 5199/5275/1065 5230/5310/1065 5225/5313/1065
f 5200/5286/1065 5229/5306/1065 5203/5271/1065
f 5203/5271/1065 5230/5310/1065 5204/5274/1065
f 5199/5275/1065 5233/5329/1065 5207/5339/1065
f 5200/5286/1065 5234/5326/1065 5226/5320/1065
f 5214/5292/1065 5234/5326/1065 5208/5285/1065
f 5213/5294/1065 5233/5329/1065 5239/5328/1065
f 5217/5305/2710 5245/5338/2710 5243/5340/2710
f 5218/5301/2710 5248/5335/2710 5244/5341/2710
f 5218/5301/2710 5246/5337/2710 5220/5304/2710
f 5217/5305/2710 5247/5331/2710 5221/5298/2710
f 5221/5298/2710 5248/5335/2710 5222/5303/2710
f 5214/5292/1065 5246/5337/1065 5240/5325/1065
f 5213/5294/1065 5245/5338/1065 5219/5342/1065
f 1260/1444/1065 1262/1447/1066 1261/1445/1066
f 1262/1447/1066 1264/1449/1067 1263/1448/1067
f 1264/1449/1067 1266/1451/1068 1265/1450/1068
f 1266/1451/1068 1268/1453/1069 1267/1452/1069
f 1268/1453/1069 1270/1455/1070 1269/1454/1070
f 1270/1455/1070 1272/1457/1071 1271/1456/1071
f 1272/1457/1071 1274/1459/1072 1273/1458/1072
f 1274/1459/1072 1260/1444/1065 1259/1446/1065
f 1277/1460/1073 1278/1464/1077 1276/1461/1074
f 1283/1463/1076 1284/1473/1084 1278/1464/1077
f 1279/1465/1078 1280/5343/2835 1282/1466/1079
f 1275/1462/1081 1276/1461/1081 1280/1468/1081
f 1275/1462/1075 1279/1465/1078 1281/1467/1080
f 1282/1470/1079 1280/5344/2835 1276/1461/1074
f 1288/1471/1082 1290/1484/1087 1286/1472/1083
f 1286/1474/1083 1285/1479/1089 1281/1467/1080
f 1281/1467/1080 1285/1479/1089 1283/1463/1076
f 1284/1473/1084 1286/1472/1083 1282/1470/1079
f 1294/1475/1085 1293/1488/1096 1289/1476/1086
f 1287/1478/1088 1288/1471/1082 1284/1473/1084
f 1290/1477/1087 1289/1476/1086 1285/1479/1089
f 1285/1479/1089 1289/1476/1086 1287/1478/1088
f 1296/1480/1090 1298/1492/1095 1294/1481/1085
f 1289/1476/1086 1293/1488/1096 1291/1483/1092
f 1292/1482/1091 1294/1481/1085 1290/1484/1087
f 1291/1483/1092 1292/1482/1091 1288/1471/1082
f 1299/1485/1093 1300/1491/1099 1296/1480/1090
f 1295/1486/1094 1296/1480/1090 1292/1482/1091
f 1298/1487/1095 1297/1490/1098 1293/1488/1096
f 1293/1488/1096 1297/1490/1098 1295/1486/1094
f 1302/1489/1097 1301/1583/1150 1297/1490/1098
f 1297/1490/1098 1301/1583/1150 1299/1485/1093
f 1300/1491/1099 1302/5345/1097 1298/1492/1095
f 1305/1493/1073 1306/1497/1077 1304/1494/1074
f 1311/1496/1076 1312/1506/1084 1306/1497/1077
f 1307/1498/1078 1308/5346/2835 1310/1499/1079
f 1303/1495/1081 1304/5347/1081 1308/1501/1081
f 1303/1495/1075 1307/1502/1078 1309/1503/1080
f 1310/1499/1079 1308/5346/2835 1304/1494/1074
f 1316/1504/1082 1318/1509/1087 1314/1505/1083
f 1314/1505/1083 1313/1511/1089 1309/1500/1080
f 1309/1503/1080 1313/1512/1089 1311/1496/1076
f 1312/1506/1084 1314/1505/1083 1310/1499/1079
f 1322/1507/1085 1321/1520/1096 1317/1508/1086
f 1315/1510/1088 1316/1504/1082 1312/1506/1084
f 1318/1509/1087 1317/1508/1086 1313/1511/1089
f 1313/1512/1089 1317/1515/1086 1315/1510/1088
f 1324/1513/1090 1326/1519/1095 1322/1507/1085
f 1317/1515/1086 1321/1521/1096 1319/1516/1092
f 1320/1514/1091 1322/1507/1085 1318/1509/1087
f 1319/1516/1092 1320/1514/1091 1316/1504/1082
f 1327/1517/1093 1328/1525/1099 1324/1513/1090
f 1323/1518/1094 1324/1513/1090 1320/1514/1091
f 1326/1519/1095 1325/1523/1098 1321/1520/1096
f 1321/1521/1096 1325/1524/1098 1323/1518/1094
f 1326/1519/1095 1330/1615/1152 1329/1522/1100
f 1325/1524/1098 1329/1616/1100 1327/1517/1093
f 1328/1525/1099 1330/1615/1152 1326/1519/1095
f 1331/1526/1101 1335/1534/1108 1336/1527/1102
f 1334/1529/1104 1332/1528/1103 1336/1527/1102
f 1334/1529/1104 1337/1530/1105 1338/1531/1106
f 1333/1533/1107 1338/5348/1106 1335/1534/1108
f 1339/1535/1109 1343/1543/1116 1344/1536/1110
f 1342/1538/1112 1340/1537/1111 1344/1536/1110
f 1342/1540/1112 1345/5349/1113 1346/1541/1114
f 1341/1542/1115 1346/1541/1114 1343/1543/1116
f 1347/1544/1117 1351/1552/1124 1352/1545/1118
f 1350/1547/1120 1348/1546/1119 1352/1545/1118
f 1350/1549/1120 1353/5350/1121 1354/1550/1122
f 1349/1551/1123 1354/1550/1122 1351/1552/1124
f 1356/1553/1125 1358/1556/1128 1357/1554/1126
f 1358/1556/1128 1364/1567/1137 1363/1557/1129
f 1362/1558/1130 1360/5351/1134 1359/1559/1131
f 1360/1561/1133 1356/1553/1133 1355/1555/1133
f 1361/1560/1132 1359/1559/1131 1355/1555/1127
f 1362/1563/1130 1358/1556/1128 1356/1553/1125
f 1366/1565/1135 1370/1579/1141 1368/1566/1136
f 1361/1560/1132 1365/1569/1138 1366/1568/1135
f 1361/1560/1132 1357/1554/1126 1363/1557/1129
f 1362/1563/1130 1366/1565/1135 1364/1567/1137
f 1369/1570/1139 1373/1578/1146 1374/1571/1140
f 1364/1567/1137 1368/1566/1136 1367/1573/1142
f 1365/1569/1138 1369/1570/1139 1370/1572/1141
f 1365/1569/1138 1363/1557/1129 1367/1573/1142
f 1374/1574/1140 1378/1584/1148 1376/1575/1143
f 1369/1570/1139 1367/1573/1142 1371/1577/1145
f 1370/1579/1141 1374/1574/1140 1372/1576/1144
f 1368/1566/1136 1372/1576/1144 1371/1577/1145
f 1376/1575/1143 1300/1491/1099 1299/1485/1093
f 1372/1576/1144 1376/1575/1143 1375/1580/1147
f 1373/1578/1146 1377/1582/1149 1378/1581/1148
f 1373/1578/1146 1371/1577/1145 1375/1580/1147
f 1377/1582/1149 1301/1583/1150 1302/1489/1097
f 1377/1582/1149 1375/1580/1147 1299/1485/1093
f 1378/1584/1148 1302/5345/1097 1300/1491/1099
f 1380/1585/1125 1382/1588/1128 1381/1586/1126
f 1382/1588/1128 1388/1599/1137 1387/1589/1129
f 1386/1590/1130 1384/1596/1134 1383/1591/1151
f 1384/1593/1133 1380/5352/1133 1379/1587/1133
f 1385/1595/1132 1383/1594/1151 1379/1587/1127
f 1386/1590/1130 1382/1588/1128 1380/1585/1125
f 1390/1597/1135 1394/1603/1141 1392/1598/1136
f 1385/1592/1132 1389/1605/1138 1390/1597/1135
f 1385/1595/1132 1381/1586/1126 1387/1589/1129
f 1386/1590/1130 1390/1597/1135 1388/1599/1137
f 1393/1601/1139 1397/1612/1146 1398/1602/1140
f 1388/1599/1137 1392/1598/1136 1391/1604/1142
f 1389/1605/1138 1393/1601/1139 1394/1603/1141
f 1389/1600/1138 1387/1589/1129 1391/1604/1142
f 1398/1602/1140 1402/1613/1148 1400/1607/1143
f 1393/1606/1139 1391/1604/1142 1395/1609/1145
f 1394/1603/1141 1398/1602/1140 1396/1608/1144
f 1392/1598/1136 1396/1608/1144 1395/1609/1145
f 1400/1607/1143 1328/1525/1099 1327/1517/1093
f 1396/1608/1144 1400/1607/1143 1399/1611/1147
f 1397/1612/1146 1401/5353/1149 1402/1613/1148
f 1397/1610/1146 1395/1609/1145 1399/1611/1147
f 1402/1613/1148 1401/5353/1149 1329/1522/1100
f 1401/1614/1149 1399/1611/1147 1327/1517/1093
f 1402/1613/1148 1330/1615/1152 1328/1525/1099
f 1408/1617/1153 1407/1623/1159 1403/1618/1154
f 1406/1620/1156 1409/5354/2836 1408/1617/1153
f 1410/1621/1157 1409/5354/2836 1406/1620/1156
f 1407/1623/1159 1410/5355/1157 1405/1624/1158
f 1416/1625/1160 1415/1632/1166 1411/1626/1161
f 1414/1628/1163 1417/5356/2837 1416/1625/1160
f 1418/1629/1164 1417/5357/2837 1414/1630/1163
f 1415/1632/1166 1418/1629/1164 1413/1631/1165
f 1424/1633/1167 1423/1640/1173 1419/1634/1168
f 1422/1636/1170 1425/5358/2838 1424/1633/1167
f 1426/1637/1171 1425/5359/2838 1422/1638/1170
f 1423/1640/1173 1426/1637/1171 1421/1639/1172
f 1435/1641/1174 1442/1658/1175 1450/1642/1175
f 1427/1644/1176 1435/1641/1176 1436/1645/1177
f 1434/1647/1178 1442/1658/1178 1435/1641/1176
f 1436/1645/1177 1437/1649/1067 1429/1648/1067
f 1437/1649/1067 1438/1651/1179 1430/1650/1179
f 1438/1651/1179 1439/1664/1180 1431/1652/1180
f 1439/1653/1180 1440/1656/1181 1432/1654/1181
f 1440/1656/1181 1441/1663/1071 1433/1657/1071
f 1433/1657/1071 1441/1663/1071 1442/1658/1178
f 1445/1661/1182 1443/1667/1182 1444/1643/1182
f 1444/1643/1182 1450/5360/1182 1449/1659/1182
f 1449/1659/1182 1448/5361/1182 1447/1660/1182
f 1447/1660/1182 1446/5362/1182 1445/1661/1182
f 1445/1661/1182 1444/1643/1182 1449/1659/1182
f 1440/1656/1183 1448/1669/1183 1449/1662/1184
f 1439/1664/1185 1438/1651/1186 1446/1665/1186
f 1437/1649/1187 1436/1645/1188 1443/1667/1188
f 1441/1663/1184 1449/1662/1184 1450/1642/1175
f 1439/1653/1185 1447/5363/1185 1448/1669/1183
f 1438/1651/1186 1437/1649/1187 1445/1668/1187
f 1435/1641/1174 1444/1643/1174 1443/1667/1188
f 1466/1670/1175 1474/1697/1175 1468/1671/1174
f 1459/1672/1176 1460/1676/1177 1452/1673/1177
f 1466/1670/1178 1459/1672/1176 1451/1674/1176
f 1460/1676/1177 1461/1694/1067 1453/1677/1067
f 1453/1677/1067 1461/1694/1067 1462/1678/1179
f 1462/1678/1179 1463/1693/1180 1455/1680/1180
f 1463/1681/1180 1464/1684/1181 1456/1682/1181
f 1464/1684/1181 1465/1686/1071 1457/1685/1071
f 1465/1686/1071 1466/1670/1178 1458/1675/1178
f 1469/1689/1182 1467/1695/1182 1468/1671/1182
f 1468/1671/1182 1474/5364/1182 1473/1687/1182
f 1473/1687/1182 1472/5365/1182 1471/1688/1182
f 1471/1688/1182 1470/5366/1182 1469/1689/1182
f 1469/1689/1182 1468/1671/1182 1473/1687/1182
f 1465/1686/1184 1464/1684/1183 1472/1690/1183
f 1462/1678/1186 1470/1699/1186 1471/1692/1185
f 1461/1694/1187 1460/1676/1188 1467/1695/1188
f 1465/1686/1184 1473/1691/1184 1474/1697/1175
f 1464/1684/1183 1463/1681/1185 1471/1698/1185
f 1461/1694/1187 1469/1696/1187 1470/1699/1186
f 1460/1676/1188 1459/1672/1174 1468/1671/1174
s 0
f 1475/1700/1189 1476/5367/1189 1478/1701/1189
f 1477/1702/1190 1478/5368/1190 1482/1703/1190
f 1482/1705/1191 1480/5369/1191 1479/1706/1191
f 1479/1706/1192 1480/5370/1192 1476/1707/1192
f 1481/1704/1193 1479/1706/1193 1475/1700/1193
s 1
f 1498/1708/1175 1506/1734/1175 1500/1709/1174
f 1483/1711/1176 1491/1710/1176 1492/1712/1177
f 1498/1708/1178 1491/1710/1176 1483/1711/1176
f 1492/1712/1177 1493/1716/1067 1485/1715/1067
f 1493/1716/1067 1494/1736/1179 1486/1717/1179
f 1486/1717/1179 1494/1736/1179 1495/1718/1180
f 1495/1720/1180 1496/1723/1181 1488/1721/1181
f 1496/1723/1181 1497/1725/1071 1489/1724/1071
f 1497/1725/1071 1498/1708/1178 1490/1714/1178
f 1501/1728/1182 1499/1732/1182 1500/1709/1182
f 1500/1709/1182 1506/5371/1182 1505/1726/1182
f 1505/1726/1182 1504/5372/1182 1503/1727/1182
f 1503/1727/1182 1502/5373/1182 1501/1728/1182
f 1501/1728/1182 1500/1709/1182 1505/1726/1182
f 1496/1723/1183 1504/1735/1183 1505/1729/1184
f 1495/1718/1185 1494/1736/1186 1502/1730/1186
f 1493/1716/1187 1492/1712/1194 1499/1732/1194
f 1497/1725/1184 1505/1729/1184 1506/1734/1175
f 1495/1720/1185 1503/5374/1185 1504/1735/1183
f 1494/1736/1186 1493/1716/1187 1501/1733/1187
f 1492/1712/1194 1491/1710/1174 1500/1709/1174
f 1507/1737/1071 1508/5375/1071 1510/1738/1071
f 1527/1740/1195 1534/1779/1195 1514/1741/1195
f 1514/1743/1067 1512/1755/1067 1511/1744/1067
f 1529/1746/1196 1532/1777/1196 1508/1747/1196
f 1520/1749/1071 1521/1757/1197 1518/1750/1197
f 1510/1738/1198 1508/5375/1198 1532/1752/1198
f 1514/1743/1198 1534/1800/1198 1531/1754/1198
f 1525/1756/1199 1524/1759/1199 1518/1750/1197
f 1526/1758/1200 1523/1767/1200 1524/1759/1200
f 1512/1760/1196 1531/1775/1196 1530/1761/1196
f 1509/1763/1195 1510/5376/1195 1533/1764/1195
f 1526/1758/1201 1522/1769/1202 1517/1766/1202
f 1519/1768/1067 1516/5377/1067 1517/1766/1202
f 1515/1751/1198 1516/5378/1198 1519/1770/1198
f 1515/1771/1195 1527/1740/1195 1528/1765/1195
f 1519/1773/1196 1529/1746/1196 1530/1761/1196
f 1520/1774/1196 1530/1761/1196 1531/1775/1196
f 1519/1773/1196 1522/5379/1196 1532/1777/1196
f 1516/1772/1195 1528/1765/1195 1533/1764/1195
f 1515/1771/1195 1518/5380/1195 1534/1779/1195
f 1538/1792/1204 1542/1799/1204 1541/1793/1205
f 1535/1795/1206 1545/5381/1206 1544/1796/1207
f 1540/1785/1195 1524/1801/1195 1523/1798/1195
f 1523/1798/1195 1537/1782/1195 1536/1781/1195
f 1536/1781/1195 1538/1783/1195 1540/1785/1195
f 1536/1797/1207 1544/1796/1207 1542/1799/1204
f 1532/1752/1208 1545/5381/1206 1535/1795/1206
f 1537/1782/1195 1523/1798/1195 1517/1778/1195
f 1517/1778/1195 1533/1764/1195 1535/1780/1195
f 1534/1800/1209 1539/1794/1205 1541/1793/1205
f 1534/1779/1195 1518/5380/1195 1524/1801/1195
f 1524/1801/1195 1540/1785/1195 1539/1784/1195
f 1546/1791/1203 1526/1803/1196 1525/1802/1196
f 1525/1802/1196 1543/1788/1196 1542/1787/1196
f 1542/1787/1196 1544/1789/1196 1546/1791/1203
f 1543/1788/1196 1525/1802/1196 1521/1776/1196
f 1521/1776/1196 1531/1775/1196 1541/1786/1196
f 1532/1777/1196 1522/5379/1196 1526/1803/1196
f 1526/1803/1196 1546/1791/1203 1545/1790/1196
s 0
f 1547/1804/1071 1548/5382/1071 1550/1805/1071
f 1554/1807/1067 1552/1810/1067 1551/1808/1067
f 1552/1810/1210 1548/5382/1210 1547/1804/1210
f 1555/1811/1211 1556/5383/1211 1558/1812/1211
f 1562/1814/1212 1560/1817/1212 1559/1815/1212
f 1560/1817/1213 1556/5383/1213 1555/1811/1213
f 1563/1818/1211 1564/5384/1211 1566/1819/1211
f 1570/1821/1212 1568/1824/1212 1567/1822/1212
f 1568/1824/1213 1564/5384/1213 1563/1818/1213
f 1574/1825/1067 1572/1828/1067 1571/1826/1067
f 1572/1828/1210 1576/5385/1210 1575/1829/1210
f 1577/1830/1214 1578/5386/1214 1580/1831/1214
f 1584/1833/1215 1582/1836/1215 1581/1834/1215
f 1582/1836/1216 1578/5386/1216 1577/1830/1216
f 1585/1837/1214 1586/1843/1214 1588/1838/1214
f 1592/1840/1215 1590/5387/1215 1589/1841/1215
f 1589/1841/1216 1590/5387/1216 1586/1843/1216
f 1593/1844/1214 1594/1850/1214 1596/1845/1214
f 1600/1847/1215 1598/5388/1215 1597/1848/1215
f 1597/1848/1216 1598/5388/1216 1594/1850/1216
f 1601/1851/1214 1602/5389/1214 1604/1852/1214
f 1608/1854/1215 1606/1857/1215 1605/1855/1215
f 1606/1857/1216 1602/5389/1216 1601/1851/1216
f 1609/1858/1067 1611/5390/1067 1612/1859/1067
f 1613/1861/1071 1614/1864/1071 1616/1862/1071
f 1609/1858/1210 1610/1860/1210 1614/1864/1210
f 1617/1865/1217 1619/5391/1217 1620/1866/1217
f 1621/1868/1218 1622/1871/1218 1624/1869/1218
f 1617/1865/1219 1618/1867/1219 1622/1871/1219
f 1625/1872/1217 1627/5392/1217 1628/1873/1217
f 1629/1875/1218 1630/1878/1218 1632/1876/1218
f 1625/1872/1219 1626/1874/1219 1630/1878/1219
f 1633/1879/1071 1634/1882/1071 1636/1880/1071
f 1575/1829/1210 1576/5385/1210 1634/1882/1210
f 1637/1883/1220 1639/5393/1220 1640/1884/1220
f 1641/1886/1221 1642/1889/1221 1644/1887/1221
f 1637/1883/1222 1638/1885/1222 1642/1889/1222
f 1645/1890/1220 1647/5394/1220 1648/1891/1220
f 1649/1893/1221 1650/1896/1221 1652/1894/1221
f 1645/1890/1222 1646/1892/1222 1650/1896/1222
f 1653/1897/1220 1655/5395/1220 1656/1898/1220
f 1657/1900/1221 1658/1903/1221 1660/1901/1221
f 1653/1897/1222 1654/1899/1222 1658/1903/1222
f 1661/1904/1220 1663/5396/1220 1664/1905/1220
f 1665/1907/1221 1666/1910/1221 1668/1908/1221
f 1661/1904/1222 1662/1906/1222 1666/1910/1222
s 1
f 1686/1911/1223 1685/1929/1240 1671/1912/1224
f 1671/1912/1224 1685/1929/1240 1687/1914/1226
f 1673/1915/1227 1687/1914/1226 1688/1916/1228
f 1675/1917/1229 1688/1916/1228 1689/1918/1230
f 1689/1918/1230 1690/1921/1233 1679/1920/1232
f 1690/1921/1233 1691/1923/1235 1681/1922/1234
f 1691/1923/1235 1692/1925/1237 1683/1924/1236
f 1692/1925/1237 1686/1936/1223 1669/1926/1225
f 1694/1927/1238 1685/1929/1240 1686/1911/1223
f 1694/1927/1238 1695/1930/1241 1687/1914/1226
f 1695/1930/1241 1696/1931/1242 1688/1916/1228
f 1696/1931/1242 1697/1933/1244 1689/1918/1230
f 1698/1932/1243 1690/1921/1233 1689/1918/1230
f 1699/1934/1245 1691/1923/1235 1690/1921/1233
f 1699/1934/1245 1700/1935/1246 1692/1925/1237
f 1700/1935/1246 1693/5397/1239 1686/1936/1223
f 1674/1939/1182 1672/5398/1182 1670/5399/1182
f 1670/5399/1182 1684/5400/1182 1682/1937/1182
f 1682/1937/1182 1680/1943/1182 1678/1938/1182
f 1678/1938/1182 1676/5401/1182 1674/1939/1182
f 1674/1939/1182 1670/5399/1182 1682/1937/1182
f 1670/1940/1247 1693/5397/1239 1700/1935/1246
f 1682/1942/1249 1684/1941/1248 1700/1935/1246
f 1680/1943/1250 1682/1942/1249 1699/1934/1245
f 1678/1938/1251 1680/1943/1250 1698/1932/1243
f 1678/1938/1251 1697/1933/1244 1696/1931/1242
f 1676/1944/1252 1696/1931/1242 1695/1930/1241
f 1672/1946/1254 1674/1945/1253 1695/1930/1241
f 1672/1946/1254 1694/1927/1238 1693/1928/1239
f 1701/1948/1225 1703/1951/1236 1717/1949/1255
f 1703/1951/1236 1705/1953/1234 1719/1952/1235
f 1705/1953/1234 1707/1956/1232 1720/1954/1233
f 1709/1955/1231 1721/1958/1230 1720/1954/1233
f 1709/1955/1231 1711/1960/1229 1722/1957/1228
f 1713/1959/1227 1723/1962/1256 1722/1957/1228
f 1715/1961/1224 1724/1964/1240 1723/1962/1256
f 1715/1961/1224 1701/5402/1225 1718/1963/1223
f 1725/1965/1239 1718/1950/1223 1717/1949/1255
f 1717/1949/1255 1719/1952/1235 1727/1967/1245
f 1727/1967/1245 1719/1952/1235 1720/1954/1233
f 1728/1968/1257 1720/1954/1233 1721/1958/1230
f 1721/1958/1230 1722/1957/1228 1730/1970/1258
f 1730/1970/1258 1722/1957/1228 1723/1962/1256
f 1723/1962/1256 1724/1964/1240 1732/1972/1238
f 1724/1964/1240 1718/1963/1223 1725/1973/1239
f 1702/1976/1182 1704/5403/1182 1706/5404/1182
f 1706/5404/1182 1708/5405/1182 1710/1974/1182
f 1710/1974/1182 1712/1980/1182 1714/1975/1182
f 1714/1975/1182 1716/5406/1182 1702/1976/1182
f 1702/1976/1182 1706/5404/1182 1710/1974/1182
f 1716/1977/1254 1732/1972/1238 1725/1973/1239
f 1731/1971/1241 1732/1972/1238 1716/1977/1254
f 1712/1980/1252 1730/1970/1258 1731/1971/1241
f 1729/1969/1244 1730/1970/1258 1712/1980/1252
f 1708/1981/1250 1728/1968/1257 1729/1969/1244
f 1727/1967/1245 1728/1968/1257 1708/1981/1250
f 1726/1966/1246 1727/1967/1245 1706/1982/1249
f 1725/1965/1239 1726/1966/1246 1704/1983/1248
f 1743/1987/1262 1742/2023/1296 1741/5407/1295
f 1741/5407/1295 1748/5408/1299 1747/1985/1260
f 1747/1985/1260 1746/5409/1298 1745/1986/1261
f 1745/1986/1261 1744/5410/1297 1743/1987/1262
f 1743/1987/1262 1741/5407/1295 1747/1985/1260
f 1756/1988/1263 1751/2001/1275 1740/1989/1264
f 1755/1991/1266 1756/1988/1263 1739/1990/1265
f 1754/1993/1268 1755/2027/1266 1738/1994/1267
f 1736/1996/1270 1753/1998/1272 1754/1993/1268
f 1735/1997/1271 1752/2000/1274 1753/1998/1272
f 1734/1999/1273 1750/2003/1277 1752/2000/1274
f 1751/2001/1275 1749/2021/1294 1733/2002/1276
f 1733/2002/1276 1749/2021/1294 1750/2003/1277
f 1757/2004/1278 1758/2020/1293 1759/2005/1279
f 1760/2006/1280 1759/2005/1279 1761/2007/1281
f 1762/2008/1282 1761/2007/1281 1763/2009/1283
f 1764/2010/1284 1763/2009/1283 1765/2011/1285
f 1768/2013/1287 1766/2012/1286 1765/2011/1285
f 1770/2015/1289 1768/2029/1287 1767/2016/1288
f 1772/2018/1291 1770/2015/1289 1769/2017/1290
f 1757/2004/1278 1772/2018/1291 1771/2019/1292
f 1749/2021/1294 1757/2004/1278 1760/2006/1280
f 1759/2005/1279 1758/2020/1293 1741/2022/1295
f 1771/2019/1292 1748/2030/1299 1741/2022/1295
f 1772/2018/1291 1757/2004/1278 1749/2021/1294
f 1759/2005/1279 1742/2023/1296 1743/1987/1262
f 1750/2003/1277 1760/2006/1280 1762/2008/1282
f 1763/2009/1283 1761/2007/1281 1743/1987/1262
f 1752/2000/1274 1762/2008/1282 1764/2010/1284
f 1763/2009/1283 1744/2024/1297 1745/2025/1261
f 1753/1998/1272 1764/2010/1284 1766/2012/1286
f 1767/2014/1288 1765/2011/1285 1745/2025/1261
f 1766/2012/1286 1768/2013/1287 1755/2027/1266
f 1767/2016/1288 1746/5411/1298 1747/2028/1260
f 1768/2029/1287 1770/2015/1289 1756/1988/1263
f 1769/2017/1290 1747/2028/1260 1748/2030/1299
f 1770/2015/1289 1772/2018/1291 1751/2001/1275
f 1781/2033/1295 1782/2069/1299 1783/5412/1260
f 1783/5412/1260 1784/5413/1298 1785/2031/1261
f 1785/2031/1261 1786/5414/1297 1787/2032/1262
f 1787/2032/1262 1788/5415/1296 1781/2033/1295
f 1781/2033/1295 1783/5412/1260 1785/2031/1261
f 1780/2034/1273 1791/2049/1277 1796/2035/1274
f 1779/2036/1271 1796/2035/1274 1795/2037/1272
f 1778/2039/1270 1795/2073/1272 1794/2040/1268
f 1776/2042/1267 1777/2041/1269 1794/2040/1268
f 1775/2044/1265 1776/2042/1267 1793/2043/1266
f 1774/2046/1264 1775/2044/1265 1792/2045/1263
f 1773/2048/1276 1789/2050/1294 1791/2049/1277
f 1773/2048/1276 1774/2046/1264 1790/2047/1300
f 1799/2051/1292 1798/2068/1293 1797/2052/1278
f 1801/2054/1290 1799/2051/1292 1800/2053/1291
f 1803/2056/1288 1801/2054/1290 1802/2055/1289
f 1805/2058/1285 1803/2056/1288 1804/2057/1287
f 1808/2060/1301 1807/2072/1283 1805/2058/1285
f 1810/2061/1282 1809/2065/1281 1807/2062/1283
f 1812/2064/1280 1811/2066/1279 1809/2065/1281
f 1797/2052/1278 1798/2068/1293 1811/2066/1279
f 1789/2050/1294 1790/2047/1300 1800/2053/1291
f 1799/2051/1292 1782/2069/1299 1781/2067/1295
f 1781/2067/1295 1788/5416/1296 1811/2066/1279
f 1789/2050/1294 1797/2052/1278 1812/2064/1280
f 1801/2054/1290 1783/5412/1260 1782/2069/1299
f 1790/2047/1300 1792/2045/1263 1802/2055/1289
f 1784/2070/1298 1783/5412/1260 1801/2054/1290
f 1792/2045/1263 1793/2043/1266 1804/2057/1287
f 1785/2071/1261 1784/2070/1298 1803/2056/1288
f 1793/2043/1266 1794/2040/1268 1806/2059/1286
f 1807/2072/1283 1786/5417/1297 1785/2071/1261
f 1795/2073/1272 1808/2060/1301 1806/2059/1286
f 1809/2065/1281 1787/2075/1262 1786/2074/1297
f 1796/2035/1274 1810/2061/1282 1808/2063/1301
f 1811/2066/1279 1788/5416/1296 1787/2075/1262
f 1791/2049/1277 1812/2064/1280 1810/2061/1282
f 1816/2076/1302 1821/2093/1311 1822/2077/1303
f 1829/2090/1068 1833/2097/1067 1828/5418/1067
f 1825/2079/1067 1824/5419/1067 1820/2078/1304
f 1818/2080/1305 1829/2090/1068 1828/5418/1067
f 1825/2079/1067 1820/2078/1304 1822/2077/1303
f 1818/2080/1305 1828/5418/1067 1825/2079/1067
f 1833/2081/1306 1830/2102/1307 1831/2082/1307
f 1825/2084/1308 1826/5420/1313 1836/2085/1309
f 1815/2087/1071 1813/5421/1070 1834/2092/1070
f 1815/2087/1071 1834/2092/1070 1832/5422/1071
f 1826/5423/1071 1823/5424/1071 1815/2087/1071
f 1836/2089/1071 1826/5423/1071 1815/2087/1071
f 1815/2087/1071 1832/5422/1071 1831/2088/1071
f 1813/5421/1070 1817/5425/1068 1829/2090/1068
f 1829/2090/1068 1818/2080/1305 1814/2091/1310
f 1834/2092/1070 1813/5421/1070 1829/2090/1068
f 1832/5422/1071 1834/2092/1070 1814/2091/1310
f 1821/2093/1311 1816/2076/1302 1823/5424/1071
f 1821/2093/1311 1823/5424/1071 1826/5423/1071
f 1827/2094/1071 1832/5422/1071 1814/2091/1310
f 1821/2093/1311 1826/5423/1071 1827/2094/1071
f 1819/2095/1067 1824/5419/1067 1825/2079/1067
f 1819/2095/1067 1825/2079/1067 1835/5426/1067
f 1829/2090/1068 1817/5425/1068 1819/2095/1067
f 1833/2097/1067 1829/2090/1068 1819/2095/1067
f 1819/2095/1067 1835/5426/1067 1830/2096/1067
f 1827/2098/1312 1828/2099/1312 1833/2081/1306
f 1828/2099/1312 1827/2098/1312 1826/2100/1313
f 1821/2093/1311 1814/2091/1310 1818/2080/1305
f 1835/2086/1309 1836/2085/1309 1831/2082/1307
f 1846/2103/1311 1845/2120/1303 1840/2104/1304
f 1852/2107/1071 1857/5427/1071 1853/2118/1070
f 1846/2103/1311 1844/2105/1302 1848/5428/1071
f 1846/2103/1311 1848/5428/1071 1849/5429/1071
f 1852/2107/1071 1853/2118/1070 1842/2106/1314
f 1846/2103/1311 1849/5429/1071 1852/2107/1071
f 1855/2108/1307 1854/2129/1307 1857/2109/1306
f 1860/2111/1309 1850/5430/1313 1849/2112/1308
f 1839/2114/1067 1847/5431/1067 1850/2119/1067
f 1839/2114/1067 1850/2119/1067 1860/5432/1067
f 1858/2117/1068 1837/5433/1068 1839/2114/1067
f 1856/2116/1067 1858/2117/1068 1839/2114/1067
f 1839/2114/1067 1860/5432/1067 1855/2115/1067
f 1853/2118/1070 1841/5434/1070 1837/5433/1068
f 1858/2117/1068 1838/2121/1305 1842/2106/1314
f 1853/2118/1070 1837/5433/1068 1858/2117/1068
f 1838/2121/1305 1858/2117/1068 1856/2116/1067
f 1838/2121/1305 1856/2116/1067 1851/5435/1067
f 1847/5431/1067 1840/2104/1304 1845/2120/1303
f 1838/2121/1305 1851/5435/1067 1850/2119/1067
f 1850/2119/1067 1847/5431/1067 1845/2120/1303
f 1843/2122/1071 1841/5434/1070 1853/2118/1070
f 1843/2122/1071 1853/2118/1070 1857/5427/1071
f 1849/5429/1071 1848/5428/1071 1843/2122/1071
f 1859/2124/1071 1849/5429/1071 1843/2122/1071
f 1843/2122/1071 1857/5427/1071 1854/2123/1071
f 1857/2109/1306 1852/2127/1312 1851/2125/1312
f 1850/2126/1313 1851/2125/1312 1852/2127/1312
f 1842/2106/1314 1838/2121/1305 1845/2120/1303
f 1855/2108/1307 1860/2111/1309 1859/2113/1309
f 1878/2130/1223 1877/2148/1317 1863/2131/1224
f 1863/2131/1224 1877/2148/1317 1879/2133/1256
f 1865/2134/1227 1879/2133/1256 1880/2135/1228
f 1867/2136/1229 1880/2135/1228 1881/2137/1230
f 1869/2138/1231 1881/2137/1230 1882/2139/1315
f 1882/2139/1315 1883/2142/1235 1873/2141/1234
f 1883/2142/1235 1884/2144/1316 1875/2143/1236
f 1884/2144/1316 1878/5436/1223 1861/2145/1225
f 1886/2146/1238 1877/2148/1317 1878/2130/1223
f 1886/2146/1238 1887/2150/1241 1879/2133/1256
f 1888/2149/1242 1880/2135/1228 1879/2133/1256
f 1888/2149/1242 1889/2151/1244 1881/2137/1230
f 1889/2151/1244 1890/2153/1243 1882/2139/1315
f 1891/2152/1245 1883/2142/1235 1882/2139/1315
f 1892/2154/1246 1884/2144/1316 1883/2142/1235
f 1885/2155/1239 1878/5436/1223 1884/2144/1316
f 1866/2158/1182 1864/5437/1182 1862/5438/1182
f 1862/5438/1182 1876/5439/1182 1874/2156/1182
f 1874/2156/1182 1872/2161/1182 1870/2157/1182
f 1870/2157/1182 1868/5440/1182 1866/2158/1182
f 1866/2158/1182 1862/5438/1182 1874/2156/1182
f 1876/2159/1248 1862/5441/1247 1885/2155/1239
f 1876/2159/1248 1892/2154/1246 1891/2152/1245
f 1874/2160/1249 1891/2152/1245 1890/2153/1243
f 1870/2157/1251 1872/2161/1250 1890/2153/1243
f 1870/2157/1251 1889/2151/1244 1888/2149/1242
f 1868/2162/1252 1888/2149/1242 1887/2150/1241
f 1866/2163/1253 1887/2150/1241 1886/2146/1238
f 1864/2164/1254 1886/2146/1238 1885/2147/1239
f 1893/2166/1225 1895/2169/1236 1909/2167/1255
f 1895/2169/1236 1897/2171/1234 1911/2170/1235
f 1897/2171/1234 1899/2174/1232 1912/2172/1315
f 1901/2173/1231 1913/2176/1318 1912/2172/1315
f 1903/2175/1229 1914/2178/1319 1913/2176/1318
f 1905/2177/1227 1915/2180/1256 1914/2178/1319
f 1907/2179/1224 1916/2182/1320 1915/2180/1256
f 1907/2179/1224 1893/5442/1225 1910/2181/1223
f 1917/2183/1239 1910/2168/1223 1909/2167/1255
f 1909/2167/1255 1911/2170/1235 1919/2185/1245
f 1911/2170/1235 1912/2172/1315 1920/2186/1243
f 1912/2172/1315 1913/2176/1318 1921/2187/1244
f 1921/2187/1244 1913/2176/1318 1914/2178/1319
f 1922/2188/1258 1914/2178/1319 1915/2180/1256
f 1915/2180/1256 1916/2182/1320 1924/2190/1238
f 1916/2182/1320 1910/2181/1223 1917/2191/1239
f 1894/2194/1182 1896/5443/1182 1898/5444/1182
f 1898/5444/1182 1900/5445/1182 1902/2192/1182
f 1902/2192/1182 1904/2198/1182 1906/2193/1182
f 1906/2193/1182 1908/5446/1182 1894/2194/1182
f 1894/2194/1182 1898/5444/1182 1902/2192/1182
f 1908/2195/1254 1924/2190/1238 1917/2191/1239
f 1923/2189/1241 1924/2190/1238 1908/2195/1254
f 1904/2198/1252 1922/2188/1258 1923/2189/1241
f 1921/2187/1244 1922/2188/1258 1904/2198/1252
f 1920/2186/1243 1921/2187/1244 1902/2192/1251
f 1919/2185/1245 1920/2186/1243 1900/2199/1250
f 1918/2184/1246 1919/2185/1245 1898/2200/1249
f 1917/2183/1239 1918/2184/1246 1896/2201/1248
f 1942/2203/1223 1941/2220/1320 1927/2204/1224
f 1927/2204/1224 1941/2220/1320 1943/2206/1256
f 1929/2207/1227 1943/2206/1256 1944/2208/1228
f 1931/2209/1321 1944/2208/1228 1945/2210/1230
f 1945/2210/1230 1946/2213/1233 1935/2212/1232
f 1946/2213/1233 1947/2215/1323 1937/2214/1234
f 1947/2215/1323 1948/2217/1316 1939/2216/1236
f 1948/2217/1316 1942/5447/1223 1925/2218/1225
f 1949/2219/1239 1950/2221/1238 1941/2220/1320
f 1950/2221/1238 1951/2223/1241 1943/2206/1256
f 1952/2222/1258 1944/2208/1228 1943/2206/1256
f 1952/2222/1258 1953/2225/1244 1945/2210/1230
f 1954/2224/1243 1946/2213/1233 1945/2210/1230
f 1955/2226/1245 1947/2215/1323 1946/2213/1233
f 1956/2227/1246 1948/2217/1316 1947/2215/1323
f 1949/2228/1239 1942/5447/1223 1948/2217/1316
f 1930/2231/1182 1928/5448/1182 1926/5449/1182
f 1926/5449/1182 1940/5450/1182 1938/2229/1182
f 1938/2229/1182 1936/2235/1182 1934/2230/1182
f 1934/2230/1182 1932/5451/1182 1930/2231/1182
f 1930/2231/1182 1926/5449/1182 1938/2229/1182
f 1926/2232/1247 1949/2228/1239 1956/2227/1246
f 1938/2234/1249 1940/2233/1248 1956/2227/1246
f 1936/2235/1250 1938/2234/1249 1955/2226/1245
f 1934/2230/1251 1936/2235/1250 1954/2224/1243
f 1932/2236/1252 1934/2230/1251 1953/2225/1244
f 1932/2236/1252 1952/2222/1258 1951/2223/1241
f 1928/2238/1254 1930/2237/1253 1951/2223/1241
f 1928/2238/1254 1950/2221/1238 1949/2219/1239
f 1959/2240/1236 1973/2244/1255 1974/2241/1223
f 1959/2240/1236 1961/2245/1234 1975/2243/1235
f 1961/2245/1234 1963/2248/1232 1976/2246/1315
f 1965/2247/1231 1977/2250/1318 1976/2246/1315
f 1967/2249/1229 1978/2252/1319 1977/2250/1318
f 1967/2249/1229 1969/2254/1227 1979/2251/1256
f 1971/2253/1224 1980/2256/1320 1979/2251/1256
f 1971/2253/1224 1957/5452/1225 1974/2255/1223
f 1981/2257/1239 1974/2241/1223 1973/2244/1255
f 1982/2258/1246 1973/2244/1255 1975/2243/1235
f 1975/2243/1235 1976/2246/1315 1984/2260/1243
f 1976/2246/1315 1977/2250/1318 1985/2261/1244
f 1985/2261/1244 1977/2250/1318 1978/2252/1319
f 1978/2252/1319 1979/2251/1256 1987/2263/1241
f 1979/2251/1256 1980/2256/1320 1988/2264/1238
f 1980/2256/1320 1974/2255/1223 1981/2265/1239
f 1958/2268/1182 1960/5453/1182 1962/5454/1182
f 1962/5454/1182 1964/5455/1182 1966/2266/1182
f 1966/2266/1182 1968/2272/1182 1970/2267/1182
f 1970/2267/1182 1972/5456/1182 1958/2268/1182
f 1958/2268/1182 1962/5454/1182 1966/2266/1182
f 1988/2264/1238 1981/2265/1239 1958/2269/1247
f 1987/2263/1241 1988/2264/1238 1972/2270/1254
f 1968/2272/1252 1986/2262/1258 1987/2263/1241
f 1985/2261/1244 1986/2262/1258 1968/2272/1252
f 1964/2273/1250 1984/2260/1243 1985/2261/1244
f 1962/2274/1249 1983/2259/1245 1984/2260/1243
f 1960/2275/1248 1982/2258/1246 1983/2259/1245
f 1958/2276/1247 1981/2257/1239 1982/2258/1246
f 1996/2277/1324 1993/2284/1324 1989/2278/1325
f 1995/2280/1326 1996/2277/1326 1991/2279/1327
f 1994/2282/1328 1995/2280/1328 1992/2281/1329
f 1993/2284/1330 1994/2282/1330 1990/2283/1331
f 1999/2285/1332 2000/2289/1333 1998/2286/1333
f 2003/2288/1335 2004/2291/1336 2000/2289/1336
f 2001/2290/1337 2002/2292/1338 2004/2291/1338
f 1997/2287/1334 1998/2286/1339 2002/2292/1339
f 2002/2292/1339 1998/2286/1339 1993/2284/1324
f 1998/2286/1333 2000/2289/1333 1994/2282/1330
f 1999/2285/1332 1997/2287/1334 2001/2290/1337
f 2000/2289/1336 2004/2291/1336 1995/2280/1328
f 2004/2291/1338 2002/2292/1338 1996/2277/1326
f 2005/2293/1340 2006/2301/1346 2008/2294/1341
f 2008/2296/1341 2012/2299/1344 2011/2297/1343
f 2012/2299/1344 2010/5457/2839 2009/2300/1345
f 2009/2300/1345 2010/5457/2839 2006/2301/1346
f 2013/2302/1347 2014/5458/1353 2016/2303/1348
f 2016/2303/1348 2020/2306/1351 2019/2305/1350
f 2020/2306/1351 2018/5459/2840 2017/2307/1352
f 2017/2307/1352 2018/5459/2840 2014/2308/1353
f 2021/2310/1354 2022/5460/1360 2024/2311/1355
f 2024/2311/1355 2028/2314/1358 2027/2313/1357
f 2028/2314/1358 2026/5461/2841 2025/2315/1359
f 2025/2315/1359 2026/5461/2841 2022/2316/1360
f 2030/2318/1361 2032/5462/1364 2031/2319/1362
f 2032/2321/1364 2036/5463/2842 2035/2322/1365
f 2035/2322/1365 2036/5463/2842 2034/2324/1366
f 2034/2324/1366 2030/2318/1361 2029/2320/1363
f 2037/2326/1368 2038/5464/1368 2040/2327/1369
f 2039/2328/1370 2040/2327/1369 2044/2329/1371
f 2044/2329/1371 2042/2332/1374 2041/2331/1373
f 2042/2332/1374 2038/5465/1368 2037/2333/1368
f 2045/2334/1375 2046/5466/2843 2048/2335/1376
f 2047/2336/1377 2048/2335/1376 2052/2337/1378
f 2052/2337/1378 2050/2340/1381 2049/2339/1380
f 2050/2340/1381 2046/5467/2843 2045/2341/1375
f 2053/2342/1382 2054/5468/2844 2056/2343/1383
f 2056/2345/1383 2060/2348/1386 2059/2346/1385
f 2060/2348/1386 2058/2350/1388 2057/2349/1387
f 2058/2350/1388 2054/5468/2844 2053/2342/1382
f 2061/2351/1389 2062/5469/2845 2064/2352/1390
f 2063/2353/1391 2064/2352/1390 2068/2354/1392
f 2068/2354/1392 2066/2357/1395 2065/2356/1394
f 2066/2357/1395 2062/5470/2845 2061/2358/1389
f 2069/2359/1396 2070/5471/2846 2072/2360/1397
f 2071/2361/1398 2072/2360/1397 2076/2362/1399
f 2076/2362/1399 2074/2365/1402 2073/2364/1401
f 2074/2365/1402 2070/5472/2846 2069/2366/1396
f 2077/2367/1403 2078/5473/2847 2080/2368/1404
f 2079/2370/1405 2080/5474/1404 2084/2371/1406
f 2084/2371/1406 2082/2374/1409 2081/2373/1408
f 2082/2374/1409 2078/5473/2847 2077/2367/1403
f 2085/2375/1410 2086/5475/1416 2088/2376/1411
f 2088/2376/1411 2092/2379/1414 2091/2378/1413
f 2092/2379/1414 2090/5476/2848 2089/2380/1415
f 2089/2380/1415 2090/5476/2848 2086/2381/1416
f 2093/2383/1417 2094/5477/1423 2096/2384/1418
f 2096/2384/1418 2100/2387/1421 2099/2386/1420
f 2100/2387/1421 2098/5478/2849 2097/2388/1422
f 2097/2388/1422 2098/5478/2849 2094/2389/1423
f 2101/2391/1424 2102/5479/2850 2104/2392/1425
f 2103/2394/1426 2104/5480/1425 2108/2395/1427
f 2108/2395/1427 2106/2398/1430 2105/2397/1429
f 2106/2398/1430 2102/5479/2850 2101/2391/1424
f 2109/2399/1431 2110/5481/1437 2112/2400/1432
f 2112/2400/1432 2116/2403/1435 2115/2402/1434
f 2116/2403/1435 2114/5482/2851 2113/2404/1436
f 2113/2404/1436 2114/5482/2851 2110/2405/1437
f 2117/2407/1438 2118/5483/1444 2120/2408/1439
f 2120/2408/1439 2124/2411/1442 2123/2410/1441
f 2124/2411/1442 2122/5484/2852 2121/2412/1443
f 2121/2412/1443 2122/5484/2852 2118/2413/1444
f 2126/2415/1445 2128/5485/2853 2127/2416/1446
f 2127/2418/1446 2128/5486/2853 2132/2419/1448
f 2131/2420/1449 2132/2419/1448 2130/2421/1450
f 2130/2421/1450 2126/2415/1445 2125/2417/1447
f 2133/2423/1452 2134/5487/1458 2136/2424/1453
f 2136/2424/1453 2140/2427/1456 2139/2426/1455
f 2140/2427/1456 2138/5488/2854 2137/2428/1457
f 2137/2428/1457 2138/5488/2854 2134/2429/1458
f 2141/2431/1459 2142/5489/1465 2144/2432/1460
f 2144/2432/1460 2148/2435/1463 2147/2434/1462
f 2148/2435/1463 2146/5490/2855 2145/2436/1464
f 2145/2436/1464 2146/5490/2855 2142/2437/1465
f 2150/2439/1466 2152/5491/1469 2151/2440/1467
f 2152/2442/1469 2156/5492/2856 2155/2443/1470
f 2155/2443/1470 2156/5492/2856 2154/2445/1471
f 2153/2446/1472 2154/2445/1471 2150/2439/1466
f 2157/2447/1473 2158/5493/1479 2160/2448/1474
f 2160/2448/1474 2164/2451/1477 2163/2450/1476
f 2164/2451/1477 2162/5494/2857 2161/2452/1478
f 2161/2452/1478 2162/5494/2857 2158/2453/1479
f 2165/2455/1480 2166/5495/1486 2168/2456/1481
f 2168/2456/1481 2172/2459/1484 2171/2458/1483
f 2172/2459/1484 2170/5496/2858 2169/2460/1485
f 2169/2460/1485 2170/5496/2858 2166/2461/1486
f 2174/2463/1487 2176/5497/2859 2175/2464/1488
f 2175/2466/1488 2176/5498/2859 2180/2467/1490
f 2179/2468/1491 2180/2467/1490 2178/2469/1492
f 2177/2470/1493 2178/2469/1492 2174/2463/1487
f 2181/2471/1494 2182/5499/2860 2184/2472/1495
f 2183/2473/1496 2184/2472/1495 2188/2474/1497
f 2188/2474/1497 2186/2477/1500 2185/2476/1499
f 2186/2477/1500 2182/5500/2860 2181/2478/1494
f 2189/2479/1501 2190/5501/2861 2192/2480/1502
f 2191/2481/1503 2192/2480/1502 2196/2482/1504
f 2196/2482/1504 2194/2485/1507 2193/2484/1506
f 2194/2485/1507 2190/5502/2861 2189/2486/1501
f 2197/2487/1508 2198/2494/1514 2200/2488/1509
f 2199/2490/1510 2200/5503/1509 2204/2491/1511
f 2204/2491/1511 2202/5504/2862 2201/2493/1513
f 2201/2493/1513 2202/5504/2862 2198/2494/1514
f 2206/2495/1515 2208/5505/2863 2207/2496/1516
f 2207/2496/1516 2208/5505/2863 2212/2498/1518
f 2211/2499/1519 2212/2498/1518 2210/2500/1520
f 2210/2500/1520 2206/5506/1515 2205/2502/1517
f 2214/2503/1522 2216/5507/2864 2215/2504/1523
f 2215/2504/1523 2216/5507/2864 2220/2506/1525
f 2219/2507/1526 2220/2506/1525 2218/2508/1527
f 2218/2508/1527 2214/5508/1522 2213/2510/1524
f 2221/2511/1529 2222/5509/2865 2224/2512/1530
f 2223/2514/1531 2224/5510/1530 2228/2515/1532
f 2228/2515/1532 2226/2518/1535 2225/2517/1534
f 2226/2518/1535 2222/5509/2865 2221/2511/1529
f 2230/2519/1536 2232/5511/2866 2231/2520/1537
f 2231/2520/1537 2232/5511/2866 2236/2522/1539
f 2235/2523/1540 2236/2522/1539 2234/2524/1541
f 2234/2524/1541 2230/5512/1536 2229/2526/1538
f 2238/2527/1543 2240/5513/2867 2239/2528/1544
f 2239/2528/1544 2240/5513/2867 2244/2530/1546
f 2243/2531/1547 2244/2530/1546 2242/2532/1548
f 2242/2532/1548 2238/5514/1543 2237/2534/1545
f 2245/2535/1550 2246/5515/2868 2248/2536/1551
f 2248/2538/1551 2252/2541/1554 2251/2539/1553
f 2252/2541/1554 2250/2543/1556 2249/2542/1555
f 2250/2543/1556 2246/5515/2868 2245/2535/1550
f 2254/2544/1557 2256/5516/2869 2255/2545/1558
f 2255/2545/1558 2256/5516/2869 2260/2547/1560
f 2259/2548/1561 2260/2547/1560 2258/2549/1562
f 2258/2549/1562 2254/5517/1557 2253/2551/1559
f 2262/2552/1564 2264/5518/2870 2263/2553/1565
f 2263/2553/1565 2264/5518/2870 2268/2555/1567
f 2267/2556/1568 2268/2555/1567 2266/2557/1569
f 2266/2557/1569 2262/5519/1564 2261/2559/1566
f 2269/2560/1571 2270/5520/2871 2272/2561/1572
f 2272/2563/1572 2276/2566/1575 2275/2564/1574
f 2276/2566/1575 2274/2568/1577 2273/2567/1576
f 2274/2568/1577 2270/5520/2871 2269/2560/1571
f 2278/2569/1578 2280/5521/2872 2279/2570/1579
f 2279/2570/1579 2280/5521/2872 2284/2572/1581
f 2283/2573/1582 2284/2572/1581 2282/2574/1583
f 2282/2574/1583 2278/5522/1578 2277/2576/1580
f 2286/2577/1585 2288/5523/2873 2287/2578/1586
f 2287/2578/1586 2288/5523/2873 2292/2580/1588
f 2291/2581/1589 2292/2580/1588 2290/2582/1590
f 2290/2582/1590 2286/5524/1585 2285/2584/1587
f 2293/2585/1592 2294/5525/2874 2296/2586/1593
f 2296/2588/1593 2300/2591/1596 2299/2589/1595
f 2300/2591/1596 2298/2593/1598 2297/2592/1597
f 2298/2593/1598 2294/5525/2874 2293/2585/1592
f 2302/2594/1599 2304/5526/2875 2303/2595/1600
f 2303/2595/1600 2304/5526/2875 2308/2597/1602
f 2307/2598/1603 2308/2597/1602 2306/2599/1604
f 2306/2599/1604 2302/5527/1599 2301/2601/1601
f 2310/2602/1606 2312/5528/2876 2311/2603/1607
f 2311/2603/1607 2312/5528/2876 2316/2605/1609
f 2315/2606/1610 2316/2605/1609 2314/2607/1611
f 2314/2607/1611 2310/5529/1606 2309/2609/1608
f 2317/2610/1613 2318/5530/2877 2320/2611/1614
f 2319/2613/1615 2320/5531/1614 2324/2614/1616
f 2324/2614/1616 2322/2617/1619 2321/2616/1618
f 2322/2617/1619 2318/5530/2877 2317/2610/1613
f 2326/2618/1620 2328/5532/2878 2327/2619/1621
f 2327/2619/1621 2328/5532/2878 2332/2621/1623
f 2331/2622/1624 2332/2621/1623 2330/2623/1625
f 2330/2623/1625 2326/5533/1620 2325/2625/1622
f 2334/2626/1627 2336/5534/2879 2335/2627/1628
f 2335/2627/1628 2336/5534/2879 2340/2629/1630
f 2339/2630/1631 2340/2629/1630 2338/2631/1632
f 2338/2631/1632 2334/5535/1627 2333/2633/1629
f 2341/2634/1634 2342/2642/1640 2344/2635/1635
f 2344/2637/1635 2348/2640/1638 2347/2638/1637
f 2348/2640/1638 2346/5536/2880 2345/2641/1639
f 2345/2641/1639 2346/5536/2880 2342/2642/1640
f 2350/2643/1641 2352/5537/2881 2351/2644/1642
f 2351/2644/1642 2352/5537/2881 2356/2646/1644
f 2355/2647/1645 2356/2646/1644 2354/2648/1646
f 2354/2648/1646 2350/5538/1641 2349/2650/1643
f 2358/2651/1648 2360/5539/2882 2359/2652/1649
f 2359/2652/1649 2360/5539/2882 2364/2654/1651
f 2363/2655/1652 2364/2654/1651 2362/2656/1653
f 2362/2656/1653 2358/5540/1648 2357/2658/1650
f 2365/2659/1655 2366/5541/2883 2368/2660/1656
f 2368/2662/1656 2372/2665/1659 2371/2663/1658
f 2372/2665/1659 2370/2667/1661 2369/2666/1660
f 2370/2667/1661 2366/5541/2883 2365/2659/1655
f 2374/2668/1662 2376/5542/2884 2375/2669/1663
f 2375/2669/1663 2376/5542/2884 2380/2671/1665
f 2379/2672/1666 2380/2671/1665 2378/2673/1667
f 2378/2673/1667 2374/5543/1662 2373/2675/1664
f 2382/2676/1669 2384/5544/2885 2383/2677/1670
f 2383/2677/1670 2384/5544/2885 2388/2679/1672
f 2387/2680/1673 2388/2679/1672 2386/2681/1674
f 2386/2681/1674 2382/5545/1669 2381/2683/1671
f 2389/2684/1676 2390/2692/1682 2392/2685/1677
f 2392/2687/1677 2396/2690/1680 2395/2688/1679
f 2396/2690/1680 2394/5546/2886 2393/2691/1681
f 2393/2691/1681 2394/5546/2886 2390/2692/1682
f 2398/2693/1683 2400/5547/2887 2399/2694/1684
f 2399/2694/1684 2400/5547/2887 2404/2696/1686
f 2403/2697/1687 2404/2696/1686 2402/2698/1688
f 2402/2698/1688 2398/5548/1683 2397/2700/1685
f 2406/2701/1690 2408/5549/2888 2407/2702/1691
f 2407/2702/1691 2408/5549/2888 2412/2704/1693
f 2411/2705/1694 2412/2704/1693 2410/2706/1695
f 2410/2706/1695 2406/5550/1690 2405/2708/1692
f 2413/2709/1697 2414/5551/2889 2416/2710/1698
f 2415/2712/1699 2416/5552/1698 2420/2713/1700
f 2420/2713/1700 2418/2716/1703 2417/2715/1702
f 2418/2716/1703 2414/5551/2889 2413/2709/1697
f 2422/2717/1704 2424/5553/2890 2423/2718/1705
f 2423/2718/1705 2424/5553/2890 2428/2720/1707
f 2427/2721/1708 2428/2720/1707 2426/2722/1709
f 2426/2722/1709 2422/5554/1704 2421/2724/1706
f 2430/2725/1711 2432/5555/2891 2431/2726/1712
f 2431/2726/1712 2432/5555/2891 2436/2728/1714
f 2435/2729/1715 2436/2728/1714 2434/2730/1716
f 2434/2730/1716 2430/5556/1711 2429/2732/1713
f 2437/2733/1718 2438/5557/2892 2440/2734/1719
f 2440/2736/1719 2444/2739/1722 2443/2737/1721
f 2444/2739/1722 2442/2741/1724 2441/2740/1723
f 2442/2741/1724 2438/5557/2892 2437/2733/1718
f 2446/2742/1725 2448/5558/2893 2447/2743/1726
f 2447/2743/1726 2448/5558/2893 2452/2745/1728
f 2451/2746/1729 2452/2745/1728 2450/2747/1730
f 2450/2747/1730 2446/5559/1725 2445/2749/1727
f 2454/2750/1732 2456/5560/2894 2455/2751/1733
f 2455/2751/1733 2456/5560/2894 2460/2753/1735
f 2459/2754/1736 2460/2753/1735 2458/2755/1737
f 2458/2755/1737 2454/5561/1732 2453/2757/1734
f 2461/2758/1739 2462/5562/2895 2464/2759/1740
f 2464/2761/1740 2468/2764/1743 2467/2762/1742
f 2468/2764/1743 2466/2766/1745 2465/2765/1744
f 2466/2766/1745 2462/5562/2895 2461/2758/1739
f 2470/2767/1746 2472/5563/2896 2471/2768/1747
f 2471/2768/1747 2472/5563/2896 2476/2770/1749
f 2475/2771/1750 2476/2770/1749 2474/2772/1751
f 2474/2772/1751 2470/5564/1746 2469/2774/1748
f 2478/2775/1753 2480/5565/2897 2479/2776/1754
f 2479/2776/1754 2480/5565/2897 2484/2778/1756
f 2483/2779/1757 2484/2778/1756 2482/2780/1758
f 2482/2780/1758 2478/5566/1753 2477/2782/1755
f 2485/2783/1760 2486/5567/2898 2488/2784/1761
f 2488/2786/1761 2492/2789/1764 2491/2787/1763
f 2492/2789/1764 2490/2791/1766 2489/2790/1765
f 2490/2791/1766 2486/5567/2898 2485/2783/1760
f 2494/2792/1767 2496/5568/2899 2495/2793/1768
f 2495/2793/1768 2496/5568/2899 2500/2795/1770
f 2499/2796/1771 2500/2795/1770 2498/2797/1772
f 2498/2797/1772 2494/5569/1767 2493/2799/1769
f 2502/2800/1774 2504/5570/2900 2503/2801/1775
f 2503/2801/1775 2504/5570/2900 2508/2803/1777
f 2507/2804/1778 2508/2803/1777 2506/2805/1779
f 2506/2805/1779 2502/5571/1774 2501/2807/1776
f 2509/2808/1781 2510/2816/1787 2512/2809/1782
f 2512/2811/1782 2516/2814/1785 2515/2812/1784
f 2516/2814/1785 2514/5572/2901 2513/2815/1786
f 2513/2815/1786 2514/5572/2901 2510/2816/1787
f 2518/2817/1788 2520/5573/2902 2519/2818/1789
f 2519/2818/1789 2520/5573/2902 2524/2820/1791
f 2523/2821/1792 2524/2820/1791 2522/2822/1793
f 2522/2822/1793 2518/5574/1788 2517/2824/1790
f 2526/2825/1795 2528/5575/2903 2527/2826/1796
f 2527/2826/1796 2528/5575/2903 2532/2828/1798
f 2531/2829/1799 2532/2828/1798 2530/2830/1800
f 2530/2830/1800 2526/5576/1795 2525/2832/1797
f 2533/2833/1802 2534/2840/1808 2536/2834/1803
f 2535/2836/1804 2536/5577/1803 2540/2837/1805
f 2540/2837/1805 2538/5578/2904 2537/2839/1807
f 2537/2839/1807 2538/5578/2904 2534/2840/1808
f 2542/2841/1809 2544/5579/2905 2543/2842/1810
f 2543/2842/1810 2544/5579/2905 2548/2844/1812
f 2547/2845/1813 2548/2844/1812 2546/2846/1814
f 2546/2846/1814 2542/5580/1809 2541/2848/1811
f 2550/2849/1816 2552/5581/2906 2551/2850/1817
f 2551/2850/1817 2552/5581/2906 2556/2852/1819
f 2555/2853/1820 2556/2852/1819 2554/2854/1821
f 2554/2854/1821 2550/5582/1816 2549/2856/1818
f 2557/2857/1823 2558/5583/2907 2560/2858/1824
f 2559/2860/1825 2560/5584/1824 2564/2861/1826
f 2564/2861/1826 2562/2864/1829 2561/2863/1828
f 2562/2864/1829 2558/5583/2907 2557/2857/1823
f 2566/2865/1830 2568/5585/2908 2567/2866/1831
f 2567/2866/1831 2568/5585/2908 2572/2868/1833
f 2571/2869/1834 2572/2868/1833 2570/2870/1835
f 2570/2870/1835 2566/5586/1830 2565/2872/1832
f 2574/2873/1837 2576/5587/2909 2575/2874/1838
f 2575/2874/1838 2576/5587/2909 2580/2876/1840
f 2579/2877/1841 2580/2876/1840 2578/2878/1842
f 2578/2878/1842 2574/5588/1837 2573/2880/1839
f 2582/2881/1844 2584/5589/2910 2583/2882/1845
f 2583/2884/1845 2584/5590/2910 2588/2885/1847
f 2587/2886/1848 2588/2885/1847 2586/2887/1849
f 2586/2887/1849 2582/2881/1844 2581/2883/1846
f 2589/2889/1851 2590/5591/1857 2592/2890/1852
f 2592/2890/1852 2596/2893/1855 2595/2892/1854
f 2596/2893/1855 2594/5592/2911 2593/2894/1856
f 2593/2894/1856 2594/5592/2911 2590/2895/1857
f 2597/2897/1858 2598/5593/1864 2600/2898/1859
f 2600/2898/1859 2604/2901/1862 2603/2900/1861
f 2604/2901/1862 2602/5594/2912 2601/2902/1863
f 2601/2902/1863 2602/5594/2912 2598/2903/1864
f 2606/2905/1865 2608/5595/1868 2607/2906/1866
f 2608/2908/1868 2612/5596/2913 2611/2909/1869
f 2611/2909/1869 2612/5596/2913 2610/2911/1870
f 2609/2912/1871 2610/2911/1870 2606/2905/1865
f 2613/2913/1872 2614/5597/1878 2616/2914/1873
f 2616/2914/1873 2620/2917/1876 2619/2916/1875
f 2620/2917/1876 2618/5598/2914 2617/2918/1877
f 2617/2918/1877 2618/5598/2914 2614/2919/1878
f 2621/2921/1879 2622/5599/1885 2624/2922/1880
f 2624/2922/1880 2628/2925/1883 2627/2924/1882
f 2628/2925/1883 2626/5600/2915 2625/2926/1884
f 2625/2926/1884 2626/5600/2915 2622/2927/1885
f 2630/2929/1886 2632/5601/2916 2631/2930/1887
f 2631/2932/1887 2632/5602/2916 2636/2933/1889
f 2635/2934/1890 2636/2933/1889 2634/2935/1891
f 2634/2935/1891 2630/2929/1886 2629/2931/1888
f 2637/2937/1893 2638/5603/1899 2640/2938/1894
f 2640/2938/1894 2644/2941/1897 2643/2940/1896
f 2644/2941/1897 2642/5604/2917 2641/2942/1898
f 2641/2942/1898 2642/5604/2917 2638/2943/1899
f 2645/2945/1900 2646/5605/1906 2648/2946/1901
f 2648/2946/1901 2652/2949/1904 2651/2948/1903
f 2652/2949/1904 2650/5606/2918 2649/2950/1905
f 2649/2950/1905 2650/5606/2918 2646/2951/1906
f 2654/2953/1907 2656/5607/2919 2655/2954/1908
f 2655/2956/1908 2656/5608/2919 2660/2957/1910
f 2659/2958/1911 2660/2957/1910 2658/2959/1912
f 2658/2959/1912 2654/2953/1907 2653/2955/1909
f 2661/2961/1914 2662/5609/1920 2664/2962/1915
f 2664/2962/1915 2668/2965/1918 2667/2964/1917
f 2668/2965/1918 2666/5610/2920 2665/2966/1919
f 2665/2966/1919 2666/5610/2920 2662/2967/1920
f 2669/2969/1921 2670/5611/2921 2672/2970/1922
f 2671/2971/1923 2672/2970/1922 2676/2972/1924
f 2676/2972/1924 2674/2975/1927 2673/2974/1926
f 2674/2975/1927 2670/5612/2921 2669/2976/1921
f 2677/2977/1928 2678/2985/1934 2680/2978/1929
f 2680/2980/1929 2684/2983/1932 2683/2981/1931
f 2684/2983/1932 2682/5613/2922 2681/2984/1933
f 2681/2984/1933 2682/5613/2922 2678/2985/1934
f 2686/2986/1935 2688/5614/2923 2687/2987/1936
f 2687/2987/1936 2688/5614/2923 2692/2989/1938
f 2691/2990/1939 2692/2989/1938 2690/2991/1940
f 2690/2991/1940 2686/5615/1935 2685/2993/1937
f 2694/2994/1942 2696/5616/2924 2695/2995/1943
f 2695/2995/1943 2696/5616/2924 2700/2997/1945
f 2699/2998/1946 2700/2997/1945 2698/2999/1947
f 2698/2999/1947 2694/5617/1942 2693/3001/1944
f 2701/3002/1949 2702/3009/1955 2704/3003/1950
f 2703/3005/1951 2704/5618/1950 2708/3006/1952
f 2708/3006/1952 2706/5619/2925 2705/3008/1954
f 2705/3008/1954 2706/5619/2925 2702/3009/1955
f 2710/3010/1956 2712/5620/2926 2711/3011/1957
f 2711/3011/1957 2712/5620/2926 2716/3013/1959
f 2715/3014/1960 2716/3013/1959 2714/3015/1961
f 2714/3015/1961 2710/5621/1956 2709/3017/1958
f 2718/3018/1963 2720/5622/2927 2719/3019/1964
f 2719/3019/1964 2720/5622/2927 2724/3021/1966
f 2723/3022/1967 2724/3021/1966 2722/3023/1968
f 2722/3023/1968 2718/5623/1963 2717/3025/1965
f 2725/3026/1970 2726/5624/2928 2728/3027/1971
f 2728/3029/1971 2732/3032/1974 2731/3030/1973
f 2732/3032/1974 2730/3034/1976 2729/3033/1975
f 2730/3034/1976 2726/5624/2928 2725/3026/1970
f 2734/3035/1977 2736/5625/2929 2735/3036/1978
f 2735/3036/1978 2736/5625/2929 2740/3038/1980
f 2739/3039/1981 2740/3038/1980 2738/3040/1982
f 2738/3040/1982 2734/5626/1977 2733/3042/1979
f 2742/3043/1984 2744/5627/2930 2743/3044/1985
f 2743/3044/1985 2744/5627/2930 2748/3046/1987
f 2747/3047/1988 2748/3046/1987 2746/3048/1989
f 2746/3048/1989 2742/5628/1984 2741/3050/1986
f 2749/3051/1991 2750/5629/2931 2752/3052/1992
f 2752/3054/1992 2756/3057/1995 2755/3055/1994
f 2756/3057/1995 2754/3059/1997 2753/3058/1996
f 2754/3059/1997 2750/5629/2931 2749/3051/1991
f 2757/3060/1998 2758/5630/2004 2760/3061/1999
f 2760/3061/1999 2764/3064/2002 2763/3063/2001
f 2764/3064/2002 2762/5631/2932 2761/3065/2003
f 2761/3065/2003 2762/5631/2932 2758/3066/2004
f 2765/3068/2005 2766/5632/2011 2768/3069/2006
f 2768/3069/2006 2772/3072/2009 2771/3071/2008
f 2772/3072/2009 2770/5633/2933 2769/3073/2010
f 2769/3073/2010 2770/5633/2933 2766/3074/2011
f 2774/3076/2012 2776/5634/2015 2775/3077/2013
f 2776/3079/2015 2780/5635/2934 2779/3080/2016
f 2779/3080/2016 2780/5635/2934 2778/3082/2017
f 2778/3082/2017 2774/3076/2012 2773/3078/2014
f 2781/3084/2019 2782/5636/2025 2784/3085/2020
f 2784/3085/2020 2788/3088/2023 2787/3087/2022
f 2788/3088/2023 2786/5637/2935 2785/3089/2024
f 2785/3089/2024 2786/5637/2935 2782/3090/2025
f 2789/3092/2026 2790/5638/2032 2792/3093/2027
f 2792/3093/2027 2796/3096/2030 2795/3095/2029
f 2796/3096/2030 2794/5639/2936 2793/3097/2031
f 2793/3097/2031 2794/5639/2936 2790/3098/2032
f 2798/3100/2033 2800/5640/2036 2799/3101/2034
f 2800/3103/2036 2804/5641/2937 2803/3104/2037
f 2803/3104/2037 2804/5641/2937 2802/3106/2038
f 2801/3107/2039 2802/3106/2038 2798/3100/2033
f 2805/3108/2040 2806/5642/2046 2808/3109/2041
f 2808/3109/2041 2812/3112/2044 2811/3111/2043
f 2812/3112/2044 2810/5643/2938 2809/3113/2045
f 2809/3113/2045 2810/5643/2938 2806/3114/2046
f 2813/3116/2047 2814/5644/2053 2816/3117/2048
f 2816/3117/2048 2820/3120/2051 2819/3119/2050
f 2820/3120/2051 2818/5645/2939 2817/3121/2052
f 2817/3121/2052 2818/5645/2939 2814/3122/2053
f 2822/3124/2054 2824/5646/2057 2823/3125/2055
f 2824/3127/2057 2828/5647/2940 2827/3128/2058
f 2827/3128/2058 2828/5647/2940 2826/3130/2059
f 2826/3130/2059 2822/3124/2054 2821/3126/2056
f 2829/3132/2061 2830/5648/2067 2832/3133/2062
f 2832/3133/2062 2836/3136/2065 2835/3135/2064
f 2836/3136/2065 2834/5649/2941 2833/3137/2066
f 2833/3137/2066 2834/5649/2941 2830/3138/2067
f 2837/3140/2068 2838/5650/2074 2840/3141/2069
f 2840/3141/2069 2844/3144/2072 2843/3143/2071
f 2844/3144/2072 2842/5651/2942 2841/3145/2073
f 2841/3145/2073 2842/5651/2942 2838/3146/2074
f 2846/3148/2075 2848/5652/2078 2847/3149/2076
f 2848/3151/2078 2852/5653/2943 2851/3152/2079
f 2851/3152/2079 2852/5653/2943 2850/3154/2080
f 2850/3154/2080 2846/3148/2075 2845/3150/2077
f 2853/3156/2082 2854/5654/2088 2856/3157/2083
f 2856/3157/2083 2860/3160/2086 2859/3159/2085
f 2860/3160/2086 2858/5655/2944 2857/3161/2087
f 2857/3161/2087 2858/5655/2944 2854/3162/2088
f 2861/3164/2089 2862/5656/2095 2864/3165/2090
f 2864/3165/2090 2868/3168/2093 2867/3167/2092
f 2868/3168/2093 2866/5657/2945 2865/3169/2094
f 2865/3169/2094 2866/5657/2945 2862/3170/2095
f 2870/3172/2096 2872/5658/2099 2871/3173/2097
f 2872/3175/2099 2876/5659/2946 2875/3176/2100
f 2875/3176/2100 2876/5659/2946 2874/3178/2101
f 2873/3179/2102 2874/3178/2101 2870/3172/2096
f 2877/3180/2103 2878/5660/2109 2880/3181/2104
f 2880/3181/2104 2884/3184/2107 2883/3183/2106
f 2884/3184/2107 2882/5661/2947 2881/3185/2108
f 2881/3185/2108 2882/5661/2947 2878/3186/2109
f 2885/3188/2110 2886/5662/2116 2888/3189/2111
f 2888/3189/2111 2892/3192/2114 2891/3191/2113
f 2892/3192/2114 2890/5663/2948 2889/3193/2115
f 2889/3193/2115 2890/5663/2948 2886/3194/2116
f 2894/3196/2117 2896/5664/2120 2895/3197/2118
f 2896/3199/2120 2900/5665/2949 2899/3200/2121
f 2899/3200/2121 2900/5665/2949 2898/3202/2122
f 2898/3202/2122 2894/3196/2117 2893/3198/2119
f 2901/3204/2124 2902/5666/2130 2904/3205/2125
f 2904/3205/2125 2908/3208/2128 2907/3207/2127
f 2908/3208/2128 2906/5667/2950 2905/3209/2129
f 2905/3209/2129 2906/5667/2950 2902/3210/2130
f 2909/3212/2131 2910/5668/2137 2912/3213/2132
f 2912/3213/2132 2916/3216/2135 2915/3215/2134
f 2916/3216/2135 2914/5669/2951 2913/3217/2136
f 2913/3217/2136 2914/5669/2951 2910/3218/2137
f 2918/3220/2138 2920/5670/2141 2919/3221/2139
f 2920/3223/2141 2924/5671/2952 2923/3224/2142
f 2923/3224/2142 2924/5671/2952 2922/3226/2143
f 2922/3226/2143 2918/3220/2138 2917/3222/2140
f 2925/3228/2145 2926/5672/2151 2928/3229/2146
f 2928/3229/2146 2932/3232/2149 2931/3231/2148
f 2932/3232/2149 2930/5673/2953 2929/3233/2150
f 2929/3233/2150 2930/5673/2953 2926/3234/2151
f 2933/3236/2152 2934/5674/2158 2936/3237/2153
f 2936/3237/2153 2940/3240/2156 2939/3239/2155
f 2940/3240/2156 2938/5675/2954 2937/3241/2157
f 2937/3241/2157 2938/5675/2954 2934/3242/2158
f 2942/3244/2159 2944/5676/2162 2943/3245/2160
f 2944/3247/2162 2948/5677/2955 2947/3248/2163
f 2947/3248/2163 2948/5677/2955 2946/3250/2164
f 2945/3251/2165 2946/3250/2164 2942/3244/2159
f 2949/3252/2166 2950/5678/2172 2952/3253/2167
f 2952/3253/2167 2956/3256/2170 2955/3255/2169
f 2956/3256/2170 2954/5679/2956 2953/3257/2171
f 2953/3257/2171 2954/5679/2956 2950/3258/2172
f 2957/3260/2173 2958/5680/2179 2960/3261/2174
f 2960/3261/2174 2964/3264/2177 2963/3263/2176
f 2964/3264/2177 2962/5681/2957 2961/3265/2178
f 2961/3265/2178 2962/5681/2957 2958/3266/2179
f 2966/3268/2180 2968/5682/2958 2967/3269/2181
f 2967/3271/2181 2968/5683/2958 2972/3272/2183
f 2971/3273/2184 2972/3272/2183 2970/3274/2185
f 2970/3274/2185 2966/3268/2180 2965/3270/2182
f 2973/3276/2187 2974/5684/2193 2976/3277/2188
f 2976/3277/2188 2980/3280/2191 2979/3279/2190
f 2980/3280/2191 2978/5685/2959 2977/3281/2192
f 2977/3281/2192 2978/5685/2959 2974/3282/2193
f 2981/3284/2194 2982/5686/2200 2984/3285/2195
f 2984/3285/2195 2988/3288/2198 2987/3287/2197
f 2988/3288/2198 2986/5687/2960 2985/3289/2199
f 2985/3289/2199 2986/5687/2960 2982/3290/2200
f 2990/3292/2201 2992/5688/2204 2991/3293/2202
f 2992/3295/2204 2996/5689/2961 2995/3296/2205
f 2995/3296/2205 2996/5689/2961 2994/3298/2206
f 2994/3298/2206 2990/3292/2201 2989/3294/2203
f 2997/3300/2208 2998/5690/2214 3000/3301/2209
f 3000/3301/2209 3004/3304/2212 3003/3303/2211
f 3004/3304/2212 3002/5691/2962 3001/3305/2213
f 3001/3305/2213 3002/5691/2962 2998/3306/2214
f 3005/3308/2215 3006/5692/2221 3008/3309/2216
f 3008/3309/2216 3012/3312/2219 3011/3311/2218
f 3012/3312/2219 3010/5693/2963 3009/3313/2220
f 3009/3313/2220 3010/5693/2963 3006/3314/2221
f 3014/3316/2222 3016/5694/2964 3015/3317/2223
f 3015/3319/2223 3016/5695/2964 3020/3320/2225
f 3019/3321/2226 3020/3320/2225 3018/3322/2227
f 3017/3323/2228 3018/3322/2227 3014/3316/2222
f 3021/3324/2229 3022/5696/2235 3024/3325/2230
f 3024/3325/2230 3028/3328/2233 3027/3327/2232
f 3028/3328/2233 3026/5697/2965 3025/3329/2234
f 3025/3329/2234 3026/5697/2965 3022/3330/2235
f 3029/3332/2236 3030/5698/2242 3032/3333/2237
f 3032/3333/2237 3036/3336/2240 3035/3335/2239
f 3036/3336/2240 3034/5699/2966 3033/3337/2241
f 3033/3337/2241 3034/5699/2966 3030/3338/2242
f 3038/3340/2243 3040/5700/2246 3039/3341/2244
f 3040/3343/2246 3044/5701/2967 3043/3344/2247
f 3043/3344/2247 3044/5701/2967 3042/3346/2248
f 3041/3347/2249 3042/3346/2248 3038/3340/2243
f 3045/3348/2250 3046/5702/2256 3048/3349/2251
f 3048/3349/2251 3052/3352/2254 3051/3351/2253
f 3052/3352/2254 3050/5703/2968 3049/3353/2255
f 3049/3353/2255 3050/5703/2968 3046/3354/2256
f 3053/3356/2257 3054/5704/2263 3056/3357/2258
f 3056/3357/2258 3060/3360/2261 3059/3359/2260
f 3060/3360/2261 3058/5705/2969 3057/3361/2262
f 3057/3361/2262 3058/5705/2969 3054/3362/2263
f 3062/3364/2264 3064/5706/2267 3063/3365/2265
f 3064/3367/2267 3068/5707/2970 3067/3368/2268
f 3067/3368/2268 3068/5707/2970 3066/3370/2269
f 3066/3370/2269 3062/3364/2264 3061/3366/2266
f 3069/3372/2271 3070/5708/2277 3072/3373/2272
f 3072/3373/2272 3076/3376/2275 3075/3375/2274
f 3076/3376/2275 3074/5709/2971 3073/3377/2276
f 3073/3377/2276 3074/5709/2971 3070/3378/2277
f 3077/3380/2278 3078/5710/2284 3080/3381/2279
f 3080/3381/2279 3084/3384/2282 3083/3383/2281
f 3084/3384/2282 3082/5711/2972 3081/3385/2283
f 3081/3385/2283 3082/5711/2972 3078/3386/2284
f 3086/3388/2285 3088/5712/2973 3087/3389/2286
f 3087/3391/2286 3088/5713/2973 3092/3392/2288
f 3091/3393/2289 3092/3392/2288 3090/3394/2290
f 3090/3394/2290 3086/3388/2285 3085/3390/2287
f 3093/3396/2292 3094/5714/2298 3096/3397/2293
f 3096/3397/2293 3100/3400/2296 3099/3399/2295
f 3100/3400/2296 3098/5715/2974 3097/3401/2297
f 3097/3401/2297 3098/5715/2974 3094/3402/2298
f 3101/3404/2299 3102/5716/2305 3104/3405/2300
f 3104/3405/2300 3108/3408/2303 3107/3407/2302
f 3108/3408/2303 3106/5717/2975 3105/3409/2304
f 3105/3409/2304 3106/5717/2975 3102/3410/2305
f 3110/3412/2306 3112/5718/2976 3111/3413/2307
f 3111/3415/2307 3112/5719/2976 3116/3416/2309
f 3115/3417/2310 3116/3416/2309 3114/3418/2311
f 3114/3418/2311 3110/3412/2306 3109/3414/2308
f 3117/3420/2313 3118/5720/2319 3120/3421/2314
f 3120/3421/2314 3124/3424/2317 3123/3423/2316
f 3124/3424/2317 3122/5721/2977 3121/3425/2318
f 3121/3425/2318 3122/5721/2977 3118/3426/2319
f 3125/3428/2320 3126/5722/2326 3128/3429/2321
f 3128/3429/2321 3132/3432/2324 3131/3431/2323
f 3132/3432/2324 3130/5723/2978 3129/3433/2325
f 3129/3433/2325 3130/5723/2978 3126/3434/2326
f 3134/3436/2327 3136/5724/2979 3135/3437/2328
f 3135/3439/2328 3136/5725/2979 3140/3440/2330
f 3139/3441/2331 3140/3440/2330 3138/3442/2332
f 3138/3442/2332 3134/3436/2327 3133/3438/2329
f 3142/3444/2334 3144/3447/2337 3143/3445/2335
f 3144/3447/2337 3148/5726/2980 3147/3448/2338
f 3147/3448/2338 3148/5726/2980 3146/3449/2339
f 3145/3450/2340 3146/3449/2339 3142/3451/2334
f 3150/3453/2341 3152/3456/2344 3151/3454/2342
f 3152/3456/2344 3156/5727/2981 3155/3457/2345
f 3155/3457/2345 3156/5727/2981 3154/3458/2346
f 3153/3459/2347 3154/3458/2346 3150/3460/2341
f 3157/3462/2348 3158/5728/2982 3160/3463/2349
f 3160/3465/2349 3164/3468/2352 3163/3466/2351
f 3164/3468/2352 3162/3470/2354 3161/3469/2353
f 3162/3470/2354 3158/5728/2982 3157/3462/2348
f 3166/3471/2355 3168/5729/2983 3167/3472/2356
f 3167/3472/2356 3168/5729/2983 3172/3474/2358
f 3171/3475/2359 3172/3474/2358 3170/3476/2360
f 3170/3476/2360 3166/5730/2355 3165/3478/2357
f 3174/3479/2362 3176/5731/2984 3175/3480/2363
f 3175/3480/2363 3176/5731/2984 3180/3482/2365
f 3179/3483/2366 3180/3482/2365 3178/3484/2367
f 3178/3484/2367 3174/5732/2362 3173/3486/2364
f 3181/3487/2369 3182/3495/2375 3184/3488/2370
f 3184/3490/2370 3188/3493/2373 3187/3491/2372
f 3188/3493/2373 3186/5733/2985 3185/3494/2374
f 3185/3494/2374 3186/5733/2985 3182/3495/2375
f 3190/3496/2376 3192/5734/2986 3191/3497/2377
f 3191/3497/2377 3192/5734/2986 3196/3499/2379
f 3195/3500/2380 3196/3499/2379 3194/3501/2381
f 3194/3501/2381 3190/5735/2376 3189/3503/2378
f 3198/3504/2383 3200/5736/2987 3199/3505/2384
f 3199/3505/2384 3200/5736/2987 3204/3507/2386
f 3203/3508/2387 3204/3507/2386 3202/3509/2388
f 3202/3509/2388 3198/5737/2383 3197/3511/2385
f 3205/3512/2390 3206/3520/2396 3208/3513/2391
f 3208/3515/2391 3212/3518/2394 3211/3516/2393
f 3212/3518/2394 3210/5738/2988 3209/3519/2395
f 3209/3519/2395 3210/5738/2988 3206/3520/2396
f 3214/3521/2397 3216/5739/2989 3215/3522/2398
f 3215/3522/2398 3216/5739/2989 3220/3524/2400
f 3219/3525/2401 3220/3524/2400 3218/3526/2402
f 3218/3526/2402 3214/5740/2397 3213/3528/2399
f 3221/3529/2404 3222/5741/2990 3224/3530/2405
f 3223/3531/2406 3224/3530/2405 3228/3532/2407
f 3228/3532/2407 3226/3535/2410 3225/3534/2409
f 3226/3535/2410 3222/5742/2990 3221/3536/2404
f 3230/3537/2411 3232/5743/2991 3231/3538/2412
f 3231/3540/2412 3232/5744/2991 3236/3541/2414
f 3235/3542/2415 3236/3541/2414 3234/3543/2416
f 3234/3543/2416 3230/3537/2411 3229/3539/2413
f 3237/3545/2418 3238/5745/2992 3240/3546/2419
f 3239/3547/2420 3240/3546/2419 3244/3548/2421
f 3244/3548/2421 3242/3551/2424 3241/3550/2423
f 3242/3551/2424 3238/5746/2992 3237/3552/2418
f 3245/3553/2425 3246/5747/2993 3248/3554/2426
f 3247/3555/2427 3248/3554/2426 3252/3556/2428
f 3252/3556/2428 3250/3559/2431 3249/3558/2430
f 3250/3559/2431 3246/5748/2993 3245/3560/2425
f 3254/3561/2432 3256/5749/2435 3255/3562/2433
f 3256/3564/2435 3260/5750/2994 3259/3565/2436
f 3259/3565/2436 3260/5750/2994 3258/3567/2437
f 3258/3567/2437 3254/3561/2432 3253/3563/2434
f 3261/3569/2439 3262/5751/2445 3264/3570/2440
f 3264/3570/2440 3268/3573/2443 3267/3572/2442
f 3268/3573/2443 3266/5752/2995 3265/3574/2444
f 3265/3574/2444 3266/5752/2995 3262/3575/2445
f 3269/3577/2446 3270/5753/2452 3272/3578/2447
f 3272/3578/2447 3276/3581/2450 3275/3580/2449
f 3276/3581/2450 3274/5754/2996 3273/3582/2451
f 3273/3582/2451 3274/5754/2996 3270/3583/2452
f 3278/3585/2453 3280/5755/2456 3279/3586/2454
f 3280/3588/2456 3284/5756/2997 3283/3589/2457
f 3283/3589/2457 3284/5756/2997 3282/3591/2458
f 3281/3592/2459 3282/3591/2458 3278/3585/2453
f 3285/3593/2460 3286/5757/2466 3288/3594/2461
f 3288/3594/2461 3292/3597/2464 3291/3596/2463
f 3292/3597/2464 3290/5758/2998 3289/3598/2465
f 3289/3598/2465 3290/5758/2998 3286/3599/2466
f 3293/3601/2467 3294/5759/2473 3296/3602/2468
f 3296/3602/2468 3300/3605/2471 3299/3604/2470
f 3300/3605/2471 3298/5760/2999 3297/3606/2472
f 3297/3606/2472 3298/5760/2999 3294/3607/2473
f 3301/3609/2474 3302/5761/3000 3304/3610/2475
f 3303/3612/2476 3304/5762/2475 3308/3613/2477
f 3308/3613/2477 3306/3616/2480 3305/3615/2479
f 3306/3616/2480 3302/5761/3000 3301/3609/2474
f 3309/3617/2481 3310/5763/3001 3312/3618/2482
f 3311/3619/2483 3312/3618/2482 3316/3620/2484
f 3316/3620/2484 3314/3623/2487 3313/3622/2486
f 3314/3623/2487 3310/5764/3001 3309/3624/2481
f 3317/3625/2488 3318/5765/3002 3320/3626/2489
f 3319/3627/2490 3320/3626/2489 3324/3628/2491
f 3324/3628/2491 3322/3631/2494 3321/3630/2493
f 3322/3631/2494 3318/5766/3002 3317/3632/2488
f 3325/3633/1340 3326/3639/1346 3328/3634/1341
f 3328/3634/1341 3332/3637/1344 3331/3636/1343
f 3332/3637/1344 3330/5767/2839 3329/3638/1345
f 3329/3638/1345 3330/5767/2839 3326/3639/1346
f 3333/3640/1347 3334/3646/1353 3336/3641/1348
f 3336/3641/1348 3340/3644/1351 3339/3643/1350
f 3340/3644/1351 3338/5768/2840 3337/3645/1352
f 3337/3645/1352 3338/5768/2840 3334/3646/1353
f 3341/3647/1354 3342/3653/1360 3344/3648/1355
f 3344/3648/1355 3348/3651/1358 3347/3650/1357
f 3348/3651/1358 3346/5769/2841 3345/3652/1359
f 3345/3652/1359 3346/5769/2841 3342/3653/1360
f 3350/3654/1361 3352/3657/1364 3351/3655/1362
f 3352/3657/1364 3356/5770/2842 3355/3658/1365
f 3355/3658/1365 3356/5770/2842 3354/3659/1366
f 3354/3659/1366 3350/3654/1361 3349/3656/1363
f 3357/3661/1368 3358/5771/1368 3360/3662/1369
f 3359/3663/1370 3360/3662/1369 3364/3664/1371
f 3364/3664/1371 3362/3667/1374 3361/3666/1373
f 3362/3667/1374 3358/5771/1368 3357/3661/1368
f 3365/3668/1375 3366/5772/2843 3368/3669/1376
f 3367/3670/1377 3368/3669/1376 3372/3671/1378
f 3372/3671/1378 3370/3674/1381 3369/3673/1380
f 3370/3674/1381 3366/5772/2843 3365/3668/1375
f 3373/3675/1382 3374/5773/2844 3376/3676/1383
f 3376/3676/1383 3380/3679/1386 3379/3678/1385
f 3380/3679/1386 3378/3681/1388 3377/3680/1387
f 3378/3681/1388 3374/5773/2844 3373/3675/1382
f 3381/3682/1389 3382/5774/2845 3384/3683/1390
f 3383/3684/1391 3384/3683/1390 3388/3685/1392
f 3388/3685/1392 3386/3688/1395 3385/3687/1394
f 3386/3688/1395 3382/5774/2845 3381/3682/1389
f 3389/3689/1396 3390/5775/2846 3392/3690/1397
f 3391/3691/1398 3392/3690/1397 3396/3692/1399
f 3396/3692/1399 3394/3695/1402 3393/3694/1401
f 3394/3695/1402 3390/5775/2846 3389/3689/1396
f 3397/3696/1403 3398/5776/2847 3400/3697/1404
f 3399/3698/1405 3400/3697/1404 3404/3699/1406
f 3404/3699/1406 3402/3702/1409 3401/3701/1408
f 3402/3702/1409 3398/5776/2847 3397/3696/1403
f 3405/3703/1410 3406/3709/1416 3408/3704/1411
f 3408/3704/1411 3412/3707/1414 3411/3706/1413
f 3412/3707/1414 3410/5777/2848 3409/3708/1415
f 3409/3708/1415 3410/5777/2848 3406/3709/1416
f 3413/3710/1417 3414/3716/1423 3416/3711/1418
f 3416/3711/1418 3420/3714/1421 3419/3713/1420
f 3420/3714/1421 3418/5778/2849 3417/3715/1422
f 3417/3715/1422 3418/5778/2849 3414/3716/1423
f 3421/3717/1424 3422/5779/2850 3424/3718/1425
f 3423/3719/1426 3424/3718/1425 3428/3720/1427
f 3428/3720/1427 3426/3723/1430 3425/3722/1429
f 3426/3723/1430 3422/5779/2850 3421/3717/1424
f 3429/3724/1431 3430/3730/1437 3432/3725/1432
f 3432/3725/1432 3436/3728/1435 3435/3727/1434
f 3436/3728/1435 3434/5780/2851 3433/3729/1436
f 3433/3729/1436 3434/5780/2851 3430/3730/1437
f 3437/3731/1438 3438/3737/1444 3440/3732/1439
f 3440/3732/1439 3444/3735/1442 3443/3734/1441
f 3444/3735/1442 3442/5781/2852 3441/3736/1443
f 3441/3736/1443 3442/5781/2852 3438/3737/1444
f 3446/3738/1445 3448/5782/2853 3447/3739/1446
f 3447/3739/1446 3448/5782/2853 3452/3741/1448
f 3451/3742/1449 3452/3741/1448 3450/3743/1450
f 3450/3743/1450 3446/3738/1445 3445/3740/1447
f 3453/3745/1452 3454/3751/1458 3456/3746/1453
f 3456/3746/1453 3460/3749/1456 3459/3748/1455
f 3460/3749/1456 3458/5783/2854 3457/3750/1457
f 3457/3750/1457 3458/5783/2854 3454/3751/1458
f 3461/3752/1459 3462/3758/1465 3464/3753/1460
f 3464/3753/1460 3468/3756/1463 3467/3755/1462
f 3468/3756/1463 3466/5784/2855 3465/3757/1464
f 3465/3757/1464 3466/5784/2855 3462/3758/1465
f 3470/3759/1466 3472/3762/1469 3471/3760/1467
f 3472/3762/1469 3476/5785/2856 3475/3763/1470
f 3475/3763/1470 3476/5785/2856 3474/3764/1471
f 3473/3765/1472 3474/3764/1471 3470/3759/1466
f 3477/3766/1473 3478/3772/1479 3480/3767/1474
f 3480/3767/1474 3484/3770/1477 3483/3769/1476
f 3484/3770/1477 3482/5786/2857 3481/3771/1478
f 3481/3771/1478 3482/5786/2857 3478/3772/1479
f 3485/3773/1480 3486/3779/1486 3488/3774/1481
f 3488/3774/1481 3492/3777/1484 3491/3776/1483
f 3492/3777/1484 3490/5787/2858 3489/3778/1485
f 3489/3778/1485 3490/5787/2858 3486/3779/1486
f 3494/3780/1487 3496/5788/2859 3495/3781/1488
f 3495/3781/1488 3496/5788/2859 3500/3783/1490
f 3499/3784/1491 3500/3783/1490 3498/3785/1492
f 3497/3786/1493 3498/3785/1492 3494/3780/1487
f 3501/3787/1494 3502/5789/2860 3504/3788/1495
f 3503/3789/1496 3504/3788/1495 3508/3790/1497
f 3508/3790/1497 3506/3793/1500 3505/3792/1499
f 3506/3793/1500 3502/5789/2860 3501/3787/1494
f 3509/3794/1501 3510/5790/2861 3512/3795/1502
f 3511/3796/1503 3512/3795/1502 3516/3797/1504
f 3516/3797/1504 3514/3800/1507 3513/3799/1506
f 3514/3800/1507 3510/5790/2861 3509/3794/1501
f 3517/3801/1508 3518/3807/1514 3520/3802/1509
f 3519/3803/1510 3520/3802/1509 3524/3804/1511
f 3524/3804/1511 3522/5791/2862 3521/3806/1513
f 3521/3806/1513 3522/5791/2862 3518/3807/1514
f 3526/3808/1515 3528/5792/2863 3527/3809/1516
f 3527/3809/1516 3528/5792/2863 3532/3811/1518
f 3531/3812/1519 3532/3811/1518 3530/3813/1520
f 3530/3813/1520 3526/3808/1515 3525/3810/1517
f 3534/3815/1522 3536/5793/2864 3535/3816/1523
f 3535/3816/1523 3536/5793/2864 3540/3818/1525
f 3539/3819/1526 3540/3818/1525 3538/3820/1527
f 3538/3820/1527 3534/3815/1522 3533/3817/1524
f 3541/3822/1529 3542/5794/2865 3544/3823/1530
f 3543/3824/1531 3544/3823/1530 3548/3825/1532
f 3548/3825/1532 3546/3828/1535 3545/3827/1534
f 3546/3828/1535 3542/5794/2865 3541/3822/1529
f 3550/3829/1536 3552/5795/2866 3551/3830/1537
f 3551/3830/1537 3552/5795/2866 3556/3832/1539
f 3555/3833/1540 3556/3832/1539 3554/3834/1541
f 3554/3834/1541 3550/3829/1536 3549/3831/1538
f 3558/3836/1543 3560/5796/2867 3559/3837/1544
f 3559/3837/1544 3560/5796/2867 3564/3839/1546
f 3563/3840/1547 3564/3839/1546 3562/3841/1548
f 3562/3841/1548 3558/3836/1543 3557/3838/1545
f 3565/3843/1550 3566/5797/2868 3568/3844/1551
f 3568/3844/1551 3572/3847/1554 3571/3846/1553
f 3572/3847/1554 3570/3849/1556 3569/3848/1555
f 3570/3849/1556 3566/5797/2868 3565/3843/1550
f 3574/3850/1557 3576/5798/2869 3575/3851/1558
f 3575/3851/1558 3576/5798/2869 3580/3853/1560
f 3579/3854/1561 3580/3853/1560 3578/3855/1562
f 3578/3855/1562 3574/3850/1557 3573/3852/1559
f 3582/3857/1564 3584/5799/2870 3583/3858/1565
f 3583/3858/1565 3584/5799/2870 3588/3860/1567
f 3587/3861/1568 3588/3860/1567 3586/3862/1569
f 3586/3862/1569 3582/3857/1564 3581/3859/1566
f 3589/3864/1571 3590/5800/2871 3592/3865/1572
f 3592/3865/1572 3596/3868/1575 3595/3867/1574
f 3596/3868/1575 3594/3870/1577 3593/3869/1576
f 3594/3870/1577 3590/5800/2871 3589/3864/1571
f 3598/3871/1578 3600/5801/2872 3599/3872/1579
f 3599/3872/1579 3600/5801/2872 3604/3874/1581
f 3603/3875/1582 3604/3874/1581 3602/3876/1583
f 3602/3876/1583 3598/3871/1578 3597/3873/1580
f 3606/3878/1585 3608/5802/2873 3607/3879/1586
f 3607/3879/1586 3608/5802/2873 3612/3881/1588
f 3611/3882/1589 3612/3881/1588 3610/3883/1590
f 3610/3883/1590 3606/3878/1585 3605/3880/1587
f 3613/3885/1592 3614/5803/2874 3616/3886/1593
f 3616/3886/1593 3620/3889/1596 3619/3888/1595
f 3620/3889/1596 3618/3891/1598 3617/3890/1597
f 3618/3891/1598 3614/5803/2874 3613/3885/1592
f 3622/3892/1599 3624/5804/2875 3623/3893/1600
f 3623/3893/1600 3624/5804/2875 3628/3895/1602
f 3627/3896/1603 3628/3895/1602 3626/3897/1604
f 3626/3897/1604 3622/3892/1599 3621/3894/1601
f 3630/3899/1606 3632/5805/2876 3631/3900/1607
f 3631/3900/1607 3632/5805/2876 3636/3902/1609
f 3635/3903/1610 3636/3902/1609 3634/3904/1611
f 3634/3904/1611 3630/3899/1606 3629/3901/1608
f 3637/3906/1613 3638/5806/2877 3640/3907/1614
f 3639/3908/1615 3640/3907/1614 3644/3909/1616
f 3644/3909/1616 3642/3912/1619 3641/3911/1618
f 3642/3912/1619 3638/5806/2877 3637/3906/1613
f 3646/3913/1620 3648/5807/2878 3647/3914/1621
f 3647/3914/1621 3648/5807/2878 3652/3916/1623
f 3651/3917/1624 3652/3916/1623 3650/3918/1625
f 3650/3918/1625 3646/3913/1620 3645/3915/1622
f 3654/3920/1627 3656/5808/2879 3655/3921/1628
f 3655/3921/1628 3656/5808/2879 3660/3923/1630
f 3659/3924/1631 3660/3923/1630 3658/3925/1632
f 3658/3925/1632 3654/3920/1627 3653/3922/1629
f 3661/3927/1634 3662/3933/1640 3664/3928/1635
f 3664/3928/1635 3668/3931/1638 3667/3930/1637
f 3668/3931/1638 3666/5809/2880 3665/3932/1639
f 3665/3932/1639 3666/5809/2880 3662/3933/1640
f 3670/3934/1641 3672/5810/2881 3671/3935/1642
f 3671/3935/1642 3672/5810/2881 3676/3937/1644
f 3675/3938/1645 3676/3937/1644 3674/3939/1646
f 3674/3939/1646 3670/3934/1641 3669/3936/1643
f 3678/3941/1648 3680/5811/2882 3679/3942/1649
f 3679/3942/1649 3680/5811/2882 3684/3944/1651
f 3683/3945/1652 3684/3944/1651 3682/3946/1653
f 3682/3946/1653 3678/3941/1648 3677/3943/1650
f 3685/3948/1655 3686/5812/2883 3688/3949/1656
f 3688/3949/1656 3692/3952/1659 3691/3951/1658
f 3692/3952/1659 3690/3954/1661 3689/3953/1660
f 3690/3954/1661 3686/5812/2883 3685/3948/1655
f 3694/3955/1662 3696/5813/2884 3695/3956/1663
f 3695/3956/1663 3696/5813/2884 3700/3958/1665
f 3699/3959/1666 3700/3958/1665 3698/3960/1667
f 3698/3960/1667 3694/3955/1662 3693/3957/1664
f 3702/3962/1669 3704/5814/2885 3703/3963/1670
f 3703/3963/1670 3704/5814/2885 3708/3965/1672
f 3707/3966/1673 3708/3965/1672 3706/3967/1674
f 3706/3967/1674 3702/3962/1669 3701/3964/1671
f 3709/3969/1676 3710/3975/1682 3712/3970/1677
f 3712/3970/1677 3716/3973/1680 3715/3972/1679
f 3716/3973/1680 3714/5815/2886 3713/3974/1681
f 3713/3974/1681 3714/5815/2886 3710/3975/1682
f 3718/3976/1683 3720/5816/2887 3719/3977/1684
f 3719/3977/1684 3720/5816/2887 3724/3979/1686
f 3723/3980/1687 3724/3979/1686 3722/3981/1688
f 3722/3981/1688 3718/3976/1683 3717/3978/1685
f 3726/3983/1690 3728/5817/2888 3727/3984/1691
f 3727/3984/1691 3728/5817/2888 3732/3986/1693
f 3731/3987/1694 3732/3986/1693 3730/3988/1695
f 3730/3988/1695 3726/3983/1690 3725/3985/1692
f 3733/3990/1697 3734/5818/2889 3736/3991/1698
f 3735/3992/1699 3736/3991/1698 3740/3993/1700
f 3740/3993/1700 3738/3996/1703 3737/3995/1702
f 3738/3996/1703 3734/5818/2889 3733/3990/1697
f 3742/3997/1704 3744/5819/2890 3743/3998/1705
f 3743/3998/1705 3744/5819/2890 3748/4000/1707
f 3747/4001/1708 3748/4000/1707 3746/4002/1709
f 3746/4002/1709 3742/3997/1704 3741/3999/1706
f 3750/4004/1711 3752/5820/2891 3751/4005/1712
f 3751/4005/1712 3752/5820/2891 3756/4007/1714
f 3755/4008/1715 3756/4007/1714 3754/4009/1716
f 3754/4009/1716 3750/4004/1711 3749/4006/1713
f 3757/4011/1718 3758/5821/2892 3760/4012/1719
f 3760/4012/1719 3764/4015/1722 3763/4014/1721
f 3764/4015/1722 3762/4017/1724 3761/4016/1723
f 3762/4017/1724 3758/5821/2892 3757/4011/1718
f 3766/4018/1725 3768/5822/2893 3767/4019/1726
f 3767/4019/1726 3768/5822/2893 3772/4021/1728
f 3771/4022/1729 3772/4021/1728 3770/4023/1730
f 3770/4023/1730 3766/4018/1725 3765/4020/1727
f 3774/4025/1732 3776/5823/2894 3775/4026/1733
f 3775/4026/1733 3776/5823/2894 3780/4028/1735
f 3779/4029/1736 3780/4028/1735 3778/4030/1737
f 3778/4030/1737 3774/4025/1732 3773/4027/1734
f 3781/4032/1739 3782/5824/2895 3784/4033/1740
f 3784/4033/1740 3788/4036/1743 3787/4035/1742
f 3788/4036/1743 3786/4038/1745 3785/4037/1744
f 3786/4038/1745 3782/5824/2895 3781/4032/1739
f 3790/4039/1746 3792/5825/2896 3791/4040/1747
f 3791/4040/1747 3792/5825/2896 3796/4042/1749
f 3795/4043/1750 3796/4042/1749 3794/4044/1751
f 3794/4044/1751 3790/4039/1746 3789/4041/1748
f 3798/4046/1753 3800/5826/2897 3799/4047/1754
f 3799/4047/1754 3800/5826/2897 3804/4049/1756
f 3803/4050/1757 3804/4049/1756 3802/4051/1758
f 3802/4051/1758 3798/4046/1753 3797/4048/1755
f 3805/4053/1760 3806/5827/2898 3808/4054/1761
f 3808/4054/1761 3812/4057/1764 3811/4056/1763
f 3812/4057/1764 3810/4059/1766 3809/4058/1765
f 3810/4059/1766 3806/5827/2898 3805/4053/1760
f 3814/4060/1767 3816/5828/2899 3815/4061/1768
f 3815/4061/1768 3816/5828/2899 3820/4063/1770
f 3819/4064/1771 3820/4063/1770 3818/4065/1772
f 3818/4065/1772 3814/4060/1767 3813/4062/1769
f 3822/4067/1774 3824/5829/2900 3823/4068/1775
f 3823/4068/1775 3824/5829/2900 3828/4070/1777
f 3827/4071/1778 3828/4070/1777 3826/4072/1779
f 3826/4072/1779 3822/4067/1774 3821/4069/1776
f 3829/4074/1781 3830/4080/1787 3832/4075/1782
f 3832/4075/1782 3836/4078/1785 3835/4077/1784
f 3836/4078/1785 3834/5830/2901 3833/4079/1786
f 3833/4079/1786 3834/5830/2901 3830/4080/1787
f 3838/4081/1788 3840/5831/2902 3839/4082/1789
f 3839/4082/1789 3840/5831/2902 3844/4084/1791
f 3843/4085/1792 3844/4084/1791 3842/4086/1793
f 3842/4086/1793 3838/4081/1788 3837/4083/1790
f 3846/4088/1795 3848/5832/2903 3847/4089/1796
f 3847/4089/1796 3848/5832/2903 3852/4091/1798
f 3851/4092/1799 3852/4091/1798 3850/4093/1800
f 3850/4093/1800 3846/4088/1795 3845/4090/1797
f 3853/4095/1802 3854/4101/1808 3856/4096/1803
f 3855/4097/1804 3856/4096/1803 3860/4098/1805
f 3860/4098/1805 3858/5833/2904 3857/4100/1807
f 3857/4100/1807 3858/5833/2904 3854/4101/1808
f 3862/4102/1809 3864/5834/2905 3863/4103/1810
f 3863/4103/1810 3864/5834/2905 3868/4105/1812
f 3867/4106/1813 3868/4105/1812 3866/4107/1814
f 3866/4107/1814 3862/4102/1809 3861/4104/1811
f 3870/4109/1816 3872/5835/2906 3871/4110/1817
f 3871/4110/1817 3872/5835/2906 3876/4112/1819
f 3875/4113/1820 3876/4112/1819 3874/4114/1821
f 3874/4114/1821 3870/4109/1816 3869/4111/1818
f 3877/4116/1823 3878/5836/2907 3880/4117/1824
f 3879/4118/1825 3880/4117/1824 3884/4119/1826
f 3884/4119/1826 3882/4122/1829 3881/4121/1828
f 3882/4122/1829 3878/5836/2907 3877/4116/1823
f 3886/4123/1830 3888/5837/2908 3887/4124/1831
f 3887/4124/1831 3888/5837/2908 3892/4126/1833
f 3891/4127/1834 3892/4126/1833 3890/4128/1835
f 3890/4128/1835 3886/4123/1830 3885/4125/1832
f 3894/4130/1837 3896/5838/2909 3895/4131/1838
f 3895/4131/1838 3896/5838/2909 3900/4133/1840
f 3899/4134/1841 3900/4133/1840 3898/4135/1842
f 3898/4135/1842 3894/4130/1837 3893/4132/1839
f 3902/4137/1844 3904/5839/2910 3903/4138/1845
f 3903/4138/1845 3904/5839/2910 3908/4140/1847
f 3907/4141/1848 3908/4140/1847 3906/4142/1849
f 3906/4142/1849 3902/4137/1844 3901/4139/1846
f 3909/4144/1851 3910/4150/1857 3912/4145/1852
f 3912/4145/1852 3916/4148/1855 3915/4147/1854
f 3916/4148/1855 3914/5840/2911 3913/4149/1856
f 3913/4149/1856 3914/5840/2911 3910/4150/1857
f 3917/4151/1858 3918/4157/1864 3920/4152/1859
f 3920/4152/1859 3924/4155/1862 3923/4154/1861
f 3924/4155/1862 3922/5841/2912 3921/4156/1863
f 3921/4156/1863 3922/5841/2912 3918/4157/1864
f 3926/4158/1865 3928/4161/1868 3927/4159/1866
f 3928/4161/1868 3932/5842/2913 3931/4162/1869
f 3931/4162/1869 3932/5842/2913 3930/4163/1870
f 3929/4164/1871 3930/4163/1870 3926/4158/1865
f 3933/4165/1872 3934/4171/1878 3936/4166/1873
f 3936/4166/1873 3940/4169/1876 3939/4168/1875
f 3940/4169/1876 3938/5843/2914 3937/4170/1877
f 3937/4170/1877 3938/5843/2914 3934/4171/1878
f 3941/4172/1879 3942/4178/1885 3944/4173/1880
f 3944/4173/1880 3948/4176/1883 3947/4175/1882
f 3948/4176/1883 3946/5844/2915 3945/4177/1884
f 3945/4177/1884 3946/5844/2915 3942/4178/1885
f 3950/4179/1886 3952/5845/2916 3951/4180/1887
f 3951/4180/1887 3952/5845/2916 3956/4182/1889
f 3955/4183/1890 3956/4182/1889 3954/4184/1891
f 3954/4184/1891 3950/4179/1886 3949/4181/1888
f 3957/4186/1893 3958/4192/1899 3960/4187/1894
f 3960/4187/1894 3964/4190/1897 3963/4189/1896
f 3964/4190/1897 3962/5846/2917 3961/4191/1898
f 3961/4191/1898 3962/5846/2917 3958/4192/1899
f 3965/4193/1900 3966/4199/1906 3968/4194/1901
f 3968/4194/1901 3972/4197/1904 3971/4196/1903
f 3972/4197/1904 3970/5847/2918 3969/4198/1905
f 3969/4198/1905 3970/5847/2918 3966/4199/1906
f 3974/4200/1907 3976/5848/2919 3975/4201/1908
f 3975/4201/1908 3976/5848/2919 3980/4203/1910
f 3979/4204/1911 3980/4203/1910 3978/4205/1912
f 3978/4205/1912 3974/4200/1907 3973/4202/1909
f 3981/4207/1914 3982/4213/1920 3984/4208/1915
f 3984/4208/1915 3988/4211/1918 3987/4210/1917
f 3988/4211/1918 3986/5849/2920 3985/4212/1919
f 3985/4212/1919 3986/5849/2920 3982/4213/1920
f 3989/4214/1921 3990/5850/2921 3992/4215/1922
f 3991/4216/1923 3992/4215/1922 3996/4217/1924
f 3996/4217/1924 3994/4220/1927 3993/4219/1926
f 3994/4220/1927 3990/5850/2921 3989/4214/1921
f 3997/4221/1928 3998/4227/1934 4000/4222/1929
f 4000/4222/1929 4004/4225/1932 4003/4224/1931
f 4004/4225/1932 4002/5851/2922 4001/4226/1933
f 4001/4226/1933 4002/5851/2922 3998/4227/1934
f 4006/4228/1935 4008/5852/2923 4007/4229/1936
f 4007/4229/1936 4008/5852/2923 4012/4231/1938
f 4011/4232/1939 4012/4231/1938 4010/4233/1940
f 4010/4233/1940 4006/4228/1935 4005/4230/1937
f 4014/4235/1942 4016/5853/2924 4015/4236/1943
f 4015/4236/1943 4016/5853/2924 4020/4238/1945
f 4019/4239/1946 4020/4238/1945 4018/4240/1947
f 4018/4240/1947 4014/4235/1942 4013/4237/1944
f 4021/4242/1949 4022/4248/1955 4024/4243/1950
f 4023/4244/1951 4024/4243/1950 4028/4245/1952
f 4028/4245/1952 4026/5854/2925 4025/4247/1954
f 4025/4247/1954 4026/5854/2925 4022/4248/1955
f 4030/4249/1956 4032/5855/2926 4031/4250/1957
f 4031/4250/1957 4032/5855/2926 4036/4252/1959
f 4035/4253/1960 4036/4252/1959 4034/4254/1961
f 4034/4254/1961 4030/4249/1956 4029/4251/1958
f 4038/4256/1963 4040/5856/2927 4039/4257/1964
f 4039/4257/1964 4040/5856/2927 4044/4259/1966
f 4043/4260/1967 4044/4259/1966 4042/4261/1968
f 4042/4261/1968 4038/4256/1963 4037/4258/1965
f 4045/4263/1970 4046/5857/2928 4048/4264/1971
f 4048/4264/1971 4052/4267/1974 4051/4266/1973
f 4052/4267/1974 4050/4269/1976 4049/4268/1975
f 4050/4269/1976 4046/5857/2928 4045/4263/1970
f 4054/4270/1977 4056/5858/2929 4055/4271/1978
f 4055/4271/1978 4056/5858/2929 4060/4273/1980
f 4059/4274/1981 4060/4273/1980 4058/4275/1982
f 4058/4275/1982 4054/4270/1977 4053/4272/1979
f 4062/4277/1984 4064/5859/2930 4063/4278/1985
f 4063/4278/1985 4064/5859/2930 4068/4280/1987
f 4067/4281/1988 4068/4280/1987 4066/4282/1989
f 4066/4282/1989 4062/4277/1984 4061/4279/1986
f 4069/4284/1991 4070/5860/2931 4072/4285/1992
f 4072/4285/1992 4076/4288/1995 4075/4287/1994
f 4076/4288/1995 4074/4290/1997 4073/4289/1996
f 4074/4290/1997 4070/5860/2931 4069/4284/1991
f 4077/4291/1998 4078/4297/2004 4080/4292/1999
f 4080/4292/1999 4084/4295/2002 4083/4294/2001
f 4084/4295/2002 4082/5861/2932 4081/4296/2003
f 4081/4296/2003 4082/5861/2932 4078/4297/2004
f 4085/4298/2005 4086/4304/2011 4088/4299/2006
f 4088/4299/2006 4092/4302/2009 4091/4301/2008
f 4092/4302/2009 4090/5862/2933 4089/4303/2010
f 4089/4303/2010 4090/5862/2933 4086/4304/2011
f 4094/4305/2012 4096/4308/2015 4095/4306/2013
f 4096/4308/2015 4100/5863/2934 4099/4309/2016
f 4099/4309/2016 4100/5863/2934 4098/4310/2017
f 4098/4310/2017 4094/4305/2012 4093/4307/2014
f 4101/4312/2019 4102/4318/2025 4104/4313/2020
f 4104/4313/2020 4108/4316/2023 4107/4315/2022
f 4108/4316/2023 4106/5864/2935 4105/4317/2024
f 4105/4317/2024 4106/5864/2935 4102/4318/2025
f 4109/4319/2026 4110/4325/2032 4112/4320/2027
f 4112/4320/2027 4116/4323/2030 4115/4322/2029
f 4116/4323/2030 4114/5865/2936 4113/4324/2031
f 4113/4324/2031 4114/5865/2936 4110/4325/2032
f 4118/4326/2033 4120/4329/2036 4119/4327/2034
f 4120/4329/2036 4124/5866/2937 4123/4330/2037
f 4123/4330/2037 4124/5866/2937 4122/4331/2038
f 4121/4332/2039 4122/4331/2038 4118/4326/2033
f 4125/4333/2040 4126/4339/2046 4128/4334/2041
f 4128/4334/2041 4132/4337/2044 4131/4336/2043
f 4132/4337/2044 4130/5867/2938 4129/4338/2045
f 4129/4338/2045 4130/5867/2938 4126/4339/2046
f 4133/4340/2047 4134/4346/2053 4136/4341/2048
f 4136/4341/2048 4140/4344/2051 4139/4343/2050
f 4140/4344/2051 4138/5868/2939 4137/4345/2052
f 4137/4345/2052 4138/5868/2939 4134/4346/2053
f 4142/4347/2054 4144/4350/2057 4143/4348/2055
f 4144/4350/2057 4148/5869/2940 4147/4351/2058
f 4147/4351/2058 4148/5869/2940 4146/4352/2059
f 4146/4352/2059 4142/4347/2054 4141/4349/2056
f 4149/4354/2061 4150/4360/2067 4152/4355/2062
f 4152/4355/2062 4156/4358/2065 4155/4357/2064
f 4156/4358/2065 4154/5870/2941 4153/4359/2066
f 4153/4359/2066 4154/5870/2941 4150/4360/2067
f 4157/4361/2068 4158/4367/2074 4160/4362/2069
f 4160/4362/2069 4164/4365/2072 4163/4364/2071
f 4164/4365/2072 4162/5871/2942 4161/4366/2073
f 4161/4366/2073 4162/5871/2942 4158/4367/2074
f 4166/4368/2075 4168/4371/2078 4167/4369/2076
f 4168/4371/2078 4172/5872/2943 4171/4372/2079
f 4171/4372/2079 4172/5872/2943 4170/4373/2080
f 4170/4373/2080 4166/4368/2075 4165/4370/2077
f 4173/4375/2082 4174/4381/2088 4176/4376/2083
f 4176/4376/2083 4180/4379/2086 4179/4378/2085
f 4180/4379/2086 4178/5873/2944 4177/4380/2087
f 4177/4380/2087 4178/5873/2944 4174/4381/2088
f 4181/4382/2089 4182/4388/2095 4184/4383/2090
f 4184/4383/2090 4188/4386/2093 4187/4385/2092
f 4188/4386/2093 4186/5874/2945 4185/4387/2094
f 4185/4387/2094 4186/5874/2945 4182/4388/2095
f 4190/4389/2096 4192/4392/2099 4191/4390/2097
f 4192/4392/2099 4196/5875/2946 4195/4393/2100
f 4195/4393/2100 4196/5875/2946 4194/4394/2101
f 4193/4395/2102 4194/4394/2101 4190/4389/2096
f 4197/4396/2103 4198/4402/2109 4200/4397/2104
f 4200/4397/2104 4204/4400/2107 4203/4399/2106
f 4204/4400/2107 4202/5876/2947 4201/4401/2108
f 4201/4401/2108 4202/5876/2947 4198/4402/2109
f 4205/4403/2110 4206/4409/2116 4208/4404/2111
f 4208/4404/2111 4212/4407/2114 4211/4406/2113
f 4212/4407/2114 4210/5877/2948 4209/4408/2115
f 4209/4408/2115 4210/5877/2948 4206/4409/2116
f 4214/4410/2117 4216/4413/2120 4215/4411/2118
f 4216/4413/2120 4220/5878/2949 4219/4414/2121
f 4219/4414/2121 4220/5878/2949 4218/4415/2122
f 4218/4415/2122 4214/4410/2117 4213/4412/2119
f 4221/4417/2124 4222/4423/2130 4224/4418/2125
f 4224/4418/2125 4228/4421/2128 4227/4420/2127
f 4228/4421/2128 4226/5879/2950 4225/4422/2129
f 4225/4422/2129 4226/5879/2950 4222/4423/2130
f 4229/4424/2131 4230/4430/2137 4232/4425/2132
f 4232/4425/2132 4236/4428/2135 4235/4427/2134
f 4236/4428/2135 4234/5880/2951 4233/4429/2136
f 4233/4429/2136 4234/5880/2951 4230/4430/2137
f 4238/4431/2138 4240/4434/2141 4239/4432/2139
f 4240/4434/2141 4244/5881/2952 4243/4435/2142
f 4243/4435/2142 4244/5881/2952 4242/4436/2143
f 4242/4436/2143 4238/4431/2138 4237/4433/2140
f 4245/4438/2145 4246/4444/2151 4248/4439/2146
f 4248/4439/2146 4252/4442/2149 4251/4441/2148
f 4252/4442/2149 4250/5882/2953 4249/4443/2150
f 4249/4443/2150 4250/5882/2953 4246/4444/2151
f 4253/4445/2152 4254/4451/2158 4256/4446/2153
f 4256/4446/2153 4260/4449/2156 4259/4448/2155
f 4260/4449/2156 4258/5883/2954 4257/4450/2157
f 4257/4450/2157 4258/5883/2954 4254/4451/2158
f 4262/4452/2159 4264/4455/2162 4263/4453/2160
f 4264/4455/2162 4268/5884/2955 4267/4456/2163
f 4267/4456/2163 4268/5884/2955 4266/4457/2164
f 4265/4458/2165 4266/4457/2164 4262/4452/2159
f 4269/4459/2166 4270/4465/2172 4272/4460/2167
f 4272/4460/2167 4276/4463/2170 4275/4462/2169
f 4276/4463/2170 4274/5885/2956 4273/4464/2171
f 4273/4464/2171 4274/5885/2956 4270/4465/2172
f 4277/4466/2173 4278/4472/2179 4280/4467/2174
f 4280/4467/2174 4284/4470/2177 4283/4469/2176
f 4284/4470/2177 4282/5886/2957 4281/4471/2178
f 4281/4471/2178 4282/5886/2957 4278/4472/2179
f 4286/4473/2180 4288/5887/2958 4287/4474/2181
f 4287/4474/2181 4288/5887/2958 4292/4476/2183
f 4291/4477/2184 4292/4476/2183 4290/4478/2185
f 4290/4478/2185 4286/4473/2180 4285/4475/2182
f 4293/4480/2187 4294/4486/2193 4296/4481/2188
f 4296/4481/2188 4300/4484/2191 4299/4483/2190
f 4300/4484/2191 4298/5888/2959 4297/4485/2192
f 4297/4485/2192 4298/5888/2959 4294/4486/2193
f 4301/4487/2194 4302/4493/2200 4304/4488/2195
f 4304/4488/2195 4308/4491/2198 4307/4490/2197
f 4308/4491/2198 4306/5889/2960 4305/4492/2199
f 4305/4492/2199 4306/5889/2960 4302/4493/2200
f 4310/4494/2201 4312/4497/2204 4311/4495/2202
f 4312/4497/2204 4316/5890/2961 4315/4498/2205
f 4315/4498/2205 4316/5890/2961 4314/4499/2206
f 4314/4499/2206 4310/4494/2201 4309/4496/2203
f 4317/4501/2208 4318/4507/2214 4320/4502/2209
f 4320/4502/2209 4324/4505/2212 4323/4504/2211
f 4324/4505/2212 4322/5891/2962 4321/4506/2213
f 4321/4506/2213 4322/5891/2962 4318/4507/2214
f 4325/4508/2215 4326/4514/2221 4328/4509/2216
f 4328/4509/2216 4332/4512/2219 4331/4511/2218
f 4332/4512/2219 4330/5892/2963 4329/4513/2220
f 4329/4513/2220 4330/5892/2963 4326/4514/2221
f 4334/4515/2222 4336/5893/2964 4335/4516/2223
f 4335/4516/2223 4336/5893/2964 4340/4518/2225
f 4339/4519/2226 4340/4518/2225 4338/4520/2227
f 4337/4521/2228 4338/4520/2227 4334/4515/2222
f 4341/4522/2229 4342/4528/2235 4344/4523/2230
f 4344/4523/2230 4348/4526/2233 4347/4525/2232
f 4348/4526/2233 4346/5894/2965 4345/4527/2234
f 4345/4527/2234 4346/5894/2965 4342/4528/2235
f 4349/4529/2236 4350/4535/2242 4352/4530/2237
f 4352/4530/2237 4356/4533/2240 4355/4532/2239
f 4356/4533/2240 4354/5895/2966 4353/4534/2241
f 4353/4534/2241 4354/5895/2966 4350/4535/2242
f 4358/4536/2243 4360/4539/2246 4359/4537/2244
f 4360/4539/2246 4364/5896/2967 4363/4540/2247
f 4363/4540/2247 4364/5896/2967 4362/4541/2248
f 4361/4542/2249 4362/4541/2248 4358/4536/2243
f 4365/4543/2250 4366/4549/2256 4368/4544/2251
f 4368/4544/2251 4372/4547/2254 4371/4546/2253
f 4372/4547/2254 4370/5897/2968 4369/4548/2255
f 4369/4548/2255 4370/5897/2968 4366/4549/2256
f 4373/4550/2257 4374/4556/2263 4376/4551/2258
f 4376/4551/2258 4380/4554/2261 4379/4553/2260
f 4380/4554/2261 4378/5898/2969 4377/4555/2262
f 4377/4555/2262 4378/5898/2969 4374/4556/2263
f 4382/4557/2264 4384/4560/2267 4383/4558/2265
f 4384/4560/2267 4388/5899/2970 4387/4561/2268
f 4387/4561/2268 4388/5899/2970 4386/4562/2269
f 4386/4562/2269 4382/4557/2264 4381/4559/2266
f 4389/4564/2271 4390/4570/2277 4392/4565/2272
f 4392/4565/2272 4396/4568/2275 4395/4567/2274
f 4396/4568/2275 4394/5900/2971 4393/4569/2276
f 4393/4569/2276 4394/5900/2971 4390/4570/2277
f 4397/4571/2278 4398/4577/2284 4400/4572/2279
f 4400/4572/2279 4404/4575/2282 4403/4574/2281
f 4404/4575/2282 4402/5901/2972 4401/4576/2283
f 4401/4576/2283 4402/5901/2972 4398/4577/2284
f 4406/4578/2285 4408/5902/2973 4407/4579/2286
f 4407/4579/2286 4408/5902/2973 4412/4581/2288
f 4411/4582/2289 4412/4581/2288 4410/4583/2290
f 4410/4583/2290 4406/4578/2285 4405/4580/2287
f 4413/4585/2292 4414/4591/2298 4416/4586/2293
f 4416/4586/2293 4420/4589/2296 4419/4588/2295
f 4420/4589/2296 4418/5903/2974 4417/4590/2297
f 4417/4590/2297 4418/5903/2974 4414/4591/2298
f 4421/4592/2299 4422/4598/2305 4424/4593/2300
f 4424/4593/2300 4428/4596/2303 4427/4595/2302
f 4428/4596/2303 4426/5904/2975 4425/4597/2304
f 4425/4597/2304 4426/5904/2975 4422/4598/2305
f 4430/4599/2306 4432/5905/2976 4431/4600/2307
f 4431/4600/2307 4432/5905/2976 4436/4602/2309
f 4435/4603/2310 4436/4602/2309 4434/4604/2311
f 4434/4604/2311 4430/4599/2306 4429/4601/2308
f 4437/4606/2313 4438/4612/2319 4440/4607/2314
f 4440/4607/2314 4444/4610/2317 4443/4609/2316
f 4444/4610/2317 4442/5906/2977 4441/4611/2318
f 4441/4611/2318 4442/5906/2977 4438/4612/2319
f 4445/4613/2320 4446/4619/2326 4448/4614/2321
f 4448/4614/2321 4452/4617/2324 4451/4616/2323
f 4452/4617/2324 4450/5907/2978 4449/4618/2325
f 4449/4618/2325 4450/5907/2978 4446/4619/2326
f 4454/4620/2327 4456/5908/2979 4455/4621/2328
f 4455/4621/2328 4456/5908/2979 4460/4623/2330
f 4459/4624/2331 4460/4623/2330 4458/4625/2332
f 4458/4625/2332 4454/4620/2327 4453/4622/2329
f 4462/4627/2334 4464/4630/2337 4463/4628/2335
f 4464/4630/2337 4468/5909/2980 4467/4631/2338
f 4467/4631/2338 4468/5909/2980 4466/4632/2339
f 4465/4633/2340 4466/4632/2339 4462/4627/2334
f 4470/4634/2341 4472/4637/2344 4471/4635/2342
f 4472/4637/2344 4476/5910/2981 4475/4638/2345
f 4475/4638/2345 4476/5910/2981 4474/4639/2346
f 4473/4640/2347 4474/4639/2346 4470/4634/2341
f 4477/4641/2348 4478/5911/2982 4480/4642/2349
f 4480/4642/2349 4484/4645/2352 4483/4644/2351
f 4484/4645/2352 4482/4647/2354 4481/4646/2353
f 4482/4647/2354 4478/5911/2982 4477/4641/2348
f 4486/4648/2355 4488/5912/2983 4487/4649/2356
f 4487/4649/2356 4488/5912/2983 4492/4651/2358
f 4491/4652/2359 4492/4651/2358 4490/4653/2360
f 4490/4653/2360 4486/4648/2355 4485/4650/2357
f 4494/4655/2362 4496/5913/2984 4495/4656/2363
f 4495/4656/2363 4496/5913/2984 4500/4658/2365
f 4499/4659/2366 4500/4658/2365 4498/4660/2367
f 4498/4660/2367 4494/4655/2362 4493/4657/2364
f 4501/4662/2369 4502/4668/2375 4504/4663/2370
f 4504/4663/2370 4508/4666/2373 4507/4665/2372
f 4508/4666/2373 4506/5914/2985 4505/4667/2374
f 4505/4667/2374 4506/5914/2985 4502/4668/2375
f 4510/4669/2376 4512/5915/2986 4511/4670/2377
f 4511/4670/2377 4512/5915/2986 4516/4672/2379
f 4515/4673/2380 4516/4672/2379 4514/4674/2381
f 4514/4674/2381 4510/4669/2376 4509/4671/2378
f 4518/4676/2383 4520/5916/2987 4519/4677/2384
f 4519/4677/2384 4520/5916/2987 4524/4679/2386
f 4523/4680/2387 4524/4679/2386 4522/4681/2388
f 4522/4681/2388 4518/4676/2383 4517/4678/2385
f 4525/4683/2390 4526/4689/2396 4528/4684/2391
f 4528/4684/2391 4532/4687/2394 4531/4686/2393
f 4532/4687/2394 4530/5917/2988 4529/4688/2395
f 4529/4688/2395 4530/5917/2988 4526/4689/2396
f 4534/4690/2397 4536/5918/2989 4535/4691/2398
f 4535/4691/2398 4536/5918/2989 4540/4693/2400
f 4539/4694/2401 4540/4693/2400 4538/4695/2402
f 4538/4695/2402 4534/4690/2397 4533/4692/2399
f 4541/4697/2404 4542/5919/2990 4544/4698/2405
f 4543/4699/2406 4544/4698/2405 4548/4700/2407
f 4548/4700/2407 4546/4703/2410 4545/4702/2409
f 4546/4703/2410 4542/5919/2990 4541/4697/2404
f 4550/4704/2411 4552/5920/2991 4551/4705/2412
f 4551/4705/2412 4552/5920/2991 4556/4707/2414
f 4555/4708/2415 4556/4707/2414 4554/4709/2416
f 4554/4709/2416 4550/4704/2411 4549/4706/2413
f 4557/4711/2418 4558/5921/2992 4560/4712/2419
f 4559/4713/2420 4560/4712/2419 4564/4714/2421
f 4564/4714/2421 4562/4717/2424 4561/4716/2423
f 4562/4717/2424 4558/5921/2992 4557/4711/2418
f 4565/4718/2425 4566/5922/2993 4568/4719/2426
f 4567/4720/2427 4568/4719/2426 4572/4721/2428
f 4572/4721/2428 4570/4724/2431 4569/4723/2430
f 4570/4724/2431 4566/5922/2993 4565/4718/2425
f 4574/4725/2432 4576/4728/2435 4575/4726/2433
f 4576/4728/2435 4580/5923/2994 4579/4729/2436
f 4579/4729/2436 4580/5923/2994 4578/4730/2437
f 4578/4730/2437 4574/4725/2432 4573/4727/2434
f 4581/4732/2439 4582/4738/2445 4584/4733/2440
f 4584/4733/2440 4588/4736/2443 4587/4735/2442
f 4588/4736/2443 4586/5924/2995 4585/4737/2444
f 4585/4737/2444 4586/5924/2995 4582/4738/2445
f 4589/4739/2446 4590/4745/2452 4592/4740/2447
f 4592/4740/2447 4596/4743/2450 4595/4742/2449
f 4596/4743/2450 4594/5925/2996 4593/4744/2451
f 4593/4744/2451 4594/5925/2996 4590/4745/2452
f 4598/4746/2453 4600/4749/2456 4599/4747/2454
f 4600/4749/2456 4604/5926/2997 4603/4750/2457
f 4603/4750/2457 4604/5926/2997 4602/4751/2458
f 4601/4752/2459 4602/4751/2458 4598/4746/2453
f 4605/4753/2460 4606/4759/2466 4608/4754/2461
f 4608/4754/2461 4612/4757/2464 4611/4756/2463
f 4612/4757/2464 4610/5927/2998 4609/4758/2465
f 4609/4758/2465 4610/5927/2998 4606/4759/2466
f 4613/4760/2467 4614/4766/2473 4616/4761/2468
f 4616/4761/2468 4620/4764/2471 4619/4763/2470
f 4620/4764/2471 4618/5928/2999 4617/4765/2472
f 4617/4765/2472 4618/5928/2999 4614/4766/2473
f 4621/4767/2474 4622/5929/3000 4624/4768/2475
f 4623/4769/2476 4624/4768/2475 4628/4770/2477
f 4628/4770/2477 4626/4773/2480 4625/4772/2479
f 4626/4773/2480 4622/5929/3000 4621/4767/2474
f 4629/4774/2481 4630/5930/3001 4632/4775/2482
f 4631/4776/2483 4632/4775/2482 4636/4777/2484
f 4636/4777/2484 4634/4780/2487 4633/4779/2486
f 4634/4780/2487 4630/5930/3001 4629/4774/2481
f 4637/4781/2488 4638/5931/3002 4640/4782/2489
f 4639/4783/2490 4640/4782/2489 4644/4784/2491
f 4644/4784/2491 4642/4787/2494 4641/4786/2493
f 4642/4787/2494 4638/5931/3002 4637/4781/2488
f 4654/4788/2495 4653/4804/1295 4655/4789/1296
f 4658/4791/2497 4656/4790/2496 4655/4789/1296
f 4660/4793/2498 4658/4791/2497 4657/4792/1262
f 4660/4793/2498 4659/4794/1297 4661/4795/1261
f 4664/4797/2500 4662/5932/2499 4661/4798/1261
f 4664/4797/2500 4663/4799/1298 4665/4800/1260
f 4668/4802/2502 4666/4801/2501 4665/4800/1260
f 4654/4788/2495 4668/4802/2502 4667/4803/1299
f 4657/4807/1262 4655/5933/1296 4653/4804/1295
f 4653/4804/1295 4667/4803/1299 4665/4805/1260
f 4665/4805/1260 4663/5934/1298 4661/4806/1261
f 4661/4806/1261 4659/5935/1297 4657/4807/1262
f 4657/4807/1262 4653/4804/1295 4665/4805/1260
f 4654/4788/2495 4656/4790/2496 4646/4808/1177
f 4652/4810/1178 4668/4802/2502 4654/4788/2495
f 4656/4790/2496 4658/4791/2497 4647/4811/1067
f 4647/4811/1067 4658/4791/2497 4660/4793/2498
f 4648/4812/1179 4660/4793/2498 4662/4796/2499
f 4649/4814/1180 4662/5932/2499 4664/4797/2500
f 4650/4815/1181 4664/4797/2500 4666/4801/2501
f 4666/4801/2501 4668/4802/2502 4652/4810/1178
f 4680/4817/2496 4678/4833/2505 4677/4818/1295
f 4682/4820/2503 4680/4817/2496 4679/4819/1296
f 4682/4820/2503 4681/4821/1262 4683/4822/1297
f 4684/4823/2498 4683/4822/1297 4685/4824/1261
f 4688/4826/2500 4686/5936/2499 4685/4827/1261
f 4690/4829/2504 4688/4826/2500 4687/4828/1298
f 4690/4829/2504 4689/4830/1260 4691/4831/1299
f 4692/4832/2502 4691/4831/1299 4677/4818/1295
f 4681/4836/1262 4679/5937/1296 4677/4818/1295
f 4677/4818/1295 4691/4831/1299 4689/4834/1260
f 4689/4834/1260 4687/5938/1298 4685/4835/1261
f 4685/4835/1261 4683/5939/1297 4681/4836/1262
f 4681/4836/1262 4677/4818/1295 4689/4834/1260
f 4678/4833/2505 4680/4817/2496 4670/4837/1177
f 4692/4832/2502 4678/4833/2505 4669/4838/1176
f 4680/4817/2496 4682/4820/2503 4671/4840/1067
f 4682/4820/2503 4684/4823/2498 4672/4841/1179
f 4684/4823/2498 4686/4825/2499 4673/4842/1180
f 4673/4843/1180 4686/5936/2499 4688/4826/2500
f 4674/4844/1181 4688/4826/2500 4690/4829/2504
f 4675/4845/1071 4690/4829/2504 4692/4832/2502
f 4704/4846/2496 4702/4862/2505 4701/4847/1295
f 4706/4849/2503 4704/4846/2496 4703/4848/1296
f 4706/4849/2503 4705/4850/1262 4707/4851/1297
f 4708/4852/2498 4707/4851/1297 4709/4853/1261
f 4712/4855/2500 4710/5940/2499 4709/4856/1261
f 4714/4858/2504 4712/4855/2500 4711/4857/1298
f 4714/4858/2504 4713/4859/1260 4715/4860/1299
f 4716/4861/2502 4715/4860/1299 4701/4847/1295
f 4705/4865/1262 4703/5941/1296 4701/4847/1295
f 4701/4847/1295 4715/4860/1299 4713/4863/1260
f 4713/4863/1260 4711/5942/1298 4709/4864/1261
f 4709/4864/1261 4707/5943/1297 4705/4865/1262
f 4705/4865/1262 4701/4847/1295 4713/4863/1260
f 4693/4866/1176 4702/4862/2505 4704/4846/2496
f 4716/4861/2502 4702/4862/2505 4693/4866/1176
f 4704/4846/2496 4706/4849/2503 4695/4869/1067
f 4706/4849/2503 4708/4852/2498 4696/4870/1179
f 4708/4852/2498 4710/4854/2499 4697/4871/1180
f 4697/4872/1180 4710/5940/2499 4712/4855/2500
f 4698/4873/1181 4712/4855/2500 4714/4858/2504
f 4699/4874/1071 4714/4858/2504 4716/4861/2502
f 4726/4875/2495 4725/4891/1295 4727/4876/1296
f 4728/4877/2506 4727/4876/1296 4729/4878/1262
f 4730/4879/2497 4729/4878/1262 4731/4880/1297
f 4732/4881/2498 4731/4880/1297 4733/4882/1261
f 4736/4884/2500 4734/5944/2499 4733/4885/1261
f 4738/4887/2504 4736/4884/2500 4735/4886/1298
f 4738/4887/2504 4737/4888/1260 4739/4889/1299
f 4740/4890/2502 4739/4889/1299 4725/4891/1295
f 4729/4894/1262 4727/5945/1296 4725/4891/1295
f 4725/4891/1295 4739/4889/1299 4737/4892/1260
f 4737/4892/1260 4735/5946/1298 4733/4893/1261
f 4733/4893/1261 4731/5947/1297 4729/4894/1262
f 4729/4894/1262 4725/4891/1295 4737/4892/1260
f 4726/4875/2495 4728/4877/2506 4718/4895/1177
f 4724/4897/1178 4740/4890/2502 4726/4875/2495
f 4728/4877/2506 4730/4879/2497 4719/4898/1067
f 4730/4879/2497 4732/4881/2498 4720/4899/1179
f 4732/4881/2498 4734/4883/2499 4721/4900/1180
f 4721/4901/1180 4734/5944/2499 4736/4884/2500
f 4722/4902/1181 4736/4884/2500 4738/4887/2504
f 4723/4903/1071 4738/4887/2504 4740/4890/2502
f 4752/4904/2496 4750/4920/2495 4749/4905/1295
f 4754/4907/2503 4752/4904/2496 4751/4906/1296
f 4754/4907/2503 4753/4908/1262 4755/4909/1297
f 4758/4911/2499 4756/4910/2498 4755/4909/1297
f 4760/4913/2500 4758/4930/2499 4757/4914/1261
f 4762/4916/2504 4760/4913/2500 4759/4915/1298
f 4762/4916/2504 4761/4917/1260 4763/4918/1299
f 4764/4919/2502 4763/4918/1299 4749/4905/1295
f 4753/4923/1262 4751/5948/1296 4749/4905/1295
f 4749/4905/1295 4763/4918/1299 4761/4921/1260
f 4761/4921/1260 4759/5949/1298 4757/4922/1261
f 4757/4922/1261 4755/5950/1297 4753/4923/1262
f 4753/4923/1262 4749/4905/1295 4761/4921/1260
f 4750/4920/2495 4752/4904/2496 4742/4924/1177
f 4748/4926/1178 4764/4919/2502 4750/4920/2495
f 4752/4904/2496 4754/4907/2503 4743/4927/1067
f 4743/4927/1067 4754/4907/2503 4756/4910/2498
f 4744/4928/1179 4756/4910/2498 4758/4911/2499
f 4758/4930/2499 4760/4913/2500 4746/4931/1181
f 4746/4931/1181 4760/4913/2500 4762/4916/2504
f 4747/4933/1071 4762/4916/2504 4764/4919/2502
f 4776/4934/2496 4774/4950/2505 4773/4935/1295
f 4778/4937/2503 4776/4934/2496 4775/4936/1296
f 4778/4937/2503 4777/4938/1262 4779/4939/1297
f 4780/4940/2498 4779/4939/1297 4781/4941/1261
f 4784/4943/2500 4782/4960/2499 4781/4944/1261
f 4786/4946/2504 4784/4943/2500 4783/4945/1298
f 4786/4946/2504 4785/4947/1260 4787/4948/1299
f 4788/4949/2502 4787/4948/1299 4773/4935/1295
f 4777/4953/1262 4775/5951/1296 4773/4935/1295
f 4773/4935/1295 4787/4948/1299 4785/4951/1260
f 4785/4951/1260 4783/5952/1298 4781/4952/1261
f 4781/4952/1261 4779/5953/1297 4777/4953/1262
f 4777/4953/1262 4773/4935/1295 4785/4951/1260
f 4774/4950/2505 4776/4934/2496 4766/4954/1177
f 4772/4956/1178 4788/4949/2502 4774/4950/2505
f 4776/4934/2496 4778/4937/2503 4767/4957/1067
f 4767/4957/1067 4778/4937/2503 4780/4940/2498
f 4768/4958/1179 4780/4940/2498 4782/4942/2499
f 4782/4960/2499 4784/4943/2500 4770/4961/1181
f 4784/4943/2500 4786/4946/2504 4771/4963/1071
f 4771/4963/1071 4786/4946/2504 4788/4949/2502
f 4800/4964/2496 4798/4980/2505 4797/4965/1295
f 4802/4967/2503 4800/4964/2496 4799/4966/1296
f 4802/4967/2503 4801/4968/1262 4803/4969/1297
f 4806/4971/2499 4804/4970/2498 4803/4969/1297
f 4808/4973/2500 4806/4990/2499 4805/4974/1261
f 4808/4973/2500 4807/4975/1298 4809/4976/1260
f 4810/4977/2504 4809/4976/1260 4811/4978/1299
f 4812/4979/2502 4811/4978/1299 4797/4965/1295
f 4801/4983/1262 4799/5954/1296 4797/4965/1295
f 4797/4965/1295 4811/4978/1299 4809/4981/1260
f 4809/4981/1260 4807/5955/1298 4805/4982/1261
f 4805/4982/1261 4803/5956/1297 4801/4983/1262
f 4801/4983/1262 4797/4965/1295 4809/4981/1260
f 4798/4980/2505 4800/4964/2496 4790/4984/1177
f 4796/4986/1178 4812/4979/2502 4798/4980/2505
f 4800/4964/2496 4802/4967/2503 4791/4987/1067
f 4802/4967/2503 4804/4970/2498 4792/4988/1179
f 4804/4970/2498 4806/4971/2499 4793/4989/1180
f 4806/4990/2499 4808/4973/2500 4794/4991/1181
f 4808/4973/2500 4810/4977/2504 4795/4993/1071
f 4795/4993/1071 4810/4977/2504 4812/4979/2502
f 4814/4994/2507 4816/4997/2508 4815/4995/2508
f 4816/4997/2508 4820/4999/2510 4819/4998/2509
f 4820/4999/2510 4818/5957/2512 4817/5000/2511
f 4818/5001/2512 4814/4994/2507 4813/4996/2507
f 4822/5003/2513 4824/5006/2514 4823/5004/2514
f 4824/5006/2514 4828/5008/2515 4827/5007/2515
f 4828/5008/2515 4826/5958/2516 4825/5009/2516
f 4826/5010/2516 4822/5003/2513 4821/5005/2513
f 4830/5012/2517 4832/5015/2518 4831/5013/2518
f 4832/5015/2518 4836/5017/2519 4835/5016/2519
f 4836/5017/2519 4834/5959/2521 4833/5018/2520
f 4834/5019/2521 4830/5012/2517 4829/5014/2517
f 4838/5021/2522 4840/5024/2523 4839/5022/2523
f 4840/5024/2523 4844/5026/2525 4843/5025/2524
f 4844/5026/2525 4842/5960/2526 4841/5027/2526
f 4841/5028/2526 4842/5961/2526 4838/5021/2522
f 4846/5029/2527 4848/5032/2529 4847/5030/2528
f 4848/5032/2529 4852/5034/2530 4851/5033/2530
f 4852/5034/2530 4850/5962/2531 4849/5035/2531
f 4850/5036/2531 4846/5029/2527 4845/5031/2527
f 4854/5038/2532 4856/5041/2533 4855/5039/2533
f 4856/5041/2533 4860/5043/2534 4859/5042/2534
f 4860/5043/2534 4858/5963/2535 4857/5044/2535
f 4858/5045/2535 4854/5038/2532 4853/5040/2532
f 4862/5047/2536 4864/5050/2537 4863/5048/2537
f 4864/5050/2537 4868/5052/2539 4867/5051/2538
f 4868/5052/2539 4866/5964/2540 4865/5053/2540
f 4865/5054/2540 4866/5965/2540 4862/5047/2536
f 4870/5055/2541 4872/5058/2542 4871/5056/2542
f 4872/5058/2542 4876/5060/2544 4875/5059/2544
f 4876/5060/2544 4874/5966/2545 4873/5061/2545
f 4874/5062/2545 4870/5055/2541 4869/5057/2543
f 4878/5064/2546 4880/5067/2547 4879/5065/2547
f 4880/5067/2547 4884/5069/2549 4883/5068/2548
f 4884/5069/2549 4882/5967/2551 4881/5070/2550
f 4882/5071/2551 4878/5064/2546 4877/5066/2546
f 4886/5073/2552 4888/5076/2553 4887/5074/2553
f 4888/5076/2553 4892/5078/2554 4891/5077/2554
f 4892/5078/2554 4890/5968/2555 4889/5079/2555
f 4890/5080/2555 4886/5073/2552 4885/5075/2552
f 4894/5082/2556 4896/5085/2559 4895/5083/2557
f 4896/5085/2559 4900/5087/2561 4899/5086/2560
f 4900/5087/2561 4898/5969/2562 4897/5088/2562
f 4898/5089/2562 4894/5082/2556 4893/5084/2558
f 4902/5091/2563 4904/5094/2565 4903/5092/2564
f 4904/5094/2565 4908/5096/2567 4907/5095/2566
f 4908/5096/2567 4906/5970/2568 4905/5097/2568
f 4906/5098/2568 4902/5091/2563 4901/5093/2563
f 4910/5100/2569 4912/5103/2571 4911/5101/2570
f 4912/5103/2571 4916/5105/2573 4915/5104/2572
f 4916/5105/2573 4914/5971/2574 4913/5106/2574
f 4914/5107/2574 4910/5100/2569 4909/5102/2569
f 4918/5109/2575 4920/5112/2577 4919/5110/2576
f 4920/5112/2577 4924/5114/2579 4923/5113/2578
f 4924/5114/2579 4922/5972/2580 4921/5115/2580
f 4922/5116/2580 4918/5109/2575 4917/5111/2575
f 4926/5118/2581 4928/5121/2582 4927/5119/2582
f 4928/5121/2582 4932/5123/2583 4931/5122/2583
f 4932/5123/2583 4930/5973/2584 4929/5124/2584
f 4930/5125/2584 4926/5118/2581 4925/5120/2581
f 4933/5127/2585 4937/5127/2589 4940/5127/2586
f 4934/5127/2588 4938/5127/2593 4937/5127/2589
f 4939/5127/2590 4938/5127/2593 4934/5127/2588
f 4940/5127/2586 4939/5127/2590 4935/5127/2591
f 4941/5127/2592 4944/5127/2596 4940/5127/2586
f 4942/5127/1071 4941/5127/2592 4937/5127/2589
f 4939/5127/2590 4943/5127/2594 4942/5127/1071
f 4940/5127/2586 4944/5127/2596 4943/5127/2594
f 4941/5127/2592 4945/5127/2597 4948/5127/2595
f 4942/5127/1071 4946/5127/2601 4945/5127/2597
f 4947/5127/2598 4946/5127/2601 4942/5127/1071
f 4948/5127/2595 4947/5127/2598 4943/5127/2594
f 4949/5127/2599 4952/5127/2604 4948/5127/2595
f 4950/5127/2600 4949/5127/2599 4945/5127/2597
f 4947/5127/2598 4951/5127/2602 4950/5127/2600
f 4948/5127/2595 4952/5127/2604 4951/5127/2602
f 4953/5127/2603 4956/5127/2608 4952/5127/2604
f 4954/5127/2605 4953/5127/2603 4949/5127/2599
f 4951/5127/2602 4955/5127/2606 4954/5127/2605
f 4952/5127/2604 4956/5127/2608 4955/5127/2606
f 4953/5127/2603 4957/5127/2609 4960/5127/2607
f 4954/5127/2605 4958/5127/2612 4957/5127/2609
f 4959/5127/2610 4958/5127/2612 4954/5127/2605
f 4960/5127/2607 4959/5127/2610 4955/5127/2606
f 4957/5127/2609 4961/5127/2613 4964/5127/2611
f 4958/5127/2612 4962/5127/2617 4961/5127/2613
f 4963/5127/2614 4962/5127/2617 4958/5127/2612
f 4964/5127/2611 4963/5127/2614 4959/5127/2610
f 4965/5127/2615 4968/5127/2620 4964/5127/2611
f 4966/5127/2616 4965/5127/2615 4961/5127/2613
f 4963/5127/2614 4967/5127/2618 4966/5127/2616
f 4964/5127/2611 4968/5127/2620 4967/5127/2618
f 4969/5127/2619 4972/5127/2624 4968/5127/2620
f 4970/5127/2621 4969/5127/2619 4965/5127/2615
f 4967/5127/2618 4971/5127/2622 4970/5127/2621
f 4968/5127/2620 4972/5127/2624 4971/5127/2622
f 4969/5127/2619 4973/5127/2625 4976/5127/2623
f 4970/5127/2621 4974/5127/2629 4973/5127/2625
f 4975/5127/2626 4974/5127/2629 4970/5127/2621
f 4976/5127/2623 4975/5127/2626 4971/5127/2622
f 4977/5127/2627 4980/5127/2632 4976/5127/2623
f 4978/5127/2628 4977/5127/2627 4973/5127/2625
f 4975/5127/2626 4979/5127/2630 4978/5127/2628
f 4976/5127/2623 4980/5127/2632 4979/5127/2630
f 4981/5127/2631 4984/5127/2636 4980/5127/2632
f 4982/5127/2633 4981/5127/2631 4977/5127/2627
f 4979/5127/2630 4983/5127/2634 4982/5127/2633
f 4980/5127/2632 4984/5127/2636 4983/5127/2634
f 4981/5127/2631 4985/5127/2637 4988/5127/2635
f 4982/5127/2633 4986/5127/2640 4985/5127/2637
f 4987/5127/2638 4986/5127/2640 4982/5127/2633
f 4988/5127/2635 4987/5127/2638 4983/5127/2634
f 4985/5127/2637 4989/5127/2641 4992/5127/2639
f 4986/5127/2640 4990/5127/2645 4989/5127/2641
f 4991/5127/2642 4990/5127/2645 4986/5127/2640
f 4992/5127/2639 4991/5127/2642 4987/5127/2638
f 4993/5128/2643 4996/5132/2648 4992/5127/2639
f 4994/5129/2644 4993/5128/2643 4989/5127/2641
f 4991/5127/2642 4995/5130/2646 4994/5129/2644
f 4992/5127/2639 4996/5132/2648 4995/5130/2646
f 4997/5131/2647 5000/5136/1065 4996/5132/2648
f 4998/5133/1069 4997/5131/2647 4993/5128/2643
f 4995/5130/2646 4999/5134/2649 4998/5133/1069
f 4996/5132/2648 5000/5136/1065 4999/5134/2649
f 4997/5131/2647 5001/5137/2651 5004/5135/2650
f 4998/5133/1069 5002/5140/2654 5001/5137/2651
f 5003/5138/2652 5002/5140/2654 4998/5133/1069
f 5004/5135/2650 5003/5138/2652 4999/5134/2649
f 5001/5137/2651 5005/5141/2655 5008/5139/2653
f 5002/5140/2654 5006/5145/2659 5005/5141/2655
f 5007/5142/2656 5006/5145/2659 5002/5140/2654
f 5008/5139/2653 5007/5142/2656 5003/5138/2652
f 5009/5143/2657 5012/5148/2662 5008/5139/2653
f 5010/5144/2658 5009/5143/2657 5005/5141/2655
f 5007/5142/2656 5011/5146/2660 5010/5144/2658
f 5008/5139/2653 5012/5148/2662 5011/5146/2660
f 5013/5147/2661 5016/5152/2666 5012/5148/2662
f 5014/5149/2663 5013/5147/2661 5009/5143/2657
f 5011/5146/2660 5015/5150/2664 5014/5149/2663
f 5012/5148/2662 5016/5152/2666 5015/5150/2664
f 5013/5147/2661 5017/5153/2667 5020/5151/2665
f 5014/5149/2663 5018/5156/2670 5017/5153/2667
f 5019/5154/2668 5018/5156/2670 5014/5149/2663
f 5020/5151/2665 5019/5154/2668 5015/5150/2664
f 5017/5153/2667 5021/5157/2671 5024/5155/2669
f 5018/5156/2670 5022/5161/2675 5021/5157/2671
f 5023/5158/2672 5022/5161/2675 5018/5156/2670
f 5024/5155/2669 5023/5158/2672 5019/5154/2668
f 5025/5159/2673 5028/5164/2678 5024/5155/2669
f 5026/5160/2674 5025/5159/2673 5021/5157/2671
f 5023/5158/2672 5027/5162/2676 5026/5160/2674
f 5024/5155/2669 5028/5164/2678 5027/5162/2676
f 5025/5159/2673 5029/5165/2679 5032/5163/2677
f 5026/5160/2674 5030/5168/2682 5029/5165/2679
f 5031/5166/2680 5030/5168/2682 5026/5160/2674
f 5032/5163/2677 5031/5166/2680 5027/5162/2676
f 5029/5165/2679 5033/5169/2683 5036/5167/2681
f 5030/5168/2682 5034/5173/2687 5033/5169/2683
f 5035/5170/2684 5034/5173/2687 5030/5168/2682
f 5036/5167/2681 5035/5170/2684 5031/5166/2680
f 5037/5171/2685 5040/5176/2690 5036/5167/2681
f 5038/5172/2686 5037/5171/2685 5033/5169/2683
f 5035/5170/2684 5039/5174/2688 5038/5172/2686
f 5036/5167/2681 5040/5176/2690 5039/5174/2688
f 5041/5175/2689 5044/5180/2694 5040/5176/2690
f 5042/5177/2691 5041/5175/2689 5037/5171/2685
f 5039/5174/2688 5043/5178/2692 5042/5177/2691
f 5040/5176/2690 5044/5180/2694 5043/5178/2692
f 5041/5175/2689 5045/5181/2695 5048/5179/2693
f 5042/5177/2691 5046/5184/2698 5045/5181/2695
f 5047/5182/2696 5046/5184/2698 5042/5177/2691
f 5048/5179/2693 5047/5182/2696 5043/5178/2692
f 5045/5181/2695 5049/5185/2699 5052/5183/2697
f 5046/5184/2698 5050/5189/2702 5049/5185/2699
f 5051/5186/2700 5050/5189/2702 5046/5184/2698
f 5052/5183/2697 5051/5186/2700 5047/5182/2696
f 5053/5187/2701 5056/5192/2705 5052/5183/2697
f 5054/5188/1067 5053/5187/2701 5049/5185/2699
f 5051/5186/2700 5055/5190/2703 5054/5188/1067
f 5052/5183/2697 5056/5192/2705 5055/5190/2703
f 5053/5187/2701 5057/5193/2706 5060/5191/2704
f 5054/5188/1067 5058/5197/2709 5057/5193/2706
f 5059/5194/2707 5058/5197/2709 5054/5188/1067
f 5060/5191/2704 5059/5194/2707 5055/5190/2703
f 5061/5195/2585 5064/5974/3003 5060/5191/2704
f 5062/5196/2708 5061/5195/2585 5057/5193/2706
f 5059/5194/2707 5063/5198/2591 5062/5196/2708
f 5060/5191/2704 5064/5974/3003 5063/5198/2591
f 5065/5199/2710 5069/5199/2589 5072/5199/2586
f 5066/5199/2588 5070/5199/2593 5069/5199/2589
f 5071/5199/2711 5070/5199/2593 5066/5199/2588
f 5072/5199/2586 5071/5199/2711 5067/5199/2712
f 5073/5199/2713 5076/5199/2715 5072/5199/2586
f 5074/5199/1071 5073/5199/2713 5069/5199/2589
f 5071/5199/2711 5075/5199/2714 5074/5199/1071
f 5072/5199/2586 5076/5199/2715 5075/5199/2714
f 5073/5199/2713 5077/5199/2716 5080/5199/2595
f 5074/5199/1071 5078/5199/2720 5077/5199/2716
f 5079/5199/2717 5078/5199/2720 5074/5199/1071
f 5080/5199/2595 5079/5199/2717 5075/5199/2714
f 5081/5199/2718 5084/5199/2604 5080/5199/2595
f 5082/5199/2719 5081/5199/2718 5077/5199/2716
f 5079/5199/2717 5083/5199/2721 5082/5199/2719
f 5080/5199/2595 5084/5199/2604 5083/5199/2721
f 5085/5199/2722 5088/5199/2726 5084/5199/2604
f 5086/5199/2723 5085/5199/2722 5081/5199/2718
f 5083/5199/2721 5087/5199/2724 5086/5199/2723
f 5084/5199/2604 5088/5199/2726 5087/5199/2724
f 5085/5199/2722 5089/5199/2727 5092/5199/2725
f 5086/5199/2723 5090/5199/2729 5089/5199/2727
f 5091/5199/2728 5090/5199/2729 5086/5199/2723
f 5092/5199/2725 5091/5199/2728 5087/5199/2724
f 5089/5199/2727 5093/5199/2730 5096/5199/2611
f 5090/5199/2729 5094/5199/2617 5093/5199/2730
f 5095/5199/2731 5094/5199/2617 5090/5199/2729
f 5096/5199/2611 5095/5199/2731 5091/5199/2728
f 5097/5199/2732 5100/5199/2736 5096/5199/2611
f 5098/5199/2733 5097/5199/2732 5093/5199/2730
f 5095/5199/2731 5099/5199/2734 5098/5199/2733
f 5096/5199/2611 5100/5199/2736 5099/5199/2734
f 5101/5199/2735 5104/5199/2740 5100/5199/2736
f 5102/5199/2737 5101/5199/2735 5097/5199/2732
f 5099/5199/2734 5103/5199/2738 5102/5199/2737
f 5100/5199/2736 5104/5199/2740 5103/5199/2738
f 5101/5199/2735 5105/5199/2741 5108/5199/2739
f 5102/5199/2737 5106/5199/2745 5105/5199/2741
f 5107/5199/2742 5106/5199/2745 5102/5199/2737
f 5108/5199/2739 5107/5199/2742 5103/5199/2738
f 5109/5199/2743 5112/5199/2748 5108/5199/2739
f 5110/5199/2744 5109/5199/2743 5105/5199/2741
f 5107/5199/2742 5111/5199/2746 5110/5199/2744
f 5108/5199/2739 5112/5199/2748 5111/5199/2746
f 5113/5199/2747 5116/5199/2751 5112/5199/2748
f 5114/5199/2749 5113/5199/2747 5109/5199/2743
f 5111/5199/2746 5115/5199/2750 5114/5199/2749
f 5112/5199/2748 5116/5199/2751 5115/5199/2750
f 5113/5199/2747 5117/5199/2637 5120/5199/2635
f 5114/5199/2749 5118/5199/2640 5117/5199/2637
f 5119/5199/2638 5118/5199/2640 5114/5199/2749
f 5120/5199/2635 5119/5199/2638 5115/5199/2750
f 5117/5199/2637 5121/5199/2641 5124/5199/2639
f 5118/5199/2640 5122/5199/2645 5121/5199/2641
f 5123/5199/2642 5122/5199/2645 5118/5199/2640
f 5124/5199/2639 5123/5199/2642 5119/5199/2638
f 5125/5200/2643 5128/5203/2752 5124/5199/2639
f 5126/5201/2644 5125/5200/2643 5121/5199/2641
f 5123/5199/2642 5127/5200/2646 5126/5201/2644
f 5124/5199/2639 5128/5203/2752 5127/5200/2646
f 5129/5202/2710 5132/5207/1065 5128/5203/2752
f 5130/5204/1069 5129/5202/2710 5125/5200/2643
f 5127/5200/2646 5131/5205/2712 5130/5204/1069
f 5128/5203/2752 5132/5207/1065 5131/5205/2712
f 5129/5202/2710 5133/5208/2651 5136/5206/2753
f 5130/5204/1069 5134/5211/2654 5133/5208/2651
f 5135/5209/2652 5134/5211/2654 5130/5204/1069
f 5136/5206/2753 5135/5209/2652 5131/5205/2712
f 5133/5208/2651 5137/5212/2655 5140/5210/2653
f 5134/5211/2654 5138/5216/2659 5137/5212/2655
f 5139/5213/2656 5138/5216/2659 5134/5211/2654
f 5140/5210/2653 5139/5213/2656 5135/5209/2652
f 5141/5214/2657 5144/5219/2662 5140/5210/2653
f 5142/5215/2658 5141/5214/2657 5137/5212/2655
f 5139/5213/2656 5143/5217/2660 5142/5215/2658
f 5140/5210/2653 5144/5219/2662 5143/5217/2660
f 5145/5218/2754 5148/5223/2758 5144/5219/2662
f 5146/5220/2755 5145/5218/2754 5141/5214/2657
f 5143/5217/2660 5147/5221/2756 5146/5220/2755
f 5144/5219/2662 5148/5223/2758 5147/5221/2756
f 5145/5218/2754 5149/5224/2759 5152/5222/2757
f 5146/5220/2755 5150/5227/2762 5149/5224/2759
f 5151/5225/2760 5150/5227/2762 5146/5220/2755
f 5152/5222/2757 5151/5225/2760 5147/5221/2756
f 5149/5224/2759 5153/5228/2763 5156/5226/2761
f 5150/5227/2762 5154/5232/2767 5153/5228/2763
f 5155/5229/2764 5154/5232/2767 5150/5227/2762
f 5156/5226/2761 5155/5229/2764 5151/5225/2760
f 5157/5230/2765 5160/5235/2770 5156/5226/2761
f 5158/5231/2766 5157/5230/2765 5153/5228/2763
f 5155/5229/2764 5159/5233/2768 5158/5231/2766
f 5156/5226/2761 5160/5235/2770 5159/5233/2768
f 5157/5230/2765 5161/5236/2771 5164/5234/2769
f 5158/5231/2766 5162/5239/2773 5161/5236/2771
f 5163/5237/2772 5162/5239/2773 5158/5231/2766
f 5164/5234/2769 5163/5237/2772 5159/5233/2768
f 5161/5236/2771 5165/5240/2774 5168/5238/2681
f 5162/5239/2773 5166/5244/2687 5165/5240/2774
f 5167/5241/2775 5166/5244/2687 5162/5239/2773
f 5168/5238/2681 5167/5241/2775 5163/5237/2772
f 5169/5242/2776 5172/5247/2780 5168/5238/2681
f 5170/5243/2777 5169/5242/2776 5165/5240/2774
f 5167/5241/2775 5171/5245/2778 5170/5243/2777
f 5168/5238/2681 5172/5247/2780 5171/5245/2778
f 5173/5246/2779 5176/5251/2783 5172/5247/2780
f 5174/5248/2781 5173/5246/2779 5169/5242/2776
f 5171/5245/2778 5175/5249/2782 5174/5248/2781
f 5172/5247/2780 5176/5251/2783 5175/5249/2782
f 5173/5246/2779 5177/5252/2784 5180/5250/2693
f 5174/5248/2781 5178/5255/2786 5177/5252/2784
f 5179/5253/2785 5178/5255/2786 5174/5248/2781
f 5180/5250/2693 5179/5253/2785 5175/5249/2782
f 5177/5252/2784 5181/5256/2787 5184/5254/2697
f 5178/5255/2786 5182/5260/2790 5181/5256/2787
f 5183/5257/2788 5182/5260/2790 5178/5255/2786
f 5184/5254/2697 5183/5257/2788 5179/5253/2785
f 5185/5258/2789 5188/5263/2792 5184/5254/2697
f 5186/5259/1067 5185/5258/2789 5181/5256/2787
f 5183/5257/2788 5187/5261/2791 5186/5259/1067
f 5184/5254/2697 5188/5263/2792 5187/5261/2791
f 5185/5258/2789 5189/5264/2793 5192/5262/2704
f 5186/5259/1067 5190/5268/2709 5189/5264/2793
f 5191/5265/2794 5190/5268/2709 5186/5259/1067
f 5192/5262/2704 5191/5265/2794 5187/5261/2791
f 5193/5266/2710 5196/5975/3003 5192/5262/2704
f 5194/5267/2708 5193/5266/2710 5189/5264/2793
f 5191/5265/2794 5195/5269/2712 5194/5267/2708
f 5192/5262/2704 5196/5975/3003 5195/5269/2712
f 5198/5270/2710 5200/5286/2710 5203/5271/2710
f 5197/5273/2710 5201/5276/2710 5204/5274/2710
f 5202/5272/2710 5203/5271/2710 5204/5274/2710
f 5199/5275/1067 5207/5339/1067 5205/5277/2795
f 5201/5279/2796 5209/5284/2796 5210/5280/2797
f 5202/5281/2797 5210/5280/2797 5206/5282/2798
f 5197/5278/2795 5205/5277/2795 5209/5284/2796
f 5198/5283/2798 5206/5282/2798 5208/5285/1071
f 5206/5287/2710 5210/5291/2710 5216/5288/2710
f 5209/5290/2710 5215/5296/2710 5216/5288/2710
f 5206/5287/2710 5212/5289/2710 5214/5292/2710
f 5205/5293/2710 5207/5339/2710 5213/5294/2710
f 5205/5293/2710 5211/5295/2710 5215/5296/2710
f 5211/5297/2799 5217/5305/2795 5221/5298/2796
f 5216/5300/2797 5222/5303/2797 5218/5301/2800
f 5215/5299/2796 5221/5298/2796 5222/5303/2797
f 5212/5302/2798 5218/5301/2800 5220/5304/1071
f 5213/5294/1067 5219/5342/1067 5217/5305/2795
f 5229/5306/2801 5226/5320/3004 5224/5307/2802
f 5223/5309/2804 5225/5313/3005 5230/5310/2805
f 5230/5310/2805 5229/5306/2801 5228/5308/2803
f 5231/5312/2807 5233/5329/3006 5225/5313/2808
f 5236/5315/2810 5235/5976/3007 5227/5316/2811
f 5232/5318/2813 5236/5315/2810 5228/5317/2812
f 5227/5316/2811 5235/5976/3007 5231/5312/2807
f 5226/5320/2815 5234/5326/3008 5232/5318/2813
f 5232/5321/2816 5238/5977/3009 5242/5322/2817
f 5242/5322/2817 5241/5330/2824 5235/5324/2819
f 5240/5325/2820 5238/5977/3009 5232/5321/2816
f 5231/5327/2822 5237/5978/3010 5239/5328/2823
f 5241/5330/2824 5237/5978/3010 5231/5327/2822
f 5247/5331/2825 5243/5340/3011 5237/5332/2826
f 5238/5334/2828 5244/5341/3012 5248/5335/2829
f 5248/5335/2829 5247/5331/2825 5241/5333/2827
f 5246/5337/2831 5244/5341/3012 5238/5334/2828
f 5237/5332/2826 5243/5340/3011 5245/5338/2833
f 5199/5275/1065 5204/5274/1065 5230/5310/1065
f 5200/5286/1065 5226/5320/1065 5229/5306/1065
f 5203/5271/1065 5229/5306/1065 5230/5310/1065
f 5199/5275/1065 5225/5313/1065 5233/5329/1065
f 5200/5286/1065 5208/5285/1065 5234/5326/1065
f 5214/5292/1065 5240/5325/1065 5234/5326/1065
f 5213/5294/1065 5207/5339/1065 5233/5329/1065
f 5217/5305/2710 5219/5342/2710 5245/5338/2710
f 5218/5301/2710 5222/5303/2710 5248/5335/2710
f 5218/5301/2710 5244/5341/2710 5246/5337/2710
f 5217/5305/2710 5243/5340/2710 5247/5331/2710
f 5221/5298/2710 5247/5331/2710 5248/5335/2710
f 5214/5292/1065 5220/5304/1065 5246/5337/1065
f 5213/5294/1065 5239/5328/1065 5245/5338/1065
o hull
v -9.635584 4.058638 32.500801
v -9.635584 2.761275 32.500801
v -12.499996 3.004681 -23.693237
v -12.499996 1.004681 -23.693237
v 0.000000 2.761275 32.500809
v 0.000000 3.004681 -23.693235
v 0.000000 1.004681 -23.693235
v 0.000000 4.058638 32.500809
v -12.500003 3.004681 15.709238
v -12.500003 1.004681 15.709238
v -9.635552 1.004681 -23.693237
v -9.635575 3.004681 15.709238
v -9.635574 1.004681 15.709238
v -9.635553 3.004681 -23.693237
v -9.635553 8.661859 -23.799561
v 0.000000 8.661859 -23.799561
v 0.000000 8.661859 11.323023
v -9.635574 8.661859 11.323021
v 0.000000 7.113304 36.106842
v 0.000000 6.484628 36.114769
v -9.635585 6.484628 36.114769
v -9.635584 7.113304 36.106834
v -7.764959 1.399272 27.989527
v 0.000000 1.399272 27.989534
v 0.000000 -0.357322 15.742422
v 0.000000 -0.357322 -23.660053
v -7.764950 -0.357322 15.742420
v -7.764927 -0.357322 -23.660055
v 9.635584 4.058638 32.500801
v 9.635584 2.761275 32.500801
v 12.499996 3.004681 -23.693237
v 12.499996 1.004681 -23.693237
v 12.500003 3.004681 15.709238
v 12.500003 1.004681 15.709238
v 9.635552 1.004681 -23.693237
v 9.635575 3.004681 15.709238
v 9.635574 1.004681 15.709238
v 9.635553 3.004681 -23.693237
v 9.635553 8.661859 -23.799561
v 9.635574 8.661859 11.323021
v 9.635585 6.484628 36.114769
v 9.635584 7.113304 36.106834
v 7.764959 1.399272 27.989527
v 7.764950 -0.357322 15.742420
v 7.764927 -0.357322 -23.660055
vn -0.0000 -0.9573 0.2890
vn -1.0000 -0.0000 -0.0000
vn -0.0000 -0.0000 1.0000
vn -0.0000 -0.0000 -1.0000
vn -0.0000 1.0000 -0.0000
vn -0.0000 0.9980 -0.0626
vn -0.9858 -0.0000 0.1682
vn -0.4278 -0.8990 0.0940
vn -0.0000 -0.9946 0.1040
vn -0.0000 -0.0188 -0.9998
vn -0.0000 -1.0000 -0.0000
vn -0.0000 0.0126 0.9999
vn -0.0000 -0.8303 0.5574
vn -0.0000 0.9981 0.0624
vn -0.0000 -0.9899 0.1420
vn -0.0000 -0.0244 -0.9997
vn -0.5886 -0.8084 -0.0000
vn 1.0000 -0.0000 -0.0000
vn 0.9858 -0.0000 0.1682
vn 0.4278 -0.8990 0.0940
vn 0.5886 -0.8084 -0.0000
vn -0.5860 -0.8021 0.1150
vn 0.5860 -0.8021 0.1150
vt 0.689316 0.707136
vt 0.591414 0.644976
vt 0.689799 0.646576
vt 0.433490 0.327923
vt 0.409171 0.802852
vt 0.409456 0.328566
vt 0.428859 0.000329
vt 0.419183 0.120928
vt 0.412738 0.001197
vt 0.433765 0.838077
vt 0.409171 0.838077
vt 0.468155 0.325068
vt 0.433766 0.802852
vt 0.435304 0.120060
vt 0.565153 0.488925
vt 0.565153 0.704228
vt 0.301932 0.516404
vt 0.187048 0.094001
vt 0.304826 0.094407
vt 0.374889 0.324769
vt 0.305035 0.025161
vt 0.187189 0.000400
vt 0.305094 0.000688
vt 0.187152 0.024871
vt 0.374418 0.802818
vt 0.373760 0.096342
vt 0.305817 0.818925
vt 0.186538 0.827111
vt 0.186523 0.819333
vt 0.186633 0.880980
vt 0.305843 0.826711
vt 0.306000 0.880633
vt 0.186504 0.516516
vt 0.345640 0.776441
vt 0.595066 0.488810
vt 0.694813 0.018844
vt 0.691045 0.490587
vt 0.694961 0.000329
vt 0.605734 0.030201
vt 0.578669 0.019153
vt 0.788198 0.646548
vt 0.813509 0.706212
vt 0.505279 0.035489
vt 0.529588 0.509557
vt 0.505626 0.508941
vt 0.515733 0.715671
vt 0.525581 0.835718
vt 0.509530 0.834882
vt 0.529829 0.000329
vt 0.529829 0.035489
vt 0.564147 0.512369
vt 0.531784 0.716506
vt 0.816948 0.490937
vt 0.071002 0.515840
vt 0.069264 0.094050
vt 0.471306 0.512835
vt 0.069267 0.024803
vt 0.069281 0.000329
vt 0.469155 0.035581
vt 0.000329 0.095790
vt 0.004235 0.570896
vt 0.067396 0.819341
vt 0.067395 0.827116
vt 0.067395 0.880980
vt 0.059636 0.819837
vt 0.027388 0.776732
vt 0.787041 0.490344
vt 0.783700 0.031623
vt 0.810938 0.021008
vt 0.468497 0.802827
vt 0.368557 0.571399
vt 0.313549 0.819412
vt 0.505279 0.000329
vt 0.564495 0.035514
s 0
f 5253/5979/3013 5271/5980/3013 5272/5981/3013
f 5257/5982/3014 5252/5983/3014 5258/5984/3014
f 5256/5985/3015 5250/5986/3015 5253/5987/3015
f 5252/5983/3016 5262/5988/3016 5259/5989/3016
f 5260/5990/3017 5251/5991/3017 5257/5982/3017
f 5249/5992/3018 5260/5990/3018 5257/5982/3018
f 5250/5986/3019 5257/5982/3019 5258/5984/3019
f 5261/5993/3020 5271/5980/3020 5250/5994/3020
f 5266/5995/3017 5264/5996/3017 5263/5997/3017
f 5261/5998/3021 5250/5986/3021 5258/5984/3021
f 5262/5999/3016 5255/6000/3016 5259/6001/3016
f 5262/5999/3022 5264/5996/3022 5254/6002/3022
f 5261/5998/3023 5252/5983/3023 5259/6003/3023
f 5262/6004/3014 5266/5995/3014 5263/5997/3014
f 5270/6005/3024 5268/6006/3024 5267/6007/3024
f 5256/6008/3025 5269/6009/3025 5249/6010/3025
f 5270/6005/3026 5265/6011/3026 5266/5995/3026
f 5249/6012/3014 5270/6005/3014 5266/5995/3014
f 5275/6013/3023 5274/6014/3023 5273/6015/3023
f 5271/5980/3027 5273/6015/3027 5272/5981/3027
f 5255/6016/3028 5276/6017/3028 5259/6018/3028
f 5261/5993/3029 5276/6017/3029 5275/6013/3029
f 5253/5979/3013 5291/6019/3013 5278/6020/3013
f 5280/6021/3030 5281/6022/3030 5282/6023/3030
f 5278/6024/3015 5256/6025/3015 5253/6026/3015
f 5280/6021/3016 5286/6027/3016 5279/6028/3016
f 5279/6028/3017 5284/6029/3017 5281/6022/3017
f 5277/6030/3018 5281/6022/3018 5284/6029/3018
f 5278/6024/3031 5281/6022/3031 5277/6030/3031
f 5291/6019/3032 5285/6031/3032 5278/6020/3032
f 5264/5996/3017 5288/6032/3017 5287/6033/3017
f 5285/6034/3021 5282/6023/3021 5278/6024/3021
f 5255/6000/3016 5286/6035/3016 5283/6036/3016
f 5264/5996/3022 5286/6035/3022 5254/6002/3022
f 5283/6037/3023 5282/6023/3023 5285/6034/3023
f 5286/6038/3030 5288/6032/3030 5284/6039/3030
f 5268/6006/3024 5290/6040/3024 5267/6007/3024
f 5289/6041/3025 5256/6008/3025 5277/6042/3025
f 5265/6011/3026 5290/6040/3026 5288/6032/3026
f 5288/6032/3030 5289/6043/3030 5277/6044/3030
f 5274/6014/3023 5292/6045/3023 5273/6015/3023
f 5273/6015/3027 5291/6019/3027 5272/5981/3027
f 5293/6046/3028 5255/6016/3028 5283/6047/3028
f 5285/6031/3033 5293/6046/3033 5283/6047/3033
f 5253/5979/3013 5250/5994/3013 5271/5980/3013
f 5257/5982/3014 5251/5991/3014 5252/5983/3014
f 5256/5985/3015 5249/5992/3015 5250/5986/3015
f 5252/5983/3016 5251/5991/3016 5262/5988/3016
f 5260/5990/3017 5262/6048/3017 5251/5991/3017
f 5250/5986/3019 5249/5992/3019 5257/5982/3019
f 5261/5993/3034 5275/6013/3034 5271/5980/3034
f 5266/5995/3017 5265/6011/3017 5264/5996/3017
f 5262/5999/3016 5254/6002/3016 5255/6000/3016
f 5262/5999/3022 5263/5997/3022 5264/5996/3022
f 5261/5998/3023 5258/5984/3023 5252/5983/3023
f 5262/6004/3014 5260/6049/3014 5266/5995/3014
f 5270/6005/3024 5269/6009/3024 5268/6006/3024
f 5256/6008/3025 5268/6006/3025 5269/6009/3025
f 5270/6005/3026 5267/6007/3026 5265/6011/3026
f 5266/5995/3014 5260/6049/3014 5249/6012/3014
f 5249/6012/3014 5269/6050/3014 5270/6005/3014
f 5275/6013/3023 5276/6017/3023 5274/6014/3023
f 5271/5980/3027 5275/6013/3027 5273/6015/3027
f 5255/6016/3028 5274/6014/3028 5276/6017/3028
f 5261/5993/3029 5259/6018/3029 5276/6017/3029
f 5253/5979/3013 5272/5981/3013 5291/6019/3013
f 5280/6021/3030 5279/6028/3030 5281/6022/3030
f 5278/6024/3015 5277/6030/3015 5256/6025/3015
f 5280/6021/3016 5283/6051/3016 5286/6027/3016
f 5279/6028/3017 5286/6052/3017 5284/6029/3017
f 5278/6024/3031 5282/6023/3031 5281/6022/3031
f 5291/6019/3035 5292/6045/3035 5285/6031/3035
f 5264/5996/3017 5265/6011/3017 5288/6032/3017
f 5255/6000/3016 5254/6002/3016 5286/6035/3016
f 5264/5996/3022 5287/6033/3022 5286/6035/3022
f 5283/6037/3023 5280/6021/3023 5282/6023/3023
f 5286/6038/3030 5287/6033/3030 5288/6032/3030
f 5268/6006/3024 5289/6041/3024 5290/6040/3024
f 5289/6041/3025 5268/6006/3025 5256/6008/3025
f 5265/6011/3026 5267/6007/3026 5290/6040/3026
f 5277/6044/3030 5284/6039/3030 5288/6032/3030
f 5288/6032/3030 5290/6040/3030 5289/6043/3030
f 5274/6014/3023 5293/6046/3023 5292/6045/3023
f 5273/6015/3027 5292/6045/3027 5291/6019/3027
f 5293/6046/3028 5274/6014/3028 5255/6016/3028
f 5285/6031/3033 5292/6045/3033 5293/6046/3033
o superstructure
v -2.474178 7.601123 1.923904
v -2.474178 14.523561 1.923904
v -2.474180 7.601123 9.582561
v -2.474180 14.523561 9.181450
v -2.474180 12.571078 8.846342
v -2.474178 12.571078 1.923904
v 0.000000 7.601123 9.582561
v 0.000000 14.523561 9.181450
v 0.000000 7.601123 1.923905
v 0.000000 14.523561 1.923905
v 0.000000 12.571078 1.923905
v 0.000000 12.571078 8.846342
v -4.631047 12.571078 7.566845
v -4.631047 7.601123 8.303064
v -4.631046 7.601123 1.923904
v -4.631047 14.523561 7.901951
v -4.631046 14.523561 1.923904
v -4.631046 12.571078 1.923904
v 2.474178 7.601123 1.923904
v 2.474178 14.523561 1.923904
v 2.474180 7.601123 9.582561
v 2.474180 14.523561 9.181450
v 2.474180 12.571078 8.846342
v 2.474178 12.571078 1.923904
v 4.631047 12.571078 7.566845
v 4.631047 7.601123 8.303064
v 4.631046 7.601123 1.923904
v 4.631047 14.523561 7.901951
v 4.631046 14.523561 1.923904
v 4.631046 12.571078 1.923904
v 2.262643 8.302568 -2.799387
v 3.040324 8.302568 -2.021705
v 2.299282 18.792070 -1.470213
v 1.711151 18.792070 -2.058344
v 3.040324 8.302568 2.503580
v 2.262642 8.302568 3.281261
v 1.711150 18.792070 2.540219
v 2.299281 18.792070 1.952088
v -3.040324 8.302568 -2.021706
v -2.262642 8.302568 -2.799387
v -1.711151 18.792070 -2.058345
v -2.299282 18.792070 -1.470214
v -2.262643 8.302568 3.281261
v -3.040325 8.302568 2.503579
v -2.299282 18.792070 1.952087
v -1.711152 18.792070 2.540218
v -2.145292 19.619066 -2.738606
v 2.145292 19.619066 -2.738606
v 2.979543 19.619066 -1.904355
v 2.979542 19.619066 2.386229
v 2.145292 18.808800 -2.738606
v 2.979543 18.808800 -1.904355
v -2.979543 18.808800 -1.904356
v -2.145292 18.808800 -2.738606
v 2.145291 18.808800 3.220479
v 2.979542 18.808800 2.386229
v -2.145293 18.808800 3.220479
v -2.979543 18.808800 2.386228
v -2.979543 19.619066 -1.904356
v -2.979543 19.619066 2.386228
v -2.145293 19.619066 3.220479
v 2.145291 19.619066 3.220479
v -2.107023 19.619066 -2.646218
v 2.107024 19.619066 -2.646218
v 2.887155 19.619066 -1.866087
v 2.887154 19.619066 2.347960
v 2.115581 18.871826 -2.666878
v 2.907814 18.871826 -1.874644
v -2.907814 18.871826 -1.874645
v -2.115581 18.871826 -2.666878
v 2.115580 18.871826 3.148750
v 2.907813 18.871826 2.356518
v -2.115582 18.871826 3.148750
v -2.907814 18.871826 2.356517
v -2.887155 19.619066 -1.866088
v -2.887155 19.619066 2.347960
v -2.107024 19.619066 3.128091
v 2.107023 19.619066 3.128091
v 0.100936 18.806286 -2.045282
v 0.100936 19.314285 -2.045282
v 0.100936 18.806286 -1.843410
v 0.100936 19.314285 -1.843410
v -0.100936 18.806286 -2.045282
v -0.100936 19.314285 -2.045282
v -0.100936 18.806286 -1.843410
v -0.100936 19.314285 -1.843410
v 0.053021 28.165995 -1.997368
v 0.053021 28.165995 -1.891325
v -0.053021 28.165995 -1.891325
v -0.053021 28.165995 -1.997368
v 1.726741 25.487522 -2.244741
v 1.726741 25.813091 -2.244741
v 1.726741 25.487522 -1.919171
v 1.726741 25.813091 -1.919171
v -1.726741 25.487522 -2.244742
v -1.726741 25.813091 -2.244742
v -1.726741 25.487522 -1.919172
v -1.726741 25.813091 -1.919172
v -0.145782 23.385710 -1.884334
v -0.145782 23.701855 -1.962106
v 0.179790 23.385710 -1.884334
v 0.179790 23.701855 -1.962106
v -0.145781 24.210674 1.469167
v -0.145781 24.526819 1.391396
v 0.179790 24.210674 1.469167
v 0.179790 24.526819 1.391396
vn -0.0000 -0.1692 0.9856
vn -0.0000 1.0000 -0.0000
vn -0.0000 -0.0000 -1.0000
vn -0.0000 0.1465 0.9892
vn -1.0000 -0.0000 -0.0000
vn -0.5061 0.1264 0.8532
vn -0.5047 -0.1460 0.8508
vn 1.0000 -0.0000 -0.0000
vn 0.5061 0.1264 0.8532
vn 0.5047 -0.1460 0.8508
vn 0.7044 0.0868 -0.7044
vn 0.7044 0.0868 0.7044
vn -0.7044 0.0868 0.7044
vn -0.7044 0.0868 -0.7044
vn -0.0000 -1.0000 -0.0000
vn 0.9975 0.0705 -0.0000
vn -0.0000 0.0705 -0.9975
vn -0.0000 0.0705 0.9975
vn -0.9975 0.0705 -0.0000
vn 0.7071 -0.0000 0.7071
vn -0.7071 -0.0000 0.7071
vn -0.7071 -0.0000 -0.7071
vn 0.7071 -0.0000 -0.7071
vn -0.0000 -0.0000 1.0000
vn 0.9996 -0.0276 -0.0000
vn -0.0000 -0.0276 0.9996
vn -0.9996 -0.0276 -0.0000
vn -0.7068 -0.0276 -0.7068
vn 0.7068 -0.0276 -0.7068
vn 0.7068 -0.0276 0.7068
vn -0.7068 -0.0276 0.7068
vn -0.0000 -0.0276 -0.9996
vn -1.0000 0.0054 -0.0000
vn 1.0000 0.0054 -0.0000
vn -0.0000 0.0054 -1.0000
vn -0.0000 0.0054 1.0000
vn -0.0000 -0.2389 -0.9710
vn -0.0000 0.2389 0.9710
vn -0.0000 -0.9710 0.2389
vn -0.0000 0.9710 -0.2389
vt 0.648190 0.848340
vt 0.627188 0.877778
vt 0.626284 0.848277
vt 0.730599 0.878239
vt 0.656265 0.901160
vt 0.649070 0.874309
vt 0.754191 0.878629
vt 0.729853 0.904504
vt 0.565396 0.879264
vt 0.565153 0.848101
vt 0.814886 0.848821
vt 0.814712 0.879059
vt 0.754438 0.848647
vt 0.632323 0.908184
vt 0.666400 0.975475
vt 0.642556 0.978830
vt 0.581717 0.988505
vt 0.568649 0.910250
vt 0.753792 0.904935
vt 0.627359 0.818782
vt 0.656569 0.795568
vt 0.730770 0.818918
vt 0.649220 0.822377
vt 0.730175 0.792649
vt 0.754363 0.818663
vt 0.565575 0.816939
vt 0.814886 0.818583
vt 0.632668 0.788406
vt 0.667133 0.721312
vt 0.582527 0.707794
vt 0.569008 0.785973
vt 0.754117 0.792356
vt 0.990709 0.707794
vt 0.827737 0.782743
vt 0.815544 0.785697
vt 0.998349 0.823640
vt 0.864953 0.802028
vt 0.999671 0.809434
vt 0.859877 0.831238
vt 0.978363 0.904661
vt 0.969175 0.916495
vt 0.829439 0.841735
vt 0.896792 0.955434
vt 0.884425 0.960974
vt 0.864135 0.827584
vt 0.866640 0.811391
vt 0.839876 0.842590
vt 0.817607 0.683817
vt 0.817607 0.684475
vt 0.817607 0.685133
vt 0.730900 0.848579
vt 0.814506 0.905408
vt 0.643309 0.717820
vt 0.814833 0.792233
vt 0.996752 0.724879
vt 0.815544 0.981853
s 0
f 5301/6053/3036 5298/6054/3036 5305/6055/3036
f 5295/6056/3037 5309/6057/3037 5297/6058/3037
f 5299/6059/3038 5310/6060/3038 5295/6056/3038
f 5305/6055/3039 5296/6061/3039 5300/6062/3039
f 5299/6059/3038 5302/6063/3038 5294/6064/3038
f 5301/6053/3037 5295/6056/3037 5297/6058/3037
f 5295/6056/3038 5304/6065/3038 5299/6059/3038
f 5306/6066/3040 5310/6067/3040 5311/6068/3040
f 5306/6066/3040 5308/6069/3040 5307/6070/3040
f 5298/6054/3041 5307/6070/3041 5296/6061/3041
f 5298/6054/3042 5309/6057/3042 5306/6066/3042
f 5294/6064/3038 5311/6071/3038 5299/6059/3038
f 5316/6072/3036 5301/6053/3036 5305/6055/3036
f 5321/6073/3037 5313/6074/3037 5315/6075/3037
f 5322/6076/3038 5317/6077/3038 5313/6074/3038
f 5314/6078/3039 5305/6055/3039 5300/6062/3039
f 5302/6063/3038 5317/6077/3038 5312/6079/3038
f 5313/6074/3037 5301/6053/3037 5315/6075/3037
f 5304/6065/3038 5313/6074/3038 5317/6077/3038
f 5318/6080/3043 5322/6081/3043 5321/6073/3043
f 5320/6082/3043 5318/6080/3043 5319/6083/3043
f 5319/6083/3044 5316/6072/3044 5314/6078/3044
f 5316/6072/3045 5321/6073/3045 5315/6075/3045
f 5323/6084/3038 5312/6079/3038 5317/6077/3038
f 5327/6085/3046 5325/6086/3046 5324/6087/3046
f 5330/6088/3047 5328/6089/3047 5331/6090/3047
f 5337/6091/3048 5339/6092/3048 5338/6093/3048
f 5333/6094/3049 5335/6095/3049 5334/6096/3049
f 5337/6091/3050 5333/6094/3050 5325/6086/3050
f 5325/6086/3051 5331/6090/3051 5328/6089/3051
f 5334/6096/3052 5324/6087/3052 5333/6094/3052
f 5330/6088/3053 5336/6097/3053 5329/6098/3053
f 5337/6091/3054 5335/6095/3054 5332/6099/3054
f 5350/6100/3050 5346/6100/3050 5344/6100/3050
f 5351/6100/3040 5352/6100/3040 5346/6100/3040
f 5347/6100/3038 5341/6100/3038 5344/6100/3038
f 5345/6100/3043 5343/6100/3043 5349/6100/3043
f 5349/6100/3055 5355/6100/3055 5348/6100/3055
f 5350/6100/3056 5353/6100/3056 5351/6100/3056
f 5346/6100/3057 5340/6100/3057 5347/6100/3057
f 5344/6100/3058 5342/6100/3058 5345/6100/3058
f 5348/6100/3059 5354/6100/3059 5350/6100/3059
f 5362/6100/3037 5366/6100/3037 5365/6100/3037
f 5368/6100/3060 5367/6100/3060 5362/6100/3060
f 5357/6100/3061 5363/6100/3061 5360/6100/3061
f 5359/6100/3062 5361/6100/3062 5365/6100/3062
f 5371/6100/3063 5365/6100/3063 5364/6100/3063
f 5367/6100/3064 5370/6100/3064 5366/6100/3064
f 5356/6100/3065 5362/6100/3065 5363/6100/3065
f 5361/6100/3066 5357/6100/3066 5360/6100/3066
f 5370/6100/3067 5364/6100/3067 5366/6100/3067
f 5352/6100/3037 5356/6100/3037 5340/6100/3037
f 5340/6100/3037 5357/6100/3037 5341/6100/3037
f 5341/6100/3037 5358/6100/3037 5342/6100/3037
f 5343/6100/3037 5358/6100/3037 5359/6100/3037
f 5352/6100/3037 5369/6100/3037 5368/6100/3037
f 5354/6100/3037 5369/6100/3037 5353/6100/3037
f 5355/6100/3037 5370/6100/3037 5354/6100/3037
f 5343/6100/3037 5371/6100/3037 5355/6100/3037
f 5373/6101/3043 5374/6101/3043 5372/6101/3043
f 5375/6101/3059 5378/6101/3059 5374/6101/3059
f 5379/6101/3040 5376/6101/3040 5378/6101/3040
f 5377/6101/3038 5372/6101/3038 5376/6101/3038
f 5374/6101/3050 5376/6101/3050 5372/6101/3050
f 5379/6101/3068 5383/6101/3068 5377/6101/3068
f 5381/6101/3037 5383/6101/3037 5382/6101/3037
f 5373/6101/3069 5381/6101/3069 5375/6101/3069
f 5377/6101/3070 5380/6101/3070 5373/6101/3070
f 5375/6101/3071 5382/6101/3071 5379/6101/3071
f 5385/6102/3043 5386/6102/3043 5384/6102/3043
f 5387/6102/3059 5390/6102/3059 5386/6102/3059
f 5391/6102/3040 5388/6102/3040 5390/6102/3040
f 5389/6102/3038 5384/6102/3038 5388/6102/3038
f 5390/6102/3050 5384/6102/3050 5386/6102/3050
f 5387/6102/3037 5389/6102/3037 5391/6102/3037
f 5393/6102/3072 5394/6102/3072 5392/6102/3072
f 5395/6102/3043 5398/6102/3043 5394/6102/3043
f 5399/6102/3073 5396/6102/3073 5398/6102/3073
f 5397/6102/3040 5392/6102/3040 5396/6102/3040
f 5398/6102/3074 5392/6102/3074 5394/6102/3074
f 5395/6102/3075 5397/6102/3075 5399/6102/3075
f 5301/6053/3036 5297/6058/3036 5298/6054/3036
f 5295/6056/3037 5310/6060/3037 5309/6057/3037
f 5299/6059/3038 5311/6071/3038 5310/6060/3038
f 5305/6055/3039 5298/6054/3039 5296/6061/3039
f 5299/6059/3038 5304/6065/3038 5302/6063/3038
f 5301/6053/3037 5303/6103/3037 5295/6056/3037
f 5295/6056/3038 5303/6103/3038 5304/6065/3038
f 5306/6066/3040 5309/6057/3040 5310/6067/3040
f 5306/6066/3040 5311/6068/3040 5308/6069/3040
f 5298/6054/3041 5306/6066/3041 5307/6070/3041
f 5298/6054/3042 5297/6058/3042 5309/6057/3042
f 5294/6064/3038 5308/6104/3038 5311/6071/3038
f 5316/6072/3036 5315/6075/3036 5301/6053/3036
f 5321/6073/3037 5322/6076/3037 5313/6074/3037
f 5322/6076/3038 5323/6084/3038 5317/6077/3038
f 5314/6078/3039 5316/6072/3039 5305/6055/3039
f 5302/6063/3038 5304/6065/3038 5317/6077/3038
f 5313/6074/3037 5303/6103/3037 5301/6053/3037
f 5304/6065/3038 5303/6103/3038 5313/6074/3038
f 5318/6080/3043 5323/6105/3043 5322/6081/3043
f 5320/6082/3043 5323/6105/3043 5318/6080/3043
f 5319/6083/3044 5318/6080/3044 5316/6072/3044
f 5316/6072/3045 5318/6080/3045 5321/6073/3045
f 5323/6084/3038 5320/6106/3038 5312/6079/3038
f 5327/6085/3046 5326/6107/3046 5325/6086/3046
f 5330/6088/3047 5329/6098/3047 5328/6089/3047
f 5337/6091/3048 5336/6097/3048 5339/6092/3048
f 5333/6094/3049 5332/6099/3049 5335/6095/3049
f 5325/6086/3050 5328/6089/3050 5329/6098/3050
f 5329/6098/3050 5336/6097/3050 5337/6091/3050
f 5337/6091/3050 5332/6099/3050 5333/6094/3050
f 5333/6094/3050 5324/6087/3050 5325/6086/3050
f 5325/6086/3050 5329/6098/3050 5337/6091/3050
f 5325/6086/3051 5326/6107/3051 5331/6090/3051
f 5334/6096/3052 5327/6108/3052 5324/6087/3052
f 5330/6088/3053 5339/6092/3053 5336/6097/3053
f 5337/6091/3054 5338/6093/3054 5335/6095/3054
f 5344/6100/3050 5345/6100/3050 5349/6100/3050
f 5349/6100/3050 5348/6100/3050 5350/6100/3050
f 5350/6100/3050 5351/6100/3050 5346/6100/3050
f 5346/6100/3050 5347/6100/3050 5344/6100/3050
f 5344/6100/3050 5349/6100/3050 5350/6100/3050
f 5351/6100/3040 5353/6100/3040 5352/6100/3040
f 5347/6100/3038 5340/6100/3038 5341/6100/3038
f 5345/6100/3043 5342/6100/3043 5343/6100/3043
f 5349/6100/3055 5343/6100/3055 5355/6100/3055
f 5350/6100/3056 5354/6100/3056 5353/6100/3056
f 5346/6100/3057 5352/6100/3057 5340/6100/3057
f 5344/6100/3058 5341/6100/3058 5342/6100/3058
f 5348/6100/3059 5355/6100/3059 5354/6100/3059
f 5365/6100/3037 5361/6100/3037 5360/6100/3037
f 5360/6100/3037 5363/6100/3037 5362/6100/3037
f 5362/6100/3037 5367/6100/3037 5366/6100/3037
f 5366/6100/3037 5364/6100/3037 5365/6100/3037
f 5365/6100/3037 5360/6100/3037 5362/6100/3037
f 5368/6100/3060 5369/6100/3060 5367/6100/3060
f 5357/6100/3061 5356/6100/3061 5363/6100/3061
f 5359/6100/3062 5358/6100/3062 5361/6100/3062
f 5371/6100/3063 5359/6100/3063 5365/6100/3063
f 5367/6100/3064 5369/6100/3064 5370/6100/3064
f 5356/6100/3065 5368/6100/3065 5362/6100/3065
f 5361/6100/3066 5358/6100/3066 5357/6100/3066
f 5370/6100/3067 5371/6100/3067 5364/6100/3067
f 5352/6100/3037 5368/6100/3037 5356/6100/3037
f 5340/6100/3037 5356/6100/3037 5357/6100/3037
f 5341/6100/3037 5357/6100/3037 5358/6100/3037
f 5343/6100/3037 5342/6100/3037 5358/6100/3037
f 5352/6100/3037 5353/6100/3037 5369/6100/3037
f 5354/6100/3037 5370/6100/3037 5369/6100/3037
f 5355/6100/3037 5371/6100/3037 5370/6100/3037
f 5343/6100/3037 5359/6100/3037 5371/6100/3037
f 5373/6101/3043 5375/6101/3043 5374/6101/3043
f 5375/6101/3059 5379/6101/3059 5378/6101/3059
f 5379/6101/3040 5377/6101/3040 5376/6101/3040
f 5377/6101/3038 5373/6101/3038 5372/6101/3038
f 5374/6101/3050 5378/6101/3050 5376/6101/3050
f 5379/6101/3068 5382/6101/3068 5383/6101/3068
f 5381/6101/3037 5380/6101/3037 5383/6101/3037
f 5373/6101/3069 5380/6101/3069 5381/6101/3069
f 5377/6101/3070 5383/6101/3070 5380/6101/3070
f 5375/6101/3071 5381/6101/3071 5382/6101/3071
f 5385/6102/3043 5387/6102/3043 5386/6102/3043
f 5387/6102/3059 5391/6102/3059 5390/6102/3059
f 5391/6102/3040 5389/6102/3040 5388/6102/3040
f 5389/6102/3038 5385/6102/3038 5384/6102/3038
f 5390/6102/3050 5388/6102/3050 5384/6102/3050
f 5387/6102/3037 5385/6102/3037 5389/6102/3037
f 5393/6102/3072 5395/6102/3072 5394/6102/3072
f 5395/6102/3043 5399/6102/3043 5398/6102/3043
f 5399/6102/3073 5397/6102/3073 5396/6102/3073
f 5397/6102/3040 5393/6102/3040 5392/6102/3040
f 5398/6102/3074 5396/6102/3074 5392/6102/3074
f 5395/6102/3075 5393/6102/3075 5397/6102/3075
o turrets
v -7.153434 8.438732 9.600174
v -7.153434 10.408118 9.073553
v -8.224264 8.438732 9.313246
v -7.960954 10.408118 8.857180
v -9.008165 8.438732 8.529343
v -8.552099 10.408118 8.266033
v -9.295094 8.438732 7.458513
v -8.768473 10.408118 7.458513
v -9.008165 8.438732 6.387682
v -8.552099 10.408118 6.650993
v -8.224263 8.438732 5.603781
v -7.960953 10.408118 6.059847
v -7.153433 8.438732 5.316853
v -7.153433 10.408118 5.843473
v -6.082603 8.438732 5.603781
v -6.345913 10.408118 6.059847
v -5.298701 8.438732 6.387684
v -5.754767 10.408118 6.650993
v -5.011773 8.438732 7.458513
v -5.538393 10.408118 7.458513
v -5.298701 8.438732 8.529345
v -5.754768 10.408118 8.266033
v -6.082603 8.438732 9.313246
v -6.345913 10.408118 8.857180
v -7.153434 9.349573 9.204811
v -8.026583 9.349573 8.970852
v -8.665772 9.349573 8.331663
v -8.899732 9.349573 7.458513
v -8.665772 9.349573 6.585363
v -8.026583 9.349573 5.946175
v -7.153433 9.349573 5.712214
v -6.280284 9.349573 5.946175
v -5.641094 9.349573 6.585363
v -5.407135 9.349573 7.458513
v -5.641094 9.349573 8.331663
v -6.280284 9.349573 8.970852
v 7.153434 8.438732 9.600174
v 7.153434 10.408118 9.073553
v 8.224264 8.438732 9.313246
v 7.960954 10.408118 8.857180
v 9.008165 8.438732 8.529343
v 8.552099 10.408118 8.266033
v 9.295094 8.438732 7.458513
v 8.768473 10.408118 7.458513
v 9.008165 8.438732 6.387682
v 8.552099 10.408118 6.650993
v 8.224263 8.438732 5.603781
v 7.960953 10.408118 6.059847
v 7.153433 8.438732 5.316853
v 7.153433 10.408118 5.843473
v 6.082603 8.438732 5.603781
v 6.345913 10.408118 6.059847
v 5.298701 8.438732 6.387684
v 5.754767 10.408118 6.650993
v 5.011773 8.438732 7.458513
v 5.538393 10.408118 7.458513
v 5.298701 8.438732 8.529345
v 5.754768 10.408118 8.266033
v 6.082603 8.438732 9.313246
v 6.345913 10.408118 8.857180
v 7.153434 9.349573 9.204811
v 8.026583 9.349573 8.970852
v 8.665772 9.349573 8.331663
v 8.899732 9.349573 7.458513
v 8.665772 9.349573 6.585363
v 8.026583 9.349573 5.946175
v 7.153433 9.349573 5.712214
v 6.280284 9.349573 5.946175
v 5.641094 9.349573 6.585363
v 5.407135 9.349573 7.458513
v 5.641094 9.349573 8.331663
v 6.280284 9.349573 8.970852
vn -0.2570 0.1189 0.9591
vn -0.7021 0.1189 0.7021
vn -0.9591 0.1189 0.2570
vn -0.9591 0.1189 -0.2570
vn -0.7021 0.1189 -0.7021
vn -0.2570 0.1189 -0.9591
vn 0.2570 0.1189 -0.9591
vn 0.7021 0.1189 -0.7021
vn 0.9591 0.1189 -0.2570
vn 0.9591 0.1189 0.2570
vn -0.0000 1.0000 -0.0000
vn 0.7021 0.1189 0.7021
vn 0.2570 0.1189 0.9591
vn 0.2387 0.3867 0.8908
vn 0.6521 0.3867 0.6521
vn 0.8908 0.3867 0.2387
vn 0.8908 0.3867 -0.2387
vn 0.6521 0.3867 -0.6521
vn 0.2387 0.3867 -0.8908
vn -0.2387 0.3867 -0.8908
vn -0.6521 0.3867 -0.6521
vn -0.8908 0.3867 -0.2387
vn -0.8908 0.3867 0.2387
vn -0.6521 0.3867 0.6521
vn -0.2387 0.3867 0.8908
vt 0.845135 0.647174
vt 0.836427 0.633093
vt 0.848845 0.636457
vt 0.851030 0.625280
vt 0.838262 0.623593
vt 0.851946 0.613895
vt 0.838927 0.613842
vt 0.851361 0.602441
vt 0.838359 0.604041
vt 0.849373 0.591116
vt 0.836535 0.594359
vt 0.845596 0.580252
vt 0.829358 0.576194
vt 0.840857 0.569762
vt 0.834596 0.560116
vt 0.823940 0.567878
vt 0.827383 0.551613
vt 0.826887 0.674652
vt 0.823760 0.659028
vt 0.833872 0.666496
vt 0.048896 0.905636
vt 0.072894 0.881638
vt 0.081678 0.914420
vt 0.840194 0.657319
vt 0.833190 0.642222
vt 0.850404 0.663330
vt 0.856252 0.651860
vt 0.843148 0.673890
vt 0.834491 0.683159
vt 0.844438 0.552812
vt 0.835528 0.542746
vt 0.851472 0.563921
vt 0.857030 0.575740
vt 0.860990 0.588133
vt 0.863389 0.600872
vt 0.864132 0.613901
vt 0.863146 0.626971
vt 0.860432 0.639627
vt 0.892084 0.578365
vt 0.883211 0.592661
vt 0.879993 0.583358
vt 0.897986 0.600389
vt 0.895759 0.589163
vt 0.899116 0.611813
vt 0.885253 0.602221
vt 0.898317 0.623268
vt 0.885943 0.611986
vt 0.896470 0.634605
vt 0.885499 0.621775
vt 0.892755 0.645485
vt 0.883679 0.631405
vt 0.876524 0.649583
vt 0.880754 0.640755
vt 0.881796 0.665666
vt 0.888042 0.655997
vt 0.874591 0.674192
vt 0.871116 0.657916
vt 0.873803 0.551178
vt 0.870706 0.566473
vt 0.864790 0.559156
vt 0.101263 0.881638
vt 0.125261 0.905636
vt 0.092479 0.914420
vt 0.886998 0.568286
vt 0.880821 0.559123
vt 0.875822 0.574550
vt 0.897106 0.562066
vt 0.889763 0.551741
vt 0.881148 0.542746
vt 0.891664 0.672960
vt 0.898686 0.661822
vt 0.904229 0.649972
vt 0.908170 0.637526
vt 0.910531 0.624686
vt 0.911178 0.611645
vt 0.910182 0.598615
vt 0.907454 0.585778
vt 0.903078 0.573505
vt 0.833600 0.585012
vt 0.817606 0.560010
vt 0.817606 0.666502
vt 0.072894 0.919491
vt 0.062751 0.919491
vt 0.053968 0.914420
vt 0.048896 0.895494
vt 0.053968 0.886710
vt 0.062751 0.881638
vt 0.081678 0.886710
vt 0.086749 0.895493
vt 0.086749 0.905636
vt 0.828981 0.650981
vt 0.864790 0.665803
vt 0.087408 0.905636
vt 0.087408 0.895493
vt 0.092479 0.886710
vt 0.111406 0.881638
vt 0.120189 0.886710
vt 0.125261 0.895494
vt 0.120189 0.914420
vt 0.111406 0.919491
vt 0.101263 0.919491
vt 0.882762 0.683054
s 0
f 5424/6109/3076 5403/6110/3076 5425/6111/3076
f 5403/6110/3077 5426/6112/3077 5425/6111/3077
f 5405/6113/3078 5427/6114/3078 5426/6112/3078
f 5407/6115/3079 5428/6116/3079 5427/6114/3079
f 5409/6117/3080 5429/6118/3080 5428/6116/3080
f 5411/6119/3081 5430/6120/3081 5429/6118/3081
f 5430/6120/3082 5415/6121/3082 5431/6122/3082
f 5415/6121/3083 5432/6123/3083 5431/6122/3083
f 5417/6124/3084 5433/6125/3084 5432/6123/3084
f 5433/6126/3085 5421/6127/3085 5434/6128/3085
f 5421/6129/3086 5413/6130/3086 5405/6131/3086
f 5421/6127/3087 5435/6132/3087 5434/6128/3087
f 5435/6132/3088 5401/6133/3088 5424/6109/3088
f 5422/6134/3089 5424/6109/3089 5400/6135/3089
f 5434/6128/3090 5422/6134/3090 5420/6136/3090
f 5433/6126/3091 5420/6136/3091 5418/6137/3091
f 5416/6138/3092 5433/6125/3092 5418/6139/3092
f 5431/6122/3093 5416/6138/3093 5414/6140/3093
f 5430/6120/3094 5414/6140/3094 5412/6141/3094
f 5410/6142/3095 5430/6120/3095 5412/6141/3095
f 5408/6143/3096 5429/6118/3096 5410/6142/3096
f 5406/6144/3097 5428/6116/3097 5408/6143/3097
f 5404/6145/3098 5427/6114/3098 5406/6144/3098
f 5402/6146/3099 5426/6112/3099 5404/6145/3099
f 5424/6109/3100 5402/6146/3100 5400/6135/3100
f 5460/6147/3088 5439/6148/3088 5437/6149/3088
f 5462/6150/3087 5439/6148/3087 5461/6151/3087
f 5463/6152/3085 5441/6153/3085 5462/6150/3085
f 5464/6154/3084 5443/6155/3084 5463/6152/3084
f 5465/6156/3083 5445/6157/3083 5464/6154/3083
f 5466/6158/3082 5447/6159/3082 5465/6156/3082
f 5466/6158/3081 5451/6160/3081 5449/6161/3081
f 5468/6162/3080 5451/6160/3080 5467/6163/3080
f 5469/6164/3079 5453/6165/3079 5468/6162/3079
f 5469/6166/3078 5457/6167/3078 5455/6168/3078
f 5445/6169/3086 5453/6170/3086 5437/6171/3086
f 5471/6172/3077 5457/6167/3077 5470/6173/3077
f 5471/6172/3076 5437/6149/3076 5459/6174/3076
f 5458/6175/3100 5460/6147/3100 5471/6172/3100
f 5458/6175/3099 5470/6173/3099 5456/6176/3099
f 5456/6176/3098 5469/6166/3098 5454/6177/3098
f 5452/6178/3097 5469/6164/3097 5468/6162/3097
f 5452/6178/3096 5467/6163/3096 5450/6179/3096
f 5450/6179/3095 5466/6158/3095 5448/6180/3095
f 5446/6181/3094 5466/6158/3094 5465/6156/3094
f 5444/6182/3093 5465/6156/3093 5464/6154/3093
f 5442/6183/3092 5464/6154/3092 5463/6152/3092
f 5440/6184/3091 5463/6152/3091 5462/6150/3091
f 5438/6185/3090 5462/6150/3090 5461/6151/3090
f 5438/6185/3089 5460/6147/3089 5436/6186/3089
f 5424/6109/3076 5401/6133/3076 5403/6110/3076
f 5403/6110/3077 5405/6113/3077 5426/6112/3077
f 5405/6113/3078 5407/6115/3078 5427/6114/3078
f 5407/6115/3079 5409/6117/3079 5428/6116/3079
f 5409/6117/3080 5411/6119/3080 5429/6118/3080
f 5411/6119/3081 5413/6187/3081 5430/6120/3081
f 5430/6120/3082 5413/6187/3082 5415/6121/3082
f 5415/6121/3083 5417/6124/3083 5432/6123/3083
f 5417/6124/3084 5419/6188/3084 5433/6125/3084
f 5433/6126/3085 5419/6189/3085 5421/6127/3085
f 5405/6131/3086 5403/6190/3086 5401/6191/3086
f 5401/6191/3086 5423/6192/3086 5421/6129/3086
f 5421/6129/3086 5419/6193/3086 5417/6194/3086
f 5417/6194/3086 5415/6195/3086 5413/6130/3086
f 5413/6130/3086 5411/6196/3086 5409/6197/3086
f 5409/6197/3086 5407/6198/3086 5405/6131/3086
f 5405/6131/3086 5401/6191/3086 5421/6129/3086
f 5421/6129/3086 5417/6194/3086 5413/6130/3086
f 5413/6130/3086 5409/6197/3086 5405/6131/3086
f 5421/6127/3087 5423/6199/3087 5435/6132/3087
f 5435/6132/3088 5423/6199/3088 5401/6133/3088
f 5422/6134/3089 5435/6132/3089 5424/6109/3089
f 5434/6128/3090 5435/6132/3090 5422/6134/3090
f 5433/6126/3091 5434/6128/3091 5420/6136/3091
f 5416/6138/3092 5432/6123/3092 5433/6125/3092
f 5431/6122/3093 5432/6123/3093 5416/6138/3093
f 5430/6120/3094 5431/6122/3094 5414/6140/3094
f 5410/6142/3095 5429/6118/3095 5430/6120/3095
f 5408/6143/3096 5428/6116/3096 5429/6118/3096
f 5406/6144/3097 5427/6114/3097 5428/6116/3097
f 5404/6145/3098 5426/6112/3098 5427/6114/3098
f 5402/6146/3099 5425/6111/3099 5426/6112/3099
f 5424/6109/3100 5425/6111/3100 5402/6146/3100
f 5460/6147/3088 5461/6151/3088 5439/6148/3088
f 5462/6150/3087 5441/6153/3087 5439/6148/3087
f 5463/6152/3085 5443/6155/3085 5441/6153/3085
f 5464/6154/3084 5445/6157/3084 5443/6155/3084
f 5465/6156/3083 5447/6159/3083 5445/6157/3083
f 5466/6158/3082 5449/6161/3082 5447/6159/3082
f 5466/6158/3081 5467/6163/3081 5451/6160/3081
f 5468/6162/3080 5453/6165/3080 5451/6160/3080
f 5469/6164/3079 5455/6200/3079 5453/6165/3079
f 5469/6166/3078 5470/6173/3078 5457/6167/3078
f 5437/6171/3086 5439/6201/3086 5441/6202/3086
f 5441/6202/3086 5443/6203/3086 5445/6169/3086
f 5445/6169/3086 5447/6204/3086 5449/6205/3086
f 5449/6205/3086 5451/6206/3086 5453/6170/3086
f 5453/6170/3086 5455/6207/3086 5457/6208/3086
f 5457/6208/3086 5459/6209/3086 5437/6171/3086
f 5437/6171/3086 5441/6202/3086 5445/6169/3086
f 5445/6169/3086 5449/6205/3086 5453/6170/3086
f 5453/6170/3086 5457/6208/3086 5437/6171/3086
f 5471/6172/3077 5459/6174/3077 5457/6167/3077
f 5471/6172/3076 5460/6147/3076 5437/6149/3076
f 5458/6175/3100 5436/6186/3100 5460/6147/3100
f 5458/6175/3099 5471/6172/3099 5470/6173/3099
f 5456/6176/3098 5470/6173/3098 5469/6166/3098
f 5452/6178/3097 5454/6210/3097 5469/6164/3097
f 5452/6178/3096 5468/6162/3096 5467/6163/3096
f 5450/6179/3095 5467/6163/3095 5466/6158/3095
f 5446/6181/3094 5448/6180/3094 5466/6158/3094
f 5444/6182/3093 5446/6181/3093 5465/6156/3093
f 5442/6183/3092 5444/6182/3092 5464/6154/3092
f 5440/6184/3091 5442/6183/3091 5463/6152/3091
f 5438/6185/3090 5440/6184/3090 5462/6150/3090
f 5438/6185/3089 5461/6151/3089 5460/6147/3089
o props
v -9.355644 17.797356 -23.584751
v -6.721798 16.706381 -23.584751
v -5.630824 14.072536 -23.584751
v -6.721798 11.438690 -23.584751
v -9.355644 10.347715 -23.584751
v -11.989491 11.438690 -23.584751
v -13.080465 14.072536 -23.584751
v -11.989491 16.706381 -23.584751
v -9.355644 17.797356 -21.372818
v -6.721799 16.706381 -21.372818
v -5.630824 14.072536 -21.372818
v -6.721799 11.438690 -21.372818
v -9.355644 10.347715 -21.372818
v -11.989491 11.438690 -21.372818
v -13.080465 14.072536 -21.372818
v -11.989491 16.706381 -21.372818
v -7.027176 16.401003 -23.584751
v -9.355644 17.365486 -23.584751
v -6.062693 14.072536 -23.584751
v -7.027176 11.744068 -23.584751
v -9.355644 10.779585 -23.584751
v -11.684113 11.744068 -23.584751
v -12.648596 14.072536 -23.584751
v -11.684113 16.401003 -23.584751
v -6.845798 16.582382 -21.372818
v -9.355644 17.621994 -21.372818
v -5.806185 14.072536 -21.372818
v -6.845798 11.562689 -21.372818
v -9.355644 10.523076 -21.372818
v -11.865492 11.562689 -21.372818
v -12.905105 14.072536 -21.372818
v -11.865492 16.582382 -21.372818
v 9.355644 17.797356 -23.584751
v 6.721798 16.706381 -23.584751
v 5.630824 14.072536 -23.584751
v 6.721798 11.438690 -23.584751
v 9.355644 10.347715 -23.584751
v 11.989491 11.438690 -23.584751
v 13.080465 14.072536 -23.584751
v 11.989491 16.706381 -23.584751
v 9.355644 17.797356 -21.372818
v 6.721799 16.706381 -21.372818
v 5.630824 14.072536 -21.372818
v 6.721799 11.438690 -21.372818
v 9.355644 10.347715 -21.372818
v 11.989491 11.438690 -21.372818
v 13.080465 14.072536 -21.372818
v 11.989491 16.706381 -21.372818
v 7.027176 16.401003 -23.584751
v 9.355644 17.365486 -23.584751
v 6.062693 14.072536 -23.584751
v 7.027176 11.744068 -23.584751
v 9.355644 10.779585 -23.584751
v 11.684113 11.744068 -23.584751
v 12.648596 14.072536 -23.584751
v 11.684113 16.401003 -23.584751
v 6.845798 16.582382 -21.372818
v 9.355644 17.621994 -21.372818
v 5.806185 14.072536 -21.372818
v 6.845798 11.562689 -21.372818
v 9.355644 10.523076 -21.372818
v 11.865492 11.562689 -21.372818
v 12.905105 14.072536 -21.372818
v 11.865492 16.582382 -21.372818
v 0.000003 17.782507 -23.584751
v 2.633849 16.691532 -23.584751
v 3.724824 14.057687 -23.584751
v 2.633849 11.423841 -23.584751
v 0.000003 10.332867 -23.584751
v -2.633842 11.423841 -23.584751
v -3.724817 14.057687 -23.584751
v -2.633842 16.691532 -23.584751
v 0.000003 17.782507 -21.372818
v 2.633849 16.691532 -21.372818
v 3.724823 14.057687 -21.372818
v 2.633849 11.423841 -21.372818
v 0.000003 10.332867 -21.372818
v -2.633843 11.423841 -21.372818
v -3.724818 14.057687 -21.372818
v -2.633843 16.691532 -21.372818
v 2.328471 16.386154 -23.584751
v 0.000003 17.350637 -23.584751
v 3.292955 14.057687 -23.584751
v 2.328471 11.729219 -23.584751
v 0.000003 10.764736 -23.584751
v -2.328465 11.729219 -23.584751
v -3.292948 14.057687 -23.584751
v -2.328465 16.386154 -23.584751
v 2.509850 16.567533 -21.372818
v 0.000003 17.607147 -21.372818
v 3.549463 14.057687 -21.372818
v 2.509850 11.547840 -21.372818
v 0.000003 10.508227 -21.372818
v -2.509844 11.547840 -21.372818
v -3.549457 14.057687 -21.372818
v -2.509844 16.567533 -21.372818
v -8.643503 8.516672 -23.190926
v -8.643503 10.763676 -23.190926
v -8.643503 8.516672 -21.766644
v -8.643503 10.763676 -21.766644
v -10.067785 8.516672 -23.190926
v -10.067785 10.763676 -23.190926
v -10.067785 8.516672 -21.766644
v -10.067785 10.763676 -21.766644
v -9.014232 7.370738 -22.820198
v -9.014232 7.370738 -22.137371
v -9.697057 7.370738 -22.820198
v -9.697057 7.370738 -22.137371
v 8.643503 8.516672 -23.190926
v 8.643503 10.763676 -23.190926
v 8.643503 8.516672 -21.766644
v 8.643503 10.763676 -21.766644
v 10.067785 8.516672 -23.190926
v 10.067785 10.763676 -23.190926
v 10.067785 8.516672 -21.766644
v 10.067785 10.763676 -21.766644
v 9.014232 7.370738 -22.820198
v 9.014232 7.370738 -22.137371
v 9.697057 7.370738 -22.820198
v 9.697057 7.370738 -22.137371
v 0.712144 8.460928 -23.199335
v 0.712144 10.707932 -23.199335
v 0.712144 8.460928 -21.775053
v 0.712144 10.707932 -21.775053
v -0.712138 8.460928 -23.199335
v -0.712138 10.707932 -23.199335
v -0.712138 8.460928 -21.775053
v -0.712138 10.707932 -21.775053
v 0.078724 11.405500 -23.571398
v 0.078724 16.709873 -23.571398
v 0.078724 11.405500 -23.512686
v 0.078724 16.709873 -23.512686
v -0.078717 11.405500 -23.571398
v -0.078717 16.709873 -23.571398
v -0.078717 11.405500 -23.512686
v -0.078717 16.709873 -23.512686
v 0.151190 13.173625 -23.571398
v 0.151190 14.941749 -23.571398
v 0.151190 14.941749 -23.512686
v 0.151190 13.173625 -23.512686
v -0.151184 14.941749 -23.512686
v -0.151184 13.173625 -23.512686
v -0.151184 14.941749 -23.571398
v -0.151184 13.173625 -23.571398
v 2.652189 14.136407 -23.571398
v -2.652183 14.136407 -23.571398
v 2.652189 14.136407 -23.512686
v -2.652183 14.136407 -23.512686
v 2.652189 13.978967 -23.571398
v -2.652183 13.978967 -23.571398
v 2.652189 13.978967 -23.512686
v -2.652183 13.978967 -23.512686
v 0.884065 14.208874 -23.571398
v -0.884059 14.208874 -23.571398
v -0.884059 14.208874 -23.512686
v 0.884065 14.208874 -23.512686
v -0.884059 13.906500 -23.512686
v 0.884065 13.906500 -23.512686
v -0.884059 13.906500 -23.571398
v 0.884065 13.906500 -23.571398
v -9.276924 11.420349 -23.614107
v -9.276924 16.724722 -23.614107
v -9.276924 11.420349 -23.555395
v -9.276924 16.724722 -23.555395
v -9.434364 11.420349 -23.614107
v -9.434364 16.724722 -23.614107
v -9.434364 11.420349 -23.555395
v -9.434364 16.724722 -23.555395
v -9.204457 13.188474 -23.614107
v -9.204457 14.956597 -23.614107
v -9.204457 14.956597 -23.555395
v -9.204457 13.188474 -23.555395
v -9.506831 14.956597 -23.555395
v -9.506831 13.188474 -23.555395
v -9.506831 14.956597 -23.614107
v -9.506831 13.188474 -23.614107
v -6.703458 14.151256 -23.614107
v -12.007831 14.151256 -23.614107
v -6.703458 14.151256 -23.555395
v -12.007831 14.151256 -23.555395
v -6.703458 13.993815 -23.614107
v -12.007831 13.993815 -23.614107
v -6.703458 13.993815 -23.555395
v -12.007831 13.993815 -23.555395
v -8.471582 14.223722 -23.614107
v -10.239706 14.223722 -23.614107
v -10.239706 14.223722 -23.555395
v -8.471582 14.223722 -23.555395
v -10.239706 13.921349 -23.555395
v -8.471582 13.921349 -23.555395
v -10.239706 13.921349 -23.614107
v -8.471582 13.921349 -23.614107
v 9.276924 11.420349 -23.614107
v 9.276924 16.724722 -23.614107
v 9.276924 11.420349 -23.555395
v 9.276924 16.724722 -23.555395
v 9.434364 11.420349 -23.614107
v 9.434364 16.724722 -23.614107
v 9.434364 11.420349 -23.555395
v 9.434364 16.724722 -23.555395
v 9.204457 13.188474 -23.614107
v 9.204457 14.956597 -23.614107
v 9.204457 14.956597 -23.555395
v 9.204457 13.188474 -23.555395
v 9.506831 14.956597 -23.555395
v 9.506831 13.188474 -23.555395
v 9.506831 14.956597 -23.614107
v 9.506831 13.188474 -23.614107
v 6.703458 14.151256 -23.614107
v 12.007831 14.151256 -23.614107
v 6.703458 14.151256 -23.555395
v 12.007831 14.151256 -23.555395
v 6.703458 13.993815 -23.614107
v 12.007831 13.993815 -23.614107
v 6.703458 13.993815 -23.555395
v 12.007831 13.993815 -23.555395
v 8.471582 14.223722 -23.614107
v 10.239706 14.223722 -23.614107
v 10.239706 14.223722 -23.555395
v 8.471582 14.223722 -23.555395
v 10.239706 13.921349 -23.555395
v 8.471582 13.921349 -23.555395
v 10.239706 13.921349 -23.614107
v 8.471582 13.921349 -23.614107
vn -0.9239 0.3827 -0.0000
vn -0.3827 -0.9239 -0.0000
vn 0.9239 -0.3827 -0.0000
vn 0.3827 0.9239 -0.0000
vn -0.3827 0.9239 -0.0000
vn -0.9239 -0.3827 -0.0000
vn 0.3827 -0.9239 -0.0000
vn 0.9239 0.3827 -0.0000
vn 0.9186 -0.3805 0.1065
vn 0.3805 0.9186 0.1065
vn -0.9186 0.3805 0.1065
vn -0.3805 -0.9186 0.1065
vn 0.3805 -0.9186 0.1065
vn 0.9186 0.3805 0.1065
vn -0.3805 0.9186 0.1065
vn -0.9186 -0.3805 0.1065
vn -0.0000 -0.0000 -1.0000
vn -0.0000 -0.0000 1.0000
vn 1.0000 -0.0000 -0.0000
vn -1.0000 -0.0000 -0.0000
vn -0.9514 -0.3078 -0.0000
vn -0.0000 -0.3078 -0.9514
vn -0.0000 -0.3078 0.9514
vn 0.9514 -0.3078 -0.0000
vn -0.0000 -1.0000 -0.0000
vn 0.9992 0.0410 -0.0000
vn -0.9992 0.0409 -0.0000
vn -0.0000 1.0000 -0.0000
vn -0.9992 -0.0410 -0.0000
vn 0.9992 -0.0410 -0.0000
vn -0.0410 0.9992 -0.0000
vn -0.0409 -0.9992 -0.0000
vn 0.0409 -0.9992 -0.0000
vn 0.0409 0.9992 -0.0000
vn 0.9992 0.0409 -0.0000
vn -0.9992 0.0410 -0.0000
vn 0.9992 -0.0409 -0.0000
vn -0.0410 -0.9992 -0.0000
vn 0.0410 0.9992 -0.0000
vn -0.9992 -0.0409 -0.0000
vn 0.0410 -0.9992 -0.0000
vn -0.0409 0.9992 -0.0000
vt 0.853420 0.341625
vt 0.828736 0.370713
vt 0.828999 0.341027
vt 0.858456 0.271709
vt 0.829634 0.310327
vt 0.823148 0.273469
vt 0.855094 0.473523
vt 0.829260 0.503253
vt 0.829625 0.471546
vt 0.828295 0.404158
vt 0.855586 0.440306
vt 0.828961 0.438746
vt 0.854007 0.372439
vt 0.854806 0.310308
vt 0.854645 0.505651
vt 0.823361 0.541142
vt 0.877243 0.461729
vt 0.908187 0.433798
vt 0.903840 0.466469
vt 0.870556 0.491566
vt 0.886619 0.530032
vt 0.861266 0.520698
vt 0.870556 0.310176
vt 0.903840 0.335272
vt 0.877243 0.340013
vt 0.881277 0.370323
vt 0.909640 0.400871
vt 0.882625 0.400871
vt 0.881277 0.431418
vt 0.896632 0.498631
vt 0.861266 0.281043
vt 0.896632 0.303111
vt 0.908187 0.367943
vt 0.823543 0.438792
vt 0.857868 0.440306
vt 0.856982 0.473553
vt 0.824470 0.471501
vt 0.856780 0.505556
vt 0.824337 0.502781
vt 0.858375 0.542088
vt 0.860400 0.540997
vt 0.817606 0.277035
vt 0.860608 0.272856
vt 0.856955 0.310458
vt 0.824395 0.310737
vt 0.855220 0.341652
vt 0.823666 0.370681
vt 0.824597 0.340970
vt 0.856003 0.372397
vt 0.822359 0.404178
vt 0.857154 0.405493
vt 0.855031 0.405534
vt 0.891564 0.107513
vt 0.867247 0.074498
vt 0.893450 0.075367
vt 0.893973 0.041281
vt 0.863665 0.000329
vt 0.901208 0.001864
vt 0.892818 0.228743
vt 0.867399 0.199599
vt 0.891391 0.197577
vt 0.891317 0.168926
vt 0.865816 0.139660
vt 0.890385 0.139016
vt 0.866035 0.108301
vt 0.866816 0.040757
vt 0.899809 0.268582
vt 0.867506 0.231665
vt 0.867358 0.169188
vt 0.923762 0.068633
vt 0.954706 0.096563
vt 0.927795 0.098943
vt 0.933137 0.000329
vt 0.917074 0.038795
vt 0.907785 0.009663
vt 0.950358 0.195089
vt 0.917074 0.220186
vt 0.923762 0.190348
vt 0.956159 0.129490
vt 0.927795 0.160038
vt 0.929143 0.129490
vt 0.943150 0.031731
vt 0.943150 0.227250
vt 0.907785 0.249318
vt 0.896006 0.168795
vt 0.865451 0.199611
vt 0.895765 0.197432
vt 0.865364 0.231560
vt 0.905815 0.264664
vt 0.861102 0.267981
vt 0.863451 0.269272
vt 0.907127 0.005698
vt 0.861101 0.001660
vt 0.899696 0.041807
vt 0.865137 0.074487
vt 0.898743 0.075499
vt 0.863852 0.108255
vt 0.896676 0.107686
vt 0.895324 0.138957
vt 0.864057 0.139705
vt 0.865482 0.169248
vt 0.855009 0.070349
vt 0.829905 0.103033
vt 0.829098 0.069172
vt 0.858078 0.001106
vt 0.827838 0.037516
vt 0.823374 0.000329
vt 0.858596 0.169134
vt 0.831435 0.201132
vt 0.832963 0.168723
vt 0.856488 0.103885
vt 0.831756 0.136880
vt 0.853535 0.036857
vt 0.854582 0.233645
vt 0.822192 0.267902
vt 0.829245 0.233690
vt 0.856836 0.200897
vt 0.857915 0.137157
vt 0.926275 0.461729
vt 0.957219 0.433798
vt 0.952872 0.466469
vt 0.919588 0.491566
vt 0.935651 0.530032
vt 0.910298 0.520698
vt 0.930309 0.370323
vt 0.952872 0.335272
vt 0.957219 0.367943
vt 0.930309 0.431418
vt 0.958672 0.400871
vt 0.945664 0.498631
vt 0.910298 0.281043
vt 0.945664 0.303111
vt 0.919588 0.310176
vt 0.926275 0.340013
vt 0.931656 0.400871
vt 0.860290 0.002382
vt 0.855527 0.036944
vt 0.823846 0.069382
vt 0.822976 0.037948
vt 0.857253 0.070253
vt 0.858423 0.103803
vt 0.823999 0.103265
vt 0.860106 0.137084
vt 0.826491 0.137096
vt 0.860443 0.169166
vt 0.825833 0.200796
vt 0.828227 0.168680
vt 0.858999 0.201030
vt 0.824352 0.232991
vt 0.856582 0.233661
vt 0.858608 0.269912
vt 0.856204 0.271051
vt 0.817606 0.003702
vt 0.417894 0.838735
vt 0.393782 0.861529
vt 0.387347 0.845339
vt 0.421218 0.858914
vt 0.395443 0.875955
vt 0.420991 0.878448
vt 0.392930 0.889970
vt 0.417248 0.896768
vt 0.385611 0.904863
vt 0.379912 0.875503
vt 0.378980 0.884860
vt 0.379343 0.866014
vt 0.374418 0.857877
vt 0.027130 0.918201
vt 0.000329 0.902363
vt 0.028031 0.903653
vt 0.030126 0.931785
vt 0.001741 0.921943
vt 0.038072 0.945952
vt 0.006506 0.939825
vt 0.002548 0.881638
vt 0.034046 0.886686
vt 0.043352 0.926121
vt 0.048238 0.899174
vt 0.041894 0.917210
vt 0.043423 0.907905
vt 0.467533 0.907406
vt 0.452047 0.875309
vt 0.467533 0.861920
vt 0.437385 0.900857
vt 0.445677 0.872581
vt 0.421876 0.877546
vt 0.447385 0.865891
vt 0.428074 0.854431
vt 0.492809 0.918609
vt 0.498331 0.889125
vt 0.499121 0.889236
vt 0.494831 0.901600
vt 0.494492 0.888629
vt 0.493825 0.888622
vt 0.493806 0.888622
vt 0.489794 0.888854
vt 0.496597 0.853285
vt 0.495529 0.854820
vt 0.494391 0.836376
vt 0.495259 0.903113
vt 0.494351 0.901698
vt 0.494338 0.868589
vt 0.489794 0.868141
vt 0.495005 0.868616
vt 0.495991 0.854941
vt 0.494358 0.868590
vt 0.498825 0.868422
vt 0.499517 0.868376
vt 0.526665 0.911795
vt 0.530317 0.885358
vt 0.531121 0.885438
vt 0.527325 0.902741
vt 0.526144 0.884953
vt 0.526182 0.900629
vt 0.525374 0.884945
vt 0.525548 0.900844
vt 0.521178 0.885330
vt 0.525351 0.884945
vt 0.526642 0.847150
vt 0.527323 0.836376
vt 0.528061 0.845307
vt 0.526116 0.847071
vt 0.521178 0.862913
vt 0.525602 0.863243
vt 0.526357 0.863247
vt 0.525625 0.863243
vt 0.530528 0.863002
vt 0.531308 0.862944
vt 0.504130 0.896038
vt 0.504747 0.882096
vt 0.505403 0.882128
vt 0.503699 0.895998
vt 0.500875 0.882193
vt 0.502871 0.897422
vt 0.500175 0.882231
vt 0.505154 0.916627
vt 0.505424 0.882129
vt 0.510117 0.882605
vt 0.504586 0.844864
vt 0.506231 0.846675
vt 0.505631 0.846868
vt 0.510117 0.861330
vt 0.505342 0.836376
vt 0.506170 0.861653
vt 0.501503 0.861200
vt 0.500748 0.861112
vt 0.505424 0.861632
vt 0.506149 0.861653
vt 0.514931 0.836376
vt 0.511545 0.861951
vt 0.510775 0.861880
vt 0.514317 0.845273
vt 0.515775 0.862215
vt 0.515657 0.847421
vt 0.516481 0.862208
vt 0.515796 0.862215
vt 0.516189 0.847216
vt 0.520456 0.861853
vt 0.514715 0.897575
vt 0.516190 0.916053
vt 0.513894 0.899020
vt 0.516266 0.882950
vt 0.515258 0.897618
vt 0.520519 0.883369
vt 0.515538 0.882923
vt 0.511496 0.883199
vt 0.515517 0.882922
vt 0.510775 0.883257
vt 0.470343 0.890205
vt 0.475845 0.919481
vt 0.469561 0.890316
vt 0.474153 0.889710
vt 0.473402 0.904097
vt 0.474815 0.889702
vt 0.473826 0.902594
vt 0.478817 0.889930
vt 0.474302 0.902692
vt 0.474834 0.889702
vt 0.474263 0.836376
vt 0.472690 0.856337
vt 0.471897 0.854946
vt 0.473110 0.856302
vt 0.478817 0.869374
vt 0.474260 0.869832
vt 0.473602 0.869859
vt 0.474240 0.869833
vt 0.469836 0.869715
vt 0.469155 0.869673
vt 0.480662 0.890205
vt 0.486165 0.919481
vt 0.479880 0.890316
vt 0.484473 0.889710
vt 0.483722 0.904097
vt 0.485135 0.889702
vt 0.484146 0.902594
vt 0.489136 0.889930
vt 0.484622 0.902692
vt 0.485154 0.889702
vt 0.484582 0.836376
vt 0.483010 0.856337
vt 0.482216 0.854946
vt 0.483429 0.856302
vt 0.489136 0.869374
vt 0.484580 0.869832
vt 0.483922 0.869859
vt 0.484560 0.869833
vt 0.480156 0.869715
vt 0.479475 0.869673
vt 0.886619 0.271709
vt 0.817607 0.537485
vt 0.950358 0.063892
vt 0.954706 0.162418
vt 0.933137 0.258652
vt 0.898241 0.228132
vt 0.864725 0.040866
vt 0.935651 0.271709
vt 0.817606 0.264752
vt 0.411840 0.913394
vt 0.374418 0.892610
vt 0.012783 0.955855
vt 0.048238 0.933388
vt 0.442770 0.838735
s 0
f 5486/6211/3101 5479/6212/3101 5478/6213/3101
f 5484/6214/3102 5477/6215/3102 5476/6216/3102
f 5482/6217/3103 5475/6218/3103 5474/6219/3103
f 5472/6220/3104 5481/6221/3104 5473/6222/3104
f 5487/6223/3105 5472/6220/3105 5479/6212/3105
f 5485/6224/3106 5478/6213/3106 5477/6215/3106
f 5483/6225/3107 5476/6226/3107 5475/6218/3107
f 5481/6221/3108 5474/6219/3108 5473/6222/3108
f 5494/6227/3109 5503/6228/3109 5502/6229/3109
f 5493/6230/3110 5500/6231/3110 5492/6232/3110
f 5491/6233/3111 5498/6234/3111 5490/6235/3111
f 5488/6236/3112 5497/6237/3112 5489/6238/3112
f 5489/6238/3113 5503/6228/3113 5495/6239/3113
f 5494/6227/3114 5501/6240/3114 5493/6230/3114
f 5492/6241/3115 5499/6242/3115 5491/6233/3115
f 5490/6235/3116 5496/6243/3116 5488/6236/3116
f 5474/6219/3117 5488/6244/3117 5473/6222/3117
f 5482/6217/3118 5496/6245/3118 5498/6246/3118
f 5475/6218/3117 5490/6247/3117 5474/6219/3117
f 5482/6217/3118 5499/6248/3118 5483/6225/3118
f 5476/6226/3117 5491/6249/3117 5475/6218/3117
f 5484/6250/3118 5499/6248/3118 5500/6251/3118
f 5477/6215/3117 5492/6252/3117 5476/6216/3117
f 5485/6224/3118 5500/6253/3118 5501/6254/3118
f 5478/6213/3117 5493/6255/3117 5477/6215/3117
f 5486/6211/3118 5501/6254/3118 5502/6256/3118
f 5478/6213/3117 5495/6257/3117 5494/6258/3117
f 5486/6211/3118 5503/6259/3118 5487/6223/3118
f 5479/6212/3117 5489/6260/3117 5495/6257/3117
f 5473/6222/3117 5489/6260/3117 5472/6220/3117
f 5487/6223/3118 5497/6261/3118 5480/6262/3118
f 5480/6262/3118 5496/6245/3118 5481/6221/3118
f 5511/6263/3108 5518/6264/3108 5510/6265/3108
f 5509/6266/3107 5516/6267/3107 5508/6268/3107
f 5507/6269/3106 5514/6270/3106 5506/6271/3106
f 5505/6272/3105 5512/6273/3105 5504/6274/3105
f 5504/6274/3104 5519/6275/3104 5511/6263/3104
f 5510/6265/3103 5517/6276/3103 5509/6266/3103
f 5508/6277/3102 5515/6278/3102 5507/6269/3102
f 5506/6271/3101 5513/6279/3101 5505/6272/3101
f 5526/6280/3116 5535/6281/3116 5527/6282/3116
f 5532/6283/3115 5525/6284/3115 5524/6285/3115
f 5530/6286/3114 5523/6287/3114 5522/6288/3114
f 5529/6289/3113 5520/6290/3113 5521/6291/3113
f 5535/6281/3112 5521/6291/3112 5527/6282/3112
f 5533/6292/3111 5526/6280/3111 5525/6284/3111
f 5531/6293/3110 5524/6294/3110 5523/6287/3110
f 5520/6290/3109 5530/6286/3109 5522/6288/3109
f 5520/6295/3117 5506/6271/3117 5505/6272/3117
f 5530/6296/3118 5513/6279/3118 5514/6270/3118
f 5522/6297/3117 5507/6269/3117 5506/6271/3117
f 5531/6298/3118 5514/6270/3118 5515/6278/3118
f 5507/6269/3117 5524/6299/3117 5508/6277/3117
f 5532/6300/3118 5515/6278/3118 5516/6301/3118
f 5524/6302/3117 5509/6266/3117 5508/6268/3117
f 5517/6276/3118 5532/6303/3118 5516/6267/3118
f 5525/6304/3117 5510/6265/3117 5509/6266/3117
f 5534/6305/3118 5517/6276/3118 5518/6264/3118
f 5526/6306/3117 5511/6263/3117 5510/6265/3117
f 5535/6307/3118 5518/6264/3118 5519/6275/3118
f 5527/6308/3117 5504/6274/3117 5511/6263/3117
f 5521/6309/3117 5505/6272/3117 5504/6274/3117
f 5529/6310/3118 5519/6275/3118 5512/6273/3118
f 5528/6311/3118 5512/6273/3118 5513/6279/3118
f 5547/6312/3107 5540/6313/3107 5539/6314/3107
f 5545/6315/3108 5538/6316/3108 5537/6317/3108
f 5550/6318/3101 5543/6319/3101 5542/6320/3101
f 5548/6321/3102 5541/6322/3102 5540/6313/3102
f 5546/6323/3103 5539/6314/3103 5538/6316/3103
f 5544/6324/3104 5537/6325/3104 5536/6326/3104
f 5551/6327/3105 5536/6326/3105 5543/6319/3105
f 5549/6328/3106 5542/6320/3106 5541/6322/3106
f 5555/6329/3115 5564/6330/3115 5563/6331/3115
f 5554/6332/3116 5560/6333/3116 5552/6334/3116
f 5558/6335/3109 5567/6336/3109 5566/6337/3109
f 5556/6338/3110 5565/6339/3110 5564/6330/3110
f 5555/6329/3111 5562/6340/3111 5554/6332/3111
f 5552/6341/3112 5561/6342/3112 5553/6343/3112
f 5553/6343/3113 5567/6336/3113 5559/6344/3113
f 5558/6335/3114 5565/6339/3114 5557/6345/3114
f 5546/6323/3118 5560/6346/3118 5562/6347/3118
f 5538/6316/3117 5555/6348/3117 5554/6349/3117
f 5546/6323/3118 5563/6350/3118 5547/6312/3118
f 5540/6313/3117 5555/6348/3117 5539/6314/3117
f 5548/6321/3118 5563/6350/3118 5564/6351/3118
f 5541/6322/3117 5556/6352/3117 5540/6313/3117
f 5548/6321/3118 5565/6353/3118 5549/6328/3118
f 5542/6320/3117 5557/6354/3117 5541/6322/3117
f 5550/6318/3118 5565/6353/3118 5566/6355/3118
f 5542/6320/3117 5559/6356/3117 5558/6357/3117
f 5551/6327/3118 5566/6355/3118 5567/6358/3118
f 5536/6326/3117 5559/6356/3117 5543/6319/3117
f 5537/6325/3117 5553/6359/3117 5536/6326/3117
f 5544/6324/3118 5567/6358/3118 5561/6360/3118
f 5544/6324/3118 5560/6361/3118 5545/6362/3118
f 5538/6316/3117 5552/6363/3117 5537/6317/3117
f 5569/6364/3119 5570/6365/3119 5568/6366/3119
f 5571/6367/3118 5574/6368/3118 5570/6365/3118
f 5575/6369/3120 5572/6370/3120 5574/6368/3120
f 5573/6371/3117 5568/6372/3117 5572/6370/3117
f 5572/6370/3121 5579/6373/3121 5574/6368/3121
f 5568/6372/3122 5578/6374/3122 5572/6370/3122
f 5574/6368/3123 5577/6375/3123 5570/6365/3123
f 5570/6365/3124 5576/6376/3124 5568/6366/3124
f 5582/6377/3120 5581/6378/3120 5580/6379/3120
f 5586/6380/3118 5583/6381/3118 5582/6377/3118
f 5584/6382/3119 5587/6383/3119 5586/6380/3119
f 5580/6379/3117 5585/6384/3117 5584/6385/3117
f 5591/6386/3124 5584/6382/3124 5586/6380/3124
f 5590/6387/3122 5580/6379/3122 5584/6385/3122
f 5589/6388/3123 5586/6380/3123 5582/6377/3123
f 5588/6389/3121 5582/6377/3121 5580/6379/3121
f 5593/6390/3119 5594/6391/3119 5592/6392/3119
f 5595/6393/3118 5598/6394/3118 5594/6391/3118
f 5599/6395/3120 5596/6396/3120 5598/6394/3120
f 5597/6397/3117 5592/6392/3117 5596/6396/3117
f 5594/6391/3125 5596/6396/3125 5592/6392/3125
f 5601/6398/3126 5610/6399/3126 5609/6400/3126
f 5610/6399/3118 5607/6401/3118 5612/6402/3118
f 5607/6401/3127 5614/6403/3127 5612/6402/3127
f 5614/6404/3117 5601/6398/3117 5609/6405/3117
f 5602/6406/3125 5604/6407/3125 5600/6408/3125
f 5603/6409/3128 5605/6410/3128 5607/6401/3128
f 5615/6411/3117 5600/6408/3117 5604/6407/3117
f 5614/6404/3117 5608/6412/3117 5615/6411/3117
f 5613/6413/3129 5604/6407/3129 5606/6414/3129
f 5612/6402/3120 5615/6415/3120 5613/6413/3120
f 5611/6416/3118 5606/6414/3118 5602/6406/3118
f 5610/6399/3118 5613/6413/3118 5611/6416/3118
f 5608/6417/3130 5602/6406/3130 5600/6408/3130
f 5609/6400/3119 5611/6416/3119 5608/6417/3119
f 5617/6418/3131 5626/6419/3131 5625/6420/3131
f 5619/6421/3118 5628/6422/3118 5626/6419/3118
f 5623/6423/3132 5630/6424/3132 5628/6422/3132
f 5621/6425/3117 5625/6426/3117 5630/6427/3117
f 5622/6428/3119 5616/6429/3119 5618/6430/3119
f 5619/6421/3120 5621/6425/3120 5623/6423/3120
f 5620/6431/3117 5624/6432/3117 5616/6429/3117
f 5630/6427/3117 5624/6432/3117 5631/6433/3117
f 5629/6434/3133 5620/6431/3133 5622/6428/3133
f 5628/6422/3125 5631/6435/3125 5629/6434/3125
f 5618/6430/3118 5629/6434/3118 5622/6428/3118
f 5626/6419/3118 5629/6434/3118 5627/6436/3118
f 5624/6437/3134 5618/6430/3134 5616/6429/3134
f 5625/6420/3128 5627/6436/3128 5624/6437/3128
f 5633/6438/3135 5642/6439/3135 5641/6440/3135
f 5635/6441/3118 5644/6442/3118 5642/6439/3118
f 5639/6443/3136 5646/6444/3136 5644/6442/3136
f 5637/6445/3117 5641/6446/3117 5646/6447/3117
f 5638/6448/3125 5632/6449/3125 5634/6450/3125
f 5635/6441/3128 5637/6445/3128 5639/6443/3128
f 5647/6451/3117 5632/6449/3117 5636/6452/3117
f 5646/6447/3117 5640/6453/3117 5647/6451/3117
f 5645/6454/3129 5636/6452/3129 5638/6448/3129
f 5644/6442/3120 5647/6455/3120 5645/6454/3120
f 5643/6456/3118 5638/6448/3118 5634/6450/3118
f 5642/6439/3118 5645/6454/3118 5643/6456/3118
f 5640/6457/3137 5634/6450/3137 5632/6449/3137
f 5641/6440/3119 5643/6456/3119 5640/6457/3119
f 5649/6458/3131 5658/6459/3131 5657/6460/3131
f 5651/6461/3118 5660/6462/3118 5658/6459/3118
f 5655/6463/3138 5662/6464/3138 5660/6465/3138
f 5653/6466/3117 5657/6467/3117 5662/6464/3117
f 5654/6468/3119 5648/6469/3119 5650/6470/3119
f 5651/6461/3120 5653/6466/3120 5655/6463/3120
f 5663/6471/3117 5648/6469/3117 5652/6472/3117
f 5662/6464/3117 5656/6473/3117 5663/6471/3117
f 5661/6474/3133 5652/6472/3133 5654/6468/3133
f 5660/6465/3125 5663/6471/3125 5661/6474/3125
f 5659/6475/3118 5654/6468/3118 5650/6470/3118
f 5658/6459/3118 5661/6476/3118 5659/6475/3118
f 5656/6477/3139 5650/6470/3139 5648/6469/3139
f 5657/6460/3128 5659/6475/3128 5656/6477/3128
f 5674/6478/3127 5665/6479/3127 5673/6480/3127
f 5676/6481/3118 5667/6482/3118 5674/6478/3118
f 5678/6483/3126 5671/6484/3126 5676/6481/3126
f 5673/6485/3117 5669/6486/3117 5678/6487/3117
f 5664/6488/3125 5670/6489/3125 5666/6490/3125
f 5669/6486/3128 5667/6482/3128 5671/6484/3128
f 5668/6491/3117 5672/6492/3117 5679/6493/3117
f 5672/6492/3117 5678/6487/3117 5679/6493/3117
f 5668/6491/3130 5677/6494/3130 5670/6489/3130
f 5679/6495/3119 5676/6481/3119 5677/6494/3119
f 5666/6490/3118 5677/6494/3118 5675/6496/3118
f 5677/6494/3118 5674/6478/3118 5675/6496/3118
f 5666/6490/3140 5672/6497/3140 5664/6488/3140
f 5675/6496/3120 5673/6480/3120 5672/6497/3120
f 5690/6498/3139 5681/6499/3139 5689/6500/3139
f 5692/6501/3118 5683/6502/3118 5690/6498/3118
f 5694/6503/3141 5687/6504/3141 5692/6501/3141
f 5689/6505/3117 5685/6506/3117 5694/6507/3117
f 5680/6508/3120 5686/6509/3120 5682/6510/3120
f 5685/6506/3119 5683/6502/3119 5687/6504/3119
f 5684/6511/3117 5688/6512/3117 5695/6513/3117
f 5688/6512/3117 5694/6507/3117 5695/6513/3117
f 5684/6511/3132 5693/6514/3132 5686/6509/3132
f 5695/6515/3125 5692/6501/3125 5693/6514/3125
f 5682/6510/3118 5693/6514/3118 5691/6516/3118
f 5693/6514/3118 5690/6498/3118 5691/6516/3118
f 5682/6510/3131 5688/6517/3131 5680/6508/3131
f 5691/6516/3128 5689/6500/3128 5688/6517/3128
f 5486/6211/3101 5487/6223/3101 5479/6212/3101
f 5484/6214/3102 5485/6224/3102 5477/6215/3102
f 5482/6217/3103 5483/6225/3103 5475/6218/3103
f 5472/6220/3104 5480/6262/3104 5481/6221/3104
f 5487/6223/3105 5480/6262/3105 5472/6220/3105
f 5485/6224/3106 5486/6211/3106 5478/6213/3106
f 5483/6225/3107 5484/6250/3107 5476/6226/3107
f 5481/6221/3108 5482/6217/3108 5474/6219/3108
f 5494/6227/3109 5495/6239/3109 5503/6228/3109
f 5493/6230/3110 5501/6240/3110 5500/6231/3110
f 5491/6233/3111 5499/6242/3111 5498/6234/3111
f 5488/6236/3112 5496/6243/3112 5497/6237/3112
f 5489/6238/3113 5497/6237/3113 5503/6228/3113
f 5494/6227/3114 5502/6229/3114 5501/6240/3114
f 5492/6241/3115 5500/6518/3115 5499/6242/3115
f 5490/6235/3116 5498/6234/3116 5496/6243/3116
f 5474/6219/3117 5490/6247/3117 5488/6244/3117
f 5482/6217/3118 5481/6221/3118 5496/6245/3118
f 5475/6218/3117 5491/6249/3117 5490/6247/3117
f 5482/6217/3118 5498/6246/3118 5499/6248/3118
f 5476/6226/3117 5492/6519/3117 5491/6249/3117
f 5484/6250/3118 5483/6225/3118 5499/6248/3118
f 5477/6215/3117 5493/6255/3117 5492/6252/3117
f 5485/6224/3118 5484/6214/3118 5500/6253/3118
f 5478/6213/3117 5494/6258/3117 5493/6255/3117
f 5486/6211/3118 5485/6224/3118 5501/6254/3118
f 5478/6213/3117 5479/6212/3117 5495/6257/3117
f 5486/6211/3118 5502/6256/3118 5503/6259/3118
f 5479/6212/3117 5472/6220/3117 5489/6260/3117
f 5473/6222/3117 5488/6244/3117 5489/6260/3117
f 5487/6223/3118 5503/6259/3118 5497/6261/3118
f 5480/6262/3118 5497/6261/3118 5496/6245/3118
f 5511/6263/3108 5519/6275/3108 5518/6264/3108
f 5509/6266/3107 5517/6276/3107 5516/6267/3107
f 5507/6269/3106 5515/6278/3106 5514/6270/3106
f 5505/6272/3105 5513/6279/3105 5512/6273/3105
f 5504/6274/3104 5512/6273/3104 5519/6275/3104
f 5510/6265/3103 5518/6264/3103 5517/6276/3103
f 5508/6277/3102 5516/6301/3102 5515/6278/3102
f 5506/6271/3101 5514/6270/3101 5513/6279/3101
f 5526/6280/3116 5534/6520/3116 5535/6281/3116
f 5532/6283/3115 5533/6292/3115 5525/6284/3115
f 5530/6286/3114 5531/6293/3114 5523/6287/3114
f 5529/6289/3113 5528/6521/3113 5520/6290/3113
f 5535/6281/3112 5529/6289/3112 5521/6291/3112
f 5533/6292/3111 5534/6520/3111 5526/6280/3111
f 5531/6293/3110 5532/6522/3110 5524/6294/3110
f 5520/6290/3109 5528/6521/3109 5530/6286/3109
f 5520/6295/3117 5522/6297/3117 5506/6271/3117
f 5530/6296/3118 5528/6311/3118 5513/6279/3118
f 5522/6297/3117 5523/6523/3117 5507/6269/3117
f 5531/6298/3118 5530/6296/3118 5514/6270/3118
f 5507/6269/3117 5523/6523/3117 5524/6299/3117
f 5532/6300/3118 5531/6298/3118 5515/6278/3118
f 5524/6302/3117 5525/6304/3117 5509/6266/3117
f 5517/6276/3118 5533/6524/3118 5532/6303/3118
f 5525/6304/3117 5526/6306/3117 5510/6265/3117
f 5534/6305/3118 5533/6524/3118 5517/6276/3118
f 5526/6306/3117 5527/6308/3117 5511/6263/3117
f 5535/6307/3118 5534/6305/3118 5518/6264/3118
f 5527/6308/3117 5521/6309/3117 5504/6274/3117
f 5521/6309/3117 5520/6295/3117 5505/6272/3117
f 5529/6310/3118 5535/6307/3118 5519/6275/3118
f 5528/6311/3118 5529/6310/3118 5512/6273/3118
f 5547/6312/3107 5548/6321/3107 5540/6313/3107
f 5545/6315/3108 5546/6323/3108 5538/6316/3108
f 5550/6318/3101 5551/6327/3101 5543/6319/3101
f 5548/6321/3102 5549/6328/3102 5541/6322/3102
f 5546/6323/3103 5547/6312/3103 5539/6314/3103
f 5544/6324/3104 5545/6362/3104 5537/6325/3104
f 5551/6327/3105 5544/6324/3105 5536/6326/3105
f 5549/6328/3106 5550/6318/3106 5542/6320/3106
f 5555/6329/3115 5556/6338/3115 5564/6330/3115
f 5554/6332/3116 5562/6340/3116 5560/6333/3116
f 5558/6335/3109 5559/6344/3109 5567/6336/3109
f 5556/6338/3110 5557/6345/3110 5565/6339/3110
f 5555/6329/3111 5563/6331/3111 5562/6340/3111
f 5552/6341/3112 5560/6525/3112 5561/6342/3112
f 5553/6343/3113 5561/6342/3113 5567/6336/3113
f 5558/6335/3114 5566/6337/3114 5565/6339/3114
f 5546/6323/3118 5545/6315/3118 5560/6346/3118
f 5538/6316/3117 5539/6314/3117 5555/6348/3117
f 5546/6323/3118 5562/6347/3118 5563/6350/3118
f 5540/6313/3117 5556/6352/3117 5555/6348/3117
f 5548/6321/3118 5547/6312/3118 5563/6350/3118
f 5541/6322/3117 5557/6354/3117 5556/6352/3117
f 5548/6321/3118 5564/6351/3118 5565/6353/3118
f 5542/6320/3117 5558/6357/3117 5557/6354/3117
f 5550/6318/3118 5549/6328/3118 5565/6353/3118
f 5542/6320/3117 5543/6319/3117 5559/6356/3117
f 5551/6327/3118 5550/6318/3118 5566/6355/3118
f 5536/6326/3117 5553/6359/3117 5559/6356/3117
f 5537/6325/3117 5552/6526/3117 5553/6359/3117
f 5544/6324/3118 5551/6327/3118 5567/6358/3118
f 5544/6324/3118 5561/6360/3118 5560/6361/3118
f 5538/6316/3117 5554/6349/3117 5552/6363/3117
f 5569/6364/3119 5571/6367/3119 5570/6365/3119
f 5571/6367/3118 5575/6369/3118 5574/6368/3118
f 5575/6369/3120 5573/6371/3120 5572/6370/3120
f 5573/6371/3117 5569/6527/3117 5568/6372/3117
f 5572/6370/3121 5578/6374/3121 5579/6373/3121
f 5568/6372/3122 5576/6528/3122 5578/6374/3122
f 5574/6368/3123 5579/6373/3123 5577/6375/3123
f 5570/6365/3124 5577/6375/3124 5576/6376/3124
f 5582/6377/3120 5583/6381/3120 5581/6378/3120
f 5586/6380/3118 5587/6383/3118 5583/6381/3118
f 5584/6382/3119 5585/6529/3119 5587/6383/3119
f 5580/6379/3117 5581/6378/3117 5585/6384/3117
f 5591/6386/3124 5590/6530/3124 5584/6382/3124
f 5590/6387/3122 5588/6389/3122 5580/6379/3122
f 5589/6388/3123 5591/6386/3123 5586/6380/3123
f 5588/6389/3121 5589/6388/3121 5582/6377/3121
f 5593/6390/3119 5595/6393/3119 5594/6391/3119
f 5595/6393/3118 5599/6395/3118 5598/6394/3118
f 5599/6395/3120 5597/6397/3120 5596/6396/3120
f 5597/6397/3117 5593/6531/3117 5592/6392/3117
f 5594/6391/3125 5598/6394/3125 5596/6396/3125
f 5601/6398/3135 5603/6409/3135 5610/6399/3135
f 5610/6399/3118 5603/6409/3118 5607/6401/3118
f 5607/6401/3136 5605/6410/3136 5614/6403/3136
f 5614/6404/3117 5605/6410/3117 5601/6398/3117
f 5602/6406/3125 5606/6414/3125 5604/6407/3125
f 5603/6409/3128 5601/6398/3128 5605/6410/3128
f 5615/6411/3117 5608/6412/3117 5600/6408/3117
f 5614/6404/3117 5609/6405/3117 5608/6412/3117
f 5613/6413/3129 5615/6415/3129 5604/6407/3129
f 5612/6402/3120 5614/6403/3120 5615/6415/3120
f 5611/6416/3118 5613/6413/3118 5606/6414/3118
f 5610/6399/3118 5612/6402/3118 5613/6413/3118
f 5608/6417/3137 5611/6416/3137 5602/6406/3137
f 5609/6400/3119 5610/6399/3119 5611/6416/3119
f 5617/6418/3142 5619/6421/3142 5626/6419/3142
f 5619/6421/3118 5623/6423/3118 5628/6422/3118
f 5623/6423/3132 5621/6425/3132 5630/6424/3132
f 5621/6425/3117 5617/6418/3117 5625/6426/3117
f 5622/6428/3119 5620/6431/3119 5616/6429/3119
f 5619/6421/3120 5617/6418/3120 5621/6425/3120
f 5620/6431/3117 5631/6433/3117 5624/6432/3117
f 5630/6427/3117 5625/6426/3117 5624/6432/3117
f 5629/6434/3133 5631/6435/3133 5620/6431/3133
f 5628/6422/3125 5630/6424/3125 5631/6435/3125
f 5618/6430/3118 5627/6436/3118 5629/6434/3118
f 5626/6419/3118 5628/6422/3118 5629/6434/3118
f 5624/6437/3139 5627/6436/3139 5618/6430/3139
f 5625/6420/3128 5626/6419/3128 5627/6436/3128
f 5633/6438/3126 5635/6441/3126 5642/6439/3126
f 5635/6441/3118 5639/6443/3118 5644/6442/3118
f 5639/6443/3127 5637/6445/3127 5646/6444/3127
f 5637/6445/3117 5633/6438/3117 5641/6446/3117
f 5638/6448/3125 5636/6452/3125 5632/6449/3125
f 5635/6441/3128 5633/6438/3128 5637/6445/3128
f 5647/6451/3117 5640/6453/3117 5632/6449/3117
f 5646/6447/3117 5641/6446/3117 5640/6453/3117
f 5645/6454/3140 5647/6455/3140 5636/6452/3140
f 5644/6442/3120 5646/6444/3120 5647/6455/3120
f 5643/6456/3118 5645/6454/3118 5638/6448/3118
f 5642/6439/3118 5644/6442/3118 5645/6454/3118
f 5640/6457/3130 5643/6456/3130 5634/6450/3130
f 5641/6440/3119 5642/6439/3119 5643/6456/3119
f 5649/6458/3142 5651/6461/3142 5658/6459/3142
f 5651/6461/3118 5655/6463/3118 5660/6462/3118
f 5655/6463/3138 5653/6466/3138 5662/6464/3138
f 5653/6466/3117 5649/6458/3117 5657/6467/3117
f 5654/6468/3119 5652/6472/3119 5648/6469/3119
f 5651/6461/3120 5649/6458/3120 5653/6466/3120
f 5663/6471/3117 5656/6473/3117 5648/6469/3117
f 5662/6464/3117 5657/6467/3117 5656/6473/3117
f 5661/6474/3141 5663/6471/3141 5652/6472/3141
f 5660/6465/3125 5662/6464/3125 5663/6471/3125
f 5659/6475/3118 5661/6476/3118 5654/6468/3118
f 5658/6459/3118 5660/6462/3118 5661/6476/3118
f 5656/6477/3134 5659/6475/3134 5650/6470/3134
f 5657/6460/3128 5658/6459/3128 5659/6475/3128
f 5674/6478/3136 5667/6482/3136 5665/6479/3136
f 5676/6481/3118 5671/6484/3118 5667/6482/3118
f 5678/6483/3135 5669/6486/3135 5671/6484/3135
f 5673/6485/3117 5665/6479/3117 5669/6486/3117
f 5664/6488/3125 5668/6491/3125 5670/6489/3125
f 5669/6486/3128 5665/6479/3128 5667/6482/3128
f 5668/6491/3117 5664/6488/3117 5672/6492/3117
f 5672/6492/3117 5673/6485/3117 5678/6487/3117
f 5668/6491/3137 5679/6495/3137 5677/6494/3137
f 5679/6495/3119 5678/6483/3119 5676/6481/3119
f 5666/6490/3118 5670/6489/3118 5677/6494/3118
f 5677/6494/3118 5676/6481/3118 5674/6478/3118
f 5666/6490/3129 5675/6496/3129 5672/6497/3129
f 5675/6496/3120 5674/6478/3120 5673/6480/3120
f 5690/6498/3134 5683/6502/3134 5681/6499/3134
f 5692/6501/3118 5687/6504/3118 5683/6502/3118
f 5694/6503/3141 5685/6506/3141 5687/6504/3141
f 5689/6505/3117 5681/6499/3117 5685/6506/3117
f 5680/6508/3120 5684/6511/3120 5686/6509/3120
f 5685/6506/3119 5681/6499/3119 5683/6502/3119
f 5684/6511/3117 5680/6508/3117 5688/6512/3117
f 5688/6512/3117 5689/6505/3117 5694/6507/3117
f 5684/6511/3138 5695/6515/3138 5693/6514/3138
f 5695/6515/3125 5694/6503/3125 5692/6501/3125
f 5682/6510/3118 5686/6509/3118 5693/6514/3118
f 5693/6514/3118 5692/6501/3118 5690/6498/3118
f 5682/6510/3142 5691/6516/3142 5688/6517/3142
f 5691/6516/3128 5690/6498/3128 5689/6500/3128
